day_index,hour,node_id,channel,rssi_dbm,occupied,sensing_confidence,split,dow
0,0,NODE1,CH21,-95.31,0,0.689,train,0
0,0,NODE2,CH21,-100.35,0,0.45,train,0
0,0,NODE3,CH21,-101.22,0,0.544,train,0
0,0,NODE4,CH21,-101.32,0,0.74,train,0
0,0,NODE5,CH21,-99.46,0,0.417,train,0
0,0,NODE6,CH21,-99.67,0,0.445,train,0
0,0,NODE7,CH21,-97.17,0,0.716,train,0
0,0,NODE8,CH21,-95.98,0,0.783,train,0
0,0,NODE1,CH22,-100.64,0,0.652,train,0
0,0,NODE2,CH22,-95.85,0,0.409,train,0
0,0,NODE3,CH22,-97.42,0,0.436,train,0
0,0,NODE4,CH22,-96.89,0,0.74,train,0
0,0,NODE5,CH22,-101.29,0,0.376,train,0
0,0,NODE6,CH22,-96.19,0,0.44,train,0
0,0,NODE7,CH22,-93.87,0,0.719,train,0
0,0,NODE8,CH22,-97.23,0,0.792,train,0
0,0,NODE1,CH23,-95.85,0,0.659,train,0
0,0,NODE2,CH23,-101.89,0,0.362,train,0
0,0,NODE3,CH23,-98.6,0,0.462,train,0
0,0,NODE4,CH23,-99.29,0,0.794,train,0
0,0,NODE5,CH23,-98.96,0,0.0,train,0
0,0,NODE6,CH23,-98.06,0,0.405,train,0
0,0,NODE7,CH23,-101.91,0,0.71,train,0
0,0,NODE8,CH23,-97.43,0,0.771,train,0
0,0,NODE1,CH24,-96.27,0,0.7,train,0
0,0,NODE2,CH24,-92.8,0,0.372,train,0
0,0,NODE3,CH24,-97.47,0,0.477,train,0
0,0,NODE4,CH24,-95.98,0,0.765,train,0
0,0,NODE5,CH24,-92.37,0,0.408,train,0
0,0,NODE6,CH24,-101.07,0,0.42,train,0
0,0,NODE7,CH24,-97.99,0,0.0,train,0
0,0,NODE8,CH24,-95.15,0,0.806,train,0
0,0,NODE1,CH25,-96.19,0,0.658,train,0
0,0,NODE2,CH25,-95.62,0,0.447,train,0
0,0,NODE3,CH25,-101.91,0,0.529,train,0
0,0,NODE4,CH25,-92.0,0,0.721,train,0
0,0,NODE5,CH25,-99.52,0,0.377,train,0
0,0,NODE6,CH25,-98.73,0,0.393,train,0
0,0,NODE7,CH25,-93.16,0,0.693,train,0
0,0,NODE8,CH25,-95.68,0,0.773,train,0
0,0,NODE1,CH26,-99.5,0,0.726,train,0
0,0,NODE2,CH26,-99.64,0,0.42,train,0
0,0,NODE3,CH26,-98.21,0,0.551,train,0
0,0,NODE4,CH26,-97.7,0,0.856,train,0
0,0,NODE5,CH26,-99.72,0,0.415,train,0
0,0,NODE6,CH26,-96.72,0,0.436,train,0
0,0,NODE7,CH26,-90.76,0,0.681,train,0
0,0,NODE8,CH26,-91.69,0,0.729,train,0
0,0,NODE1,CH27,-41.09,1,0.705,train,0
0,0,NODE2,CH27,-48.8,1,0.395,train,0
0,0,NODE3,CH27,-44.95,1,0.521,train,0
0,0,NODE4,CH27,-40.12,1,0.771,train,0
0,0,NODE5,CH27,-50.12,1,0.401,train,0
0,0,NODE6,CH27,-49.61,1,0.415,train,0
0,0,NODE7,CH27,-40.07,1,0.715,train,0
0,0,NODE8,CH27,-38.44,1,0.795,train,0
0,0,NODE1,CH28,-93.41,0,0.652,train,0
0,0,NODE2,CH28,-99.63,0,0.414,train,0
0,0,NODE3,CH28,-99.52,0,0.536,train,0
0,0,NODE4,CH28,-94.21,0,0.736,train,0
0,0,NODE5,CH28,-96.04,0,0.374,train,0
0,0,NODE6,CH28,-97.57,0,0.41,train,0
0,0,NODE7,CH28,-95.54,0,0.75,train,0
0,0,NODE8,CH28,-92.04,0,0.782,train,0
0,0,NODE1,CH29,-94.93,0,0.661,train,0
0,0,NODE2,CH29,-94.42,0,0.422,train,0
0,0,NODE3,CH29,-92.32,0,0.492,train,0
0,0,NODE4,CH29,-95.78,0,0.801,train,0
0,0,NODE5,CH29,-98.83,0,0.439,train,0
0,0,NODE6,CH29,-97.67,0,0.35,train,0
0,0,NODE7,CH29,-97.38,0,0.723,train,0
0,0,NODE8,CH29,-93.51,0,0.765,train,0
0,0,NODE1,CH30,-98.36,0,0.717,train,0
0,0,NODE2,CH30,-94.41,0,0.0,train,0
0,0,NODE3,CH30,-99.44,0,0.522,train,0
0,0,NODE4,CH30,-93.28,0,0.769,train,0
0,0,NODE5,CH30,-101.16,0,0.382,train,0
0,0,NODE6,CH30,-101.87,0,0.342,train,0
0,0,NODE7,CH30,-90.35,0,0.737,train,0
0,0,NODE8,CH30,-90.73,0,0.795,train,0
0,0,NODE1,CH31,-98.69,0,0.684,train,0
0,0,NODE2,CH31,-95.38,0,0.395,train,0
0,0,NODE3,CH31,-97.4,0,0.53,train,0
0,0,NODE4,CH31,-93.91,0,0.767,train,0
0,0,NODE5,CH31,-102.64,0,0.363,train,0
0,0,NODE6,CH31,-97.26,0,0.4,train,0
0,0,NODE7,CH31,-98.02,0,0.709,train,0
0,0,NODE8,CH31,-97.34,0,0.808,train,0
0,0,NODE1,CH32,-95.27,0,0.684,train,0
0,0,NODE2,CH32,-106.1,0,0.41,train,0
0,0,NODE3,CH32,-95.36,0,0.496,train,0
0,0,NODE4,CH32,-93.47,0,0.79,train,0
0,0,NODE5,CH32,-97.18,0,0.386,train,0
0,0,NODE6,CH32,-100.46,0,0.471,train,0
0,0,NODE7,CH32,-92.84,0,0.743,train,0
0,0,NODE8,CH32,-99.08,0,0.84,train,0
0,0,NODE1,CH33,-43.9,1,0.653,train,0
0,0,NODE2,CH33,-47.57,1,0.354,train,0
0,0,NODE3,CH33,-44.92,1,0.511,train,0
0,0,NODE4,CH33,-39.82,1,0.768,train,0
0,0,NODE5,CH33,-48.89,1,0.429,train,0
0,0,NODE6,CH33,-49.17,1,0.415,train,0
0,0,NODE7,CH33,-40.31,1,0.711,train,0
0,0,NODE8,CH33,-40.91,1,0.814,train,0
0,0,NODE1,CH34,-98.12,0,0.635,train,0
0,0,NODE2,CH34,-97.1,0,0.365,train,0
0,0,NODE3,CH34,-93.52,0,0.505,train,0
0,0,NODE4,CH34,-98.2,0,0.765,train,0
0,0,NODE5,CH34,-96.41,0,0.461,train,0
0,0,NODE6,CH34,-93.97,0,0.401,train,0
0,0,NODE7,CH34,-93.68,0,0.0,train,0
0,0,NODE8,CH34,-99.21,0,0.758,train,0
0,0,NODE1,CH35,-96.4,0,0.655,train,0
0,0,NODE2,CH35,-94.79,0,0.454,train,0
0,0,NODE3,CH35,-97.25,0,0.548,train,0
0,0,NODE4,CH35,-94.57,0,0.728,train,0
0,0,NODE5,CH35,-93.55,0,0.416,train,0
0,0,NODE6,CH35,-99.53,0,0.394,train,0
0,0,NODE7,CH35,-98.54,0,0.735,train,0
0,0,NODE8,CH35,-94.1,0,0.803,train,0
0,0,NODE1,CH36,-94.73,0,0.746,train,0
0,0,NODE2,CH36,-95.51,0,0.423,train,0
0,0,NODE3,CH36,-100.69,0,0.492,train,0
0,0,NODE4,CH36,-104.96,0,0.782,train,0
0,0,NODE5,CH36,-97.2,0,0.37,train,0
0,0,NODE6,CH36,-98.65,0,0.427,train,0
0,0,NODE7,CH36,-100.78,0,0.671,train,0
0,0,NODE8,CH36,-96.79,0,0.769,train,0
0,0,NODE1,CH37,-95.8,0,0.654,train,0
0,0,NODE2,CH37,-98.08,0,0.434,train,0
0,0,NODE3,CH37,-94.32,0,0.461,train,0
0,0,NODE4,CH37,-92.69,0,0.776,train,0
0,0,NODE5,CH37,-103.57,0,0.411,train,0
0,0,NODE6,CH37,-99.14,0,0.432,train,0
0,0,NODE7,CH37,-91.47,0,0.715,train,0
0,0,NODE8,CH37,-92.37,0,0.774,train,0
0,0,NODE1,CH38,-104.07,0,0.703,train,0
0,0,NODE2,CH38,-100.51,0,0.439,train,0
0,0,NODE3,CH38,-97.38,0,0.477,train,0
0,0,NODE4,CH38,-97.06,0,0.774,train,0
0,0,NODE5,CH38,-93.35,0,0.409,train,0
0,0,NODE6,CH38,-101.32,0,0.439,train,0
0,0,NODE7,CH38,-98.67,0,0.688,train,0
0,0,NODE8,CH38,-96.29,0,0.822,train,0
0,0,NODE1,CH39,-96.24,0,0.708,train,0
0,0,NODE2,CH39,-97.25,0,0.392,train,0
0,0,NODE3,CH39,-99.76,0,0.481,train,0
0,0,NODE4,CH39,-99.5,0,0.773,train,0
0,0,NODE5,CH39,-95.38,0,0.355,train,0
0,0,NODE6,CH39,-97.36,0,0.494,train,0
0,0,NODE7,CH39,-95.42,0,0.656,train,0
0,0,NODE8,CH39,-98.28,0,0.795,train,0
0,0,NODE1,CH40,-92.75,0,0.699,train,0
0,0,NODE2,CH40,-102.32,0,0.379,train,0
0,0,NODE3,CH40,-92.62,0,0.475,train,0
0,0,NODE4,CH40,-86.79,0,0.716,train,0
0,0,NODE5,CH40,-91.99,0,0.423,train,0
0,0,NODE6,CH40,-95.87,0,0.373,train,0
0,0,NODE7,CH40,-99.74,0,0.774,train,0
0,0,NODE8,CH40,-95.86,0,0.814,train,0
0,1,NODE1,CH21,-91.43,0,0.662,train,0
0,1,NODE2,CH21,-104.18,0,0.449,train,0
0,1,NODE3,CH21,-100.09,0,0.492,train,0
0,1,NODE4,CH21,-97.19,0,0.794,train,0
0,1,NODE5,CH21,-99.7,0,0.436,train,0
0,1,NODE6,CH21,-99.67,0,0.426,train,0
0,1,NODE7,CH21,-99.05,0,0.685,train,0
0,1,NODE8,CH21,-102.12,0,0.74,train,0
0,1,NODE1,CH22,-97.1,0,0.688,train,0
0,1,NODE2,CH22,-101.86,0,0.374,train,0
0,1,NODE3,CH22,-95.98,0,0.509,train,0
0,1,NODE4,CH22,-100.26,0,0.744,train,0
0,1,NODE5,CH22,-96.78,0,0.379,train,0
0,1,NODE6,CH22,-94.34,0,0.425,train,0
0,1,NODE7,CH22,-94.51,0,0.729,train,0
0,1,NODE8,CH22,-93.58,0,0.763,train,0
0,1,NODE1,CH23,-96.89,0,0.695,train,0
0,1,NODE2,CH23,-96.8,0,0.393,train,0
0,1,NODE3,CH23,-96.78,0,0.557,train,0
0,1,NODE4,CH23,-97.13,0,0.778,train,0
0,1,NODE5,CH23,-97.64,0,0.368,train,0
0,1,NODE6,CH23,-98.7,0,0.438,train,0
0,1,NODE7,CH23,-90.88,0,0.726,train,0
0,1,NODE8,CH23,-96.99,0,0.774,train,0
0,1,NODE1,CH24,-93.89,0,0.687,train,0
0,1,NODE2,CH24,-100.34,0,0.406,train,0
0,1,NODE3,CH24,-96.0,0,0.507,train,0
0,1,NODE4,CH24,-99.64,0,0.747,train,0
0,1,NODE5,CH24,-99.51,0,0.377,train,0
0,1,NODE6,CH24,-97.38,0,0.473,train,0
0,1,NODE7,CH24,-97.29,0,0.69,train,0
0,1,NODE8,CH24,-91.85,0,0.813,train,0
0,1,NODE1,CH25,-97.69,0,0.0,train,0
0,1,NODE2,CH25,-97.27,0,0.39,train,0
0,1,NODE3,CH25,-88.33,0,0.524,train,0
0,1,NODE4,CH25,-92.56,0,0.815,train,0
0,1,NODE5,CH25,-97.98,0,0.412,train,0
0,1,NODE6,CH25,-94.82,0,0.414,train,0
0,1,NODE7,CH25,-97.23,0,0.73,train,0
0,1,NODE8,CH25,-99.55,0,0.804,train,0
0,1,NODE1,CH26,-97.57,0,0.686,train,0
0,1,NODE2,CH26,-95.32,0,0.382,train,0
0,1,NODE3,CH26,-98.32,0,0.493,train,0
0,1,NODE4,CH26,-100.02,0,0.765,train,0
0,1,NODE5,CH26,-96.65,0,0.413,train,0
0,1,NODE6,CH26,-98.6,0,0.437,train,0
0,1,NODE7,CH26,-95.25,0,0.712,train,0
0,1,NODE8,CH26,-100.74,0,0.758,train,0
0,1,NODE1,CH27,-99.52,0,0.657,train,0
0,1,NODE2,CH27,-104.93,0,0.382,train,0
0,1,NODE3,CH27,-88.62,0,0.496,train,0
0,1,NODE4,CH27,-97.3,0,0.765,train,0
0,1,NODE5,CH27,-99.18,0,0.36,train,0
0,1,NODE6,CH27,-98.22,0,0.432,train,0
0,1,NODE7,CH27,-97.31,0,0.728,train,0
0,1,NODE8,CH27,-101.79,0,0.744,train,0
0,1,NODE1,CH28,-91.39,0,0.654,train,0
0,1,NODE2,CH28,-99.28,0,0.449,train,0
0,1,NODE3,CH28,-98.79,0,0.527,train,0
0,1,NODE4,CH28,-98.54,0,0.797,train,0
0,1,NODE5,CH28,-98.83,0,0.436,train,0
0,1,NODE6,CH28,-102.21,0,0.394,train,0
0,1,NODE7,CH28,-94.34,0,0.777,train,0
0,1,NODE8,CH28,-99.22,0,0.821,train,0
0,1,NODE1,CH29,-92.8,0,0.71,train,0
0,1,NODE2,CH29,-97.21,0,0.353,train,0
0,1,NODE3,CH29,-98.48,0,0.5,train,0
0,1,NODE4,CH29,-92.91,0,0.765,train,0
0,1,NODE5,CH29,-97.56,0,0.427,train,0
0,1,NODE6,CH29,-97.45,0,0.452,train,0
0,1,NODE7,CH29,-92.09,0,0.671,train,0
0,1,NODE8,CH29,-95.42,0,0.774,train,0
0,1,NODE1,CH30,-42.41,1,0.716,train,0
0,1,NODE2,CH30,-50.82,1,0.427,train,0
0,1,NODE3,CH30,-48.59,1,0.511,train,0
0,1,NODE4,CH30,-39.02,1,0.82,train,0
0,1,NODE5,CH30,-50.61,1,0.382,train,0
0,1,NODE6,CH30,-49.15,1,0.394,train,0
0,1,NODE7,CH30,-45.82,1,0.733,train,0
0,1,NODE8,CH30,-39.92,1,0.784,train,0
0,1,NODE1,CH31,-96.1,0,0.705,train,0
0,1,NODE2,CH31,-97.23,0,0.391,train,0
0,1,NODE3,CH31,-99.37,0,0.514,train,0
0,1,NODE4,CH31,-90.68,0,0.771,train,0
0,1,NODE5,CH31,-103.84,0,0.418,train,0
0,1,NODE6,CH31,-93.65,0,0.416,train,0
0,1,NODE7,CH31,-95.48,0,0.69,train,0
0,1,NODE8,CH31,-93.92,0,0.828,train,0
0,1,NODE1,CH32,-93.52,0,0.715,train,0
0,1,NODE2,CH32,-97.22,0,0.395,train,0
0,1,NODE3,CH32,-98.01,0,0.499,train,0
0,1,NODE4,CH32,-97.73,0,0.811,train,0
0,1,NODE5,CH32,-98.73,0,0.427,train,0
0,1,NODE6,CH32,-99.62,0,0.465,train,0
0,1,NODE7,CH32,-93.29,0,0.746,train,0
0,1,NODE8,CH32,-99.52,0,0.779,train,0
0,1,NODE1,CH33,-94.08,0,0.645,train,0
0,1,NODE2,CH33,-99.36,0,0.387,train,0
0,1,NODE3,CH33,-97.08,0,0.496,train,0
0,1,NODE4,CH33,-96.29,0,0.85,train,0
0,1,NODE5,CH33,-100.45,0,0.422,train,0
0,1,NODE6,CH33,-95.36,0,0.417,train,0
0,1,NODE7,CH33,-98.62,0,0.698,train,0
0,1,NODE8,CH33,-91.03,0,0.792,train,0
0,1,NODE1,CH34,-95.64,0,0.712,train,0
0,1,NODE2,CH34,-99.06,0,0.344,train,0
0,1,NODE3,CH34,-99.64,0,0.473,train,0
0,1,NODE4,CH34,-98.19,0,0.793,train,0
0,1,NODE5,CH34,-97.55,0,0.367,train,0
0,1,NODE6,CH34,-95.09,0,0.453,train,0
0,1,NODE7,CH34,-93.0,0,0.758,train,0
0,1,NODE8,CH34,-89.81,0,0.802,train,0
0,1,NODE1,CH35,-97.28,0,0.715,train,0
0,1,NODE2,CH35,-97.57,0,0.385,train,0
0,1,NODE3,CH35,-99.08,0,0.51,train,0
0,1,NODE4,CH35,-97.55,0,0.821,train,0
0,1,NODE5,CH35,-95.6,0,0.424,train,0
0,1,NODE6,CH35,-98.26,0,0.426,train,0
0,1,NODE7,CH35,-96.42,0,0.742,train,0
0,1,NODE8,CH35,-100.04,0,0.838,train,0
0,1,NODE1,CH36,-96.98,0,0.638,train,0
0,1,NODE2,CH36,-102.75,0,0.432,train,0
0,1,NODE3,CH36,-96.66,0,0.502,train,0
0,1,NODE4,CH36,-96.8,0,0.736,train,0
0,1,NODE5,CH36,-99.75,0,0.39,train,0
0,1,NODE6,CH36,-98.42,0,0.434,train,0
0,1,NODE7,CH36,-90.89,0,0.704,train,0
0,1,NODE8,CH36,-92.9,0,0.816,train,0
0,1,NODE1,CH37,-93.2,0,0.639,train,0
0,1,NODE2,CH37,-96.97,0,0.316,train,0
0,1,NODE3,CH37,-94.06,0,0.482,train,0
0,1,NODE4,CH37,-95.95,0,0.809,train,0
0,1,NODE5,CH37,-99.45,0,0.363,train,0
0,1,NODE6,CH37,-93.89,0,0.428,train,0
0,1,NODE7,CH37,-98.29,0,0.749,train,0
0,1,NODE8,CH37,-96.03,0,0.751,train,0
0,1,NODE1,CH38,-98.33,0,0.688,train,0
0,1,NODE2,CH38,-97.69,0,0.393,train,0
0,1,NODE3,CH38,-98.01,0,0.467,train,0
0,1,NODE4,CH38,-94.39,0,0.767,train,0
0,1,NODE5,CH38,-98.91,0,0.385,train,0
0,1,NODE6,CH38,-94.75,0,0.407,train,0
0,1,NODE7,CH38,-95.88,0,0.716,train,0
0,1,NODE8,CH38,-98.51,0,0.806,train,0
0,1,NODE1,CH39,-97.08,0,0.646,train,0
0,1,NODE2,CH39,-96.2,0,0.383,train,0
0,1,NODE3,CH39,-100.15,0,0.493,train,0
0,1,NODE4,CH39,-96.49,0,0.761,train,0
0,1,NODE5,CH39,-98.81,0,0.404,train,0
0,1,NODE6,CH39,-101.93,0,0.427,train,0
0,1,NODE7,CH39,-102.24,0,0.699,train,0
0,1,NODE8,CH39,-95.37,0,0.827,train,0
0,1,NODE1,CH40,-93.4,0,0.645,train,0
0,1,NODE2,CH40,-94.73,0,0.35,train,0
0,1,NODE3,CH40,-97.72,0,0.506,train,0
0,1,NODE4,CH40,-90.92,0,0.781,train,0
0,1,NODE5,CH40,-94.69,0,0.413,train,0
0,1,NODE6,CH40,-101.93,0,0.437,train,0
0,1,NODE7,CH40,-95.55,0,0.726,train,0
0,1,NODE8,CH40,-97.12,0,0.768,train,0
0,2,NODE1,CH21,-96.03,0,0.73,train,0
0,2,NODE2,CH21,-100.61,0,0.421,train,0
0,2,NODE3,CH21,-94.5,0,0.481,train,0
0,2,NODE4,CH21,-101.15,0,0.801,train,0
0,2,NODE5,CH21,-99.07,0,0.419,train,0
0,2,NODE6,CH21,-97.83,0,0.449,train,0
0,2,NODE7,CH21,-96.56,0,0.681,train,0
0,2,NODE8,CH21,-97.12,0,0.8,train,0
0,2,NODE1,CH22,-95.38,0,0.717,train,0
0,2,NODE2,CH22,-97.49,0,0.384,train,0
0,2,NODE3,CH22,-98.73,0,0.449,train,0
0,2,NODE4,CH22,-97.62,0,0.816,train,0
0,2,NODE5,CH22,-100.09,0,0.403,train,0
0,2,NODE6,CH22,-98.05,0,0.398,train,0
0,2,NODE7,CH22,-100.41,0,0.702,train,0
0,2,NODE8,CH22,-97.57,0,0.805,train,0
0,2,NODE1,CH23,-101.44,0,0.694,train,0
0,2,NODE2,CH23,-99.17,0,0.46,train,0
0,2,NODE3,CH23,-99.04,0,0.503,train,0
0,2,NODE4,CH23,-92.77,0,0.781,train,0
0,2,NODE5,CH23,-95.27,0,0.363,train,0
0,2,NODE6,CH23,-98.7,0,0.41,train,0
0,2,NODE7,CH23,-94.34,0,0.72,train,0
0,2,NODE8,CH23,-99.18,0,0.747,train,0
0,2,NODE1,CH24,-92.75,0,0.732,train,0
0,2,NODE2,CH24,-95.1,0,0.412,train,0
0,2,NODE3,CH24,-97.27,0,0.489,train,0
0,2,NODE4,CH24,-94.96,0,0.836,train,0
0,2,NODE5,CH24,-97.82,0,0.419,train,0
0,2,NODE6,CH24,-99.06,0,0.424,train,0
0,2,NODE7,CH24,-101.99,0,0.743,train,0
0,2,NODE8,CH24,-94.81,0,0.775,train,0
0,2,NODE1,CH25,-99.23,0,0.649,train,0
0,2,NODE2,CH25,-101.5,0,0.388,train,0
0,2,NODE3,CH25,-104.12,0,0.509,train,0
0,2,NODE4,CH25,-100.95,0,0.747,train,0
0,2,NODE5,CH25,-99.43,0,0.434,train,0
0,2,NODE6,CH25,-95.89,0,0.414,train,0
0,2,NODE7,CH25,-98.89,0,0.748,train,0
0,2,NODE8,CH25,-92.26,0,0.779,train,0
0,2,NODE1,CH26,-98.5,0,0.729,train,0
0,2,NODE2,CH26,-95.36,0,0.423,train,0
0,2,NODE3,CH26,-94.1,0,0.509,train,0
0,2,NODE4,CH26,-92.61,0,0.78,train,0
0,2,NODE5,CH26,-97.01,0,0.348,train,0
0,2,NODE6,CH26,-91.59,0,0.363,train,0
0,2,NODE7,CH26,-98.87,0,0.719,train,0
0,2,NODE8,CH26,-97.36,0,0.795,train,0
0,2,NODE1,CH27,-96.89,0,0.62,train,0
0,2,NODE2,CH27,-99.0,0,0.473,train,0
0,2,NODE3,CH27,-102.7,0,0.525,train,0
0,2,NODE4,CH27,-99.51,0,0.83,train,0
0,2,NODE5,CH27,-103.34,0,0.42,train,0
0,2,NODE6,CH27,-97.39,0,0.332,train,0
0,2,NODE7,CH27,-96.73,0,0.684,train,0
0,2,NODE8,CH27,-96.35,0,0.797,train,0
0,2,NODE1,CH28,-93.88,0,0.683,train,0
0,2,NODE2,CH28,-98.53,0,0.422,train,0
0,2,NODE3,CH28,-99.39,0,0.493,train,0
0,2,NODE4,CH28,-97.99,0,0.746,train,0
0,2,NODE5,CH28,-98.9,0,0.394,train,0
0,2,NODE6,CH28,-103.24,0,0.418,train,0
0,2,NODE7,CH28,-101.38,0,0.678,train,0
0,2,NODE8,CH28,-94.62,0,0.769,train,0
0,2,NODE1,CH29,-102.54,0,0.708,train,0
0,2,NODE2,CH29,-96.56,0,0.411,train,0
0,2,NODE3,CH29,-96.86,0,0.473,train,0
0,2,NODE4,CH29,-95.75,0,0.77,train,0
0,2,NODE5,CH29,-99.2,0,0.447,train,0
0,2,NODE6,CH29,-102.26,0,0.399,train,0
0,2,NODE7,CH29,-94.32,0,0.745,train,0
0,2,NODE8,CH29,-93.2,0,0.788,train,0
0,2,NODE1,CH30,-98.66,0,0.701,train,0
0,2,NODE2,CH30,-97.68,0,0.423,train,0
0,2,NODE3,CH30,-96.68,0,0.508,train,0
0,2,NODE4,CH30,-92.87,0,0.783,train,0
0,2,NODE5,CH30,-90.84,0,0.439,train,0
0,2,NODE6,CH30,-95.82,0,0.401,train,0
0,2,NODE7,CH30,-94.49,0,0.733,train,0
0,2,NODE8,CH30,-93.96,0,0.849,train,0
0,2,NODE1,CH31,-96.08,0,0.657,train,0
0,2,NODE2,CH31,-96.98,0,0.361,train,0
0,2,NODE3,CH31,-97.89,0,0.53,train,0
0,2,NODE4,CH31,-94.51,0,0.796,train,0
0,2,NODE5,CH31,-95.9,0,0.417,train,0
0,2,NODE6,CH31,-100.95,0,0.425,train,0
0,2,NODE7,CH31,-100.14,0,0.758,train,0
0,2,NODE8,CH31,-96.11,0,0.794,train,0
0,2,NODE1,CH32,-97.1,0,0.675,train,0
0,2,NODE2,CH32,-100.58,0,0.437,train,0
0,2,NODE3,CH32,-96.85,0,0.511,train,0
0,2,NODE4,CH32,-92.84,0,0.758,train,0
0,2,NODE5,CH32,-101.96,0,0.433,train,0
0,2,NODE6,CH32,-98.52,0,0.442,train,0
0,2,NODE7,CH32,-98.19,0,0.696,train,0
0,2,NODE8,CH32,-92.5,0,0.81,train,0
0,2,NODE1,CH33,-95.06,0,0.669,train,0
0,2,NODE2,CH33,-96.36,0,0.374,train,0
0,2,NODE3,CH33,-100.81,0,0.557,train,0
0,2,NODE4,CH33,-93.34,0,0.778,train,0
0,2,NODE5,CH33,-98.43,0,0.466,train,0
0,2,NODE6,CH33,-93.92,0,0.443,train,0
0,2,NODE7,CH33,-98.46,0,0.698,train,0
0,2,NODE8,CH33,-99.15,0,0.0,train,0
0,2,NODE1,CH34,-40.26,1,0.671,train,0
0,2,NODE2,CH34,-49.05,1,0.395,train,0
0,2,NODE3,CH34,-48.85,1,0.495,train,0
0,2,NODE4,CH34,-37.71,1,0.787,train,0
0,2,NODE5,CH34,-49.4,1,0.425,train,0
0,2,NODE6,CH34,-52.46,1,0.433,train,0
0,2,NODE7,CH34,-42.08,1,0.711,train,0
0,2,NODE8,CH34,-38.77,1,0.786,train,0
0,2,NODE1,CH35,-102.9,0,0.677,train,0
0,2,NODE2,CH35,-96.11,0,0.45,train,0
0,2,NODE3,CH35,-99.28,0,0.458,train,0
0,2,NODE4,CH35,-96.2,0,0.76,train,0
0,2,NODE5,CH35,-95.04,0,0.41,train,0
0,2,NODE6,CH35,-97.53,0,0.408,train,0
0,2,NODE7,CH35,-99.19,0,0.663,train,0
0,2,NODE8,CH35,-92.35,0,0.783,train,0
0,2,NODE1,CH36,-42.15,1,0.694,train,0
0,2,NODE2,CH36,-47.68,1,0.398,train,0
0,2,NODE3,CH36,-47.32,1,0.465,train,0
0,2,NODE4,CH36,-39.36,1,0.811,train,0
0,2,NODE5,CH36,-49.47,1,0.426,train,0
0,2,NODE6,CH36,-48.48,1,0.42,train,0
0,2,NODE7,CH36,-42.03,1,0.703,train,0
0,2,NODE8,CH36,-38.38,1,0.779,train,0
0,2,NODE1,CH37,-100.85,0,0.713,train,0
0,2,NODE2,CH37,-97.17,0,0.39,train,0
0,2,NODE3,CH37,-99.58,0,0.53,train,0
0,2,NODE4,CH37,-96.08,0,0.792,train,0
0,2,NODE5,CH37,-105.92,0,0.409,train,0
0,2,NODE6,CH37,-97.15,0,0.429,train,0
0,2,NODE7,CH37,-96.16,0,0.733,train,0
0,2,NODE8,CH37,-95.43,0,0.776,train,0
0,2,NODE1,CH38,-96.95,0,0.71,train,0
0,2,NODE2,CH38,-96.72,0,0.368,train,0
0,2,NODE3,CH38,-97.16,0,0.495,train,0
0,2,NODE4,CH38,-96.31,0,0.741,train,0
0,2,NODE5,CH38,-96.08,0,0.374,train,0
0,2,NODE6,CH38,-98.09,0,0.431,train,0
0,2,NODE7,CH38,-96.89,0,0.7,train,0
0,2,NODE8,CH38,-93.28,0,0.794,train,0
0,2,NODE1,CH39,-99.71,0,0.634,train,0
0,2,NODE2,CH39,-99.09,0,0.397,train,0
0,2,NODE3,CH39,-96.3,0,0.453,train,0
0,2,NODE4,CH39,-92.52,0,0.765,train,0
0,2,NODE5,CH39,-103.06,0,0.403,train,0
0,2,NODE6,CH39,-95.51,0,0.422,train,0
0,2,NODE7,CH39,-92.8,0,0.698,train,0
0,2,NODE8,CH39,-96.2,0,0.775,train,0
0,2,NODE1,CH40,-96.4,0,0.651,train,0
0,2,NODE2,CH40,-94.69,0,0.443,train,0
0,2,NODE3,CH40,-95.87,0,0.491,train,0
0,2,NODE4,CH40,-101.13,0,0.744,train,0
0,2,NODE5,CH40,-99.58,0,0.48,train,0
0,2,NODE6,CH40,-97.98,0,0.392,train,0
0,2,NODE7,CH40,-96.74,0,0.672,train,0
0,2,NODE8,CH40,-94.23,0,0.79,train,0
0,3,NODE1,CH21,-46.8,1,0.732,train,0
0,3,NODE2,CH21,-50.04,1,0.393,train,0
0,3,NODE3,CH21,-47.39,1,0.542,train,0
0,3,NODE4,CH21,-41.31,1,0.825,train,0
0,3,NODE5,CH21,-49.93,1,0.451,train,0
0,3,NODE6,CH21,-49.19,1,0.404,train,0
0,3,NODE7,CH21,-44.61,1,0.724,train,0
0,3,NODE8,CH21,-39.89,1,0.779,train,0
0,3,NODE1,CH22,-96.27,0,0.693,train,0
0,3,NODE2,CH22,-94.72,0,0.413,train,0
0,3,NODE3,CH22,-105.36,0,0.498,train,0
0,3,NODE4,CH22,-89.76,0,0.763,train,0
0,3,NODE5,CH22,-97.07,0,0.353,train,0
0,3,NODE6,CH22,-96.42,0,0.448,train,0
0,3,NODE7,CH22,-98.17,0,0.704,train,0
0,3,NODE8,CH22,-98.39,0,0.796,train,0
0,3,NODE1,CH23,-100.07,0,0.669,train,0
0,3,NODE2,CH23,-99.45,0,0.44,train,0
0,3,NODE3,CH23,-93.2,0,0.494,train,0
0,3,NODE4,CH23,-98.22,0,0.791,train,0
0,3,NODE5,CH23,-89.88,0,0.377,train,0
0,3,NODE6,CH23,-99.91,0,0.367,train,0
0,3,NODE7,CH23,-98.89,0,0.67,train,0
0,3,NODE8,CH23,-92.51,0,0.82,train,0
0,3,NODE1,CH24,-43.15,1,0.712,train,0
0,3,NODE2,CH24,-51.59,1,0.412,train,0
0,3,NODE3,CH24,-49.2,1,0.478,train,0
0,3,NODE4,CH24,-42.31,1,0.787,train,0
0,3,NODE5,CH24,-53.22,1,0.408,train,0
0,3,NODE6,CH24,-51.41,1,0.432,train,0
0,3,NODE7,CH24,-44.44,1,0.651,train,0
0,3,NODE8,CH24,-38.95,1,0.75,train,0
0,3,NODE1,CH25,-99.0,0,0.674,train,0
0,3,NODE2,CH25,-95.59,0,0.428,train,0
0,3,NODE3,CH25,-97.33,0,0.522,train,0
0,3,NODE4,CH25,-94.23,0,0.771,train,0
0,3,NODE5,CH25,-94.58,0,0.44,train,0
0,3,NODE6,CH25,-103.92,0,0.451,train,0
0,3,NODE7,CH25,-101.52,0,0.782,train,0
0,3,NODE8,CH25,-95.53,0,0.805,train,0
0,3,NODE1,CH26,-98.93,0,0.658,train,0
0,3,NODE2,CH26,-94.24,0,0.4,train,0
0,3,NODE3,CH26,-95.51,0,0.495,train,0
0,3,NODE4,CH26,-96.61,0,0.821,train,0
0,3,NODE5,CH26,-95.95,0,0.401,train,0
0,3,NODE6,CH26,-96.7,0,0.394,train,0
0,3,NODE7,CH26,-97.54,0,0.716,train,0
0,3,NODE8,CH26,-94.45,0,0.814,train,0
0,3,NODE1,CH27,-91.49,0,0.657,train,0
0,3,NODE2,CH27,-102.73,0,0.388,train,0
0,3,NODE3,CH27,-99.49,0,0.502,train,0
0,3,NODE4,CH27,-101.19,0,0.78,train,0
0,3,NODE5,CH27,-95.46,0,0.4,train,0
0,3,NODE6,CH27,-100.05,0,0.379,train,0
0,3,NODE7,CH27,-98.38,0,0.755,train,0
0,3,NODE8,CH27,-97.12,0,0.795,train,0
0,3,NODE1,CH28,-96.75,0,0.709,train,0
0,3,NODE2,CH28,-93.92,0,0.363,train,0
0,3,NODE3,CH28,-95.34,0,0.523,train,0
0,3,NODE4,CH28,-95.71,0,0.73,train,0
0,3,NODE5,CH28,-98.36,0,0.423,train,0
0,3,NODE6,CH28,-98.12,0,0.365,train,0
0,3,NODE7,CH28,-94.1,0,0.749,train,0
0,3,NODE8,CH28,-89.96,0,0.817,train,0
0,3,NODE1,CH29,-94.2,0,0.667,train,0
0,3,NODE2,CH29,-101.35,0,0.362,train,0
0,3,NODE3,CH29,-91.82,0,0.515,train,0
0,3,NODE4,CH29,-102.07,0,0.74,train,0
0,3,NODE5,CH29,-94.44,0,0.411,train,0
0,3,NODE6,CH29,-103.27,0,0.428,train,0
0,3,NODE7,CH29,-94.42,0,0.724,train,0
0,3,NODE8,CH29,-92.34,0,0.734,train,0
0,3,NODE1,CH30,-97.65,0,0.715,train,0
0,3,NODE2,CH30,-96.48,0,0.396,train,0
0,3,NODE3,CH30,-96.08,0,0.447,train,0
0,3,NODE4,CH30,-95.8,0,0.793,train,0
0,3,NODE5,CH30,-96.32,0,0.397,train,0
0,3,NODE6,CH30,-98.52,0,0.414,train,0
0,3,NODE7,CH30,-101.66,0,0.764,train,0
0,3,NODE8,CH30,-89.78,0,0.814,train,0
0,3,NODE1,CH31,-95.19,0,0.657,train,0
0,3,NODE2,CH31,-98.4,0,0.392,train,0
0,3,NODE3,CH31,-94.02,0,0.536,train,0
0,3,NODE4,CH31,-95.17,0,0.803,train,0
0,3,NODE5,CH31,-102.7,0,0.366,train,0
0,3,NODE6,CH31,-97.27,0,0.421,train,0
0,3,NODE7,CH31,-98.46,0,0.726,train,0
0,3,NODE8,CH31,-90.74,0,0.788,train,0
0,3,NODE1,CH32,-90.76,0,0.717,train,0
0,3,NODE2,CH32,-95.8,0,0.35,train,0
0,3,NODE3,CH32,-99.22,0,0.514,train,0
0,3,NODE4,CH32,-96.85,0,0.759,train,0
0,3,NODE5,CH32,-104.78,0,0.394,train,0
0,3,NODE6,CH32,-104.39,0,0.386,train,0
0,3,NODE7,CH32,-99.06,0,0.719,train,0
0,3,NODE8,CH32,-95.12,0,0.77,train,0
0,3,NODE1,CH33,-99.97,0,0.667,train,0
0,3,NODE2,CH33,-93.74,0,0.406,train,0
0,3,NODE3,CH33,-99.89,0,0.475,train,0
0,3,NODE4,CH33,-97.17,0,0.777,train,0
0,3,NODE5,CH33,-98.75,0,0.418,train,0
0,3,NODE6,CH33,-98.15,0,0.423,train,0
0,3,NODE7,CH33,-96.55,0,0.676,train,0
0,3,NODE8,CH33,-97.97,0,0.801,train,0
0,3,NODE1,CH34,-94.18,0,0.723,train,0
0,3,NODE2,CH34,-96.73,0,0.449,train,0
0,3,NODE3,CH34,-92.01,0,0.496,train,0
0,3,NODE4,CH34,-88.9,0,0.776,train,0
0,3,NODE5,CH34,-100.28,0,0.421,train,0
0,3,NODE6,CH34,-98.21,0,0.467,train,0
0,3,NODE7,CH34,-92.79,0,0.759,train,0
0,3,NODE8,CH34,-99.84,0,0.8,train,0
0,3,NODE1,CH35,-45.64,1,0.693,train,0
0,3,NODE2,CH35,-51.0,1,0.431,train,0
0,3,NODE3,CH35,-46.9,1,0.502,train,0
0,3,NODE4,CH35,-40.8,1,0.772,train,0
0,3,NODE5,CH35,-48.49,1,0.4,train,0
0,3,NODE6,CH35,-51.16,1,0.446,train,0
0,3,NODE7,CH35,-43.48,1,0.725,train,0
0,3,NODE8,CH35,-40.7,1,0.755,train,0
0,3,NODE1,CH36,-96.71,0,0.638,train,0
0,3,NODE2,CH36,-95.46,0,0.411,train,0
0,3,NODE3,CH36,-98.54,0,0.453,train,0
0,3,NODE4,CH36,-98.83,0,0.763,train,0
0,3,NODE5,CH36,-95.95,0,0.425,train,0
0,3,NODE6,CH36,-101.15,0,0.43,train,0
0,3,NODE7,CH36,-95.66,0,0.728,train,0
0,3,NODE8,CH36,-93.05,0,0.767,train,0
0,3,NODE1,CH37,-41.32,1,0.659,train,0
0,3,NODE2,CH37,-50.61,1,0.419,train,0
0,3,NODE3,CH37,-47.66,1,0.49,train,0
0,3,NODE4,CH37,-41.56,1,0.746,train,0
0,3,NODE5,CH37,-51.13,1,0.41,train,0
0,3,NODE6,CH37,-46.75,1,0.459,train,0
0,3,NODE7,CH37,-41.94,1,0.737,train,0
0,3,NODE8,CH37,-44.32,1,0.807,train,0
0,3,NODE1,CH38,-94.57,0,0.657,train,0
0,3,NODE2,CH38,-100.52,0,0.44,train,0
0,3,NODE3,CH38,-98.99,0,0.472,train,0
0,3,NODE4,CH38,-95.37,0,0.822,train,0
0,3,NODE5,CH38,-95.77,0,0.388,train,0
0,3,NODE6,CH38,-97.77,0,0.381,train,0
0,3,NODE7,CH38,-99.57,0,0.745,train,0
0,3,NODE8,CH38,-97.23,0,0.755,train,0
0,3,NODE1,CH39,-99.5,0,0.651,train,0
0,3,NODE2,CH39,-101.57,0,0.371,train,0
0,3,NODE3,CH39,-99.28,0,0.5,train,0
0,3,NODE4,CH39,-96.45,0,0.742,train,0
0,3,NODE5,CH39,-96.85,0,0.416,train,0
0,3,NODE6,CH39,-98.95,0,0.42,train,0
0,3,NODE7,CH39,-98.21,0,0.757,train,0
0,3,NODE8,CH39,-95.91,0,0.754,train,0
0,3,NODE1,CH40,-97.61,0,0.699,train,0
0,3,NODE2,CH40,-99.54,0,0.417,train,0
0,3,NODE3,CH40,-95.4,0,0.47,train,0
0,3,NODE4,CH40,-94.61,0,0.756,train,0
0,3,NODE5,CH40,-98.6,0,0.388,train,0
0,3,NODE6,CH40,-95.77,0,0.444,train,0
0,3,NODE7,CH40,-92.87,0,0.716,train,0
0,3,NODE8,CH40,-95.45,0,0.83,train,0
0,4,NODE1,CH21,-42.2,1,0.69,train,0
0,4,NODE2,CH21,-49.36,1,0.388,train,0
0,4,NODE3,CH21,-46.17,1,0.502,train,0
0,4,NODE4,CH21,-38.85,1,0.825,train,0
0,4,NODE5,CH21,-50.81,1,0.379,train,0
0,4,NODE6,CH21,-51.6,1,0.424,train,0
0,4,NODE7,CH21,-39.78,1,0.746,train,0
0,4,NODE8,CH21,-38.06,1,0.79,train,0
0,4,NODE1,CH22,-94.32,0,0.697,train,0
0,4,NODE2,CH22,-95.58,0,0.391,train,0
0,4,NODE3,CH22,-102.75,0,0.484,train,0
0,4,NODE4,CH22,-93.67,0,0.767,train,0
0,4,NODE5,CH22,-100.88,0,0.43,train,0
0,4,NODE6,CH22,-103.54,0,0.406,train,0
0,4,NODE7,CH22,-94.53,0,0.739,train,0
0,4,NODE8,CH22,-94.21,0,0.767,train,0
0,4,NODE1,CH23,-98.38,0,0.698,train,0
0,4,NODE2,CH23,-99.01,0,0.408,train,0
0,4,NODE3,CH23,-99.61,0,0.483,train,0
0,4,NODE4,CH23,-95.83,0,0.791,train,0
0,4,NODE5,CH23,-96.44,0,0.344,train,0
0,4,NODE6,CH23,-98.8,0,0.433,train,0
0,4,NODE7,CH23,-94.33,0,0.734,train,0
0,4,NODE8,CH23,-94.34,0,0.79,train,0
0,4,NODE1,CH24,-97.97,0,0.698,train,0
0,4,NODE2,CH24,-93.03,0,0.456,train,0
0,4,NODE3,CH24,-99.6,0,0.499,train,0
0,4,NODE4,CH24,-95.82,0,0.805,train,0
0,4,NODE5,CH24,-101.68,0,0.443,train,0
0,4,NODE6,CH24,-95.0,0,0.431,train,0
0,4,NODE7,CH24,-98.03,0,0.699,train,0
0,4,NODE8,CH24,-97.53,0,0.752,train,0
0,4,NODE1,CH25,-93.94,0,0.677,train,0
0,4,NODE2,CH25,-101.21,0,0.442,train,0
0,4,NODE3,CH25,-101.34,0,0.467,train,0
0,4,NODE4,CH25,-96.35,0,0.738,train,0
0,4,NODE5,CH25,-92.76,0,0.446,train,0
0,4,NODE6,CH25,-97.92,0,0.43,train,0
0,4,NODE7,CH25,-104.57,0,0.709,train,0
0,4,NODE8,CH25,-100.54,0,0.811,train,0
0,4,NODE1,CH26,-93.26,0,0.678,train,0
0,4,NODE2,CH26,-99.23,0,0.371,train,0
0,4,NODE3,CH26,-104.34,0,0.472,train,0
0,4,NODE4,CH26,-92.88,0,0.774,train,0
0,4,NODE5,CH26,-94.64,0,0.381,train,0
0,4,NODE6,CH26,-96.63,0,0.411,train,0
0,4,NODE7,CH26,-92.83,0,0.716,train,0
0,4,NODE8,CH26,-98.66,0,0.836,train,0
0,4,NODE1,CH27,-98.36,0,0.673,train,0
0,4,NODE2,CH27,-98.17,0,0.387,train,0
0,4,NODE3,CH27,-93.91,0,0.472,train,0
0,4,NODE4,CH27,-93.65,0,0.78,train,0
0,4,NODE5,CH27,-97.23,0,0.421,train,0
0,4,NODE6,CH27,-98.98,0,0.416,train,0
0,4,NODE7,CH27,-92.56,0,0.657,train,0
0,4,NODE8,CH27,-94.54,0,0.804,train,0
0,4,NODE1,CH28,-101.3,0,0.655,train,0
0,4,NODE2,CH28,-98.07,0,0.363,train,0
0,4,NODE3,CH28,-96.02,0,0.479,train,0
0,4,NODE4,CH28,-94.68,0,0.773,train,0
0,4,NODE5,CH28,-96.41,0,0.406,train,0
0,4,NODE6,CH28,-96.51,0,0.445,train,0
0,4,NODE7,CH28,-90.6,0,0.714,train,0
0,4,NODE8,CH28,-95.98,0,0.777,train,0
0,4,NODE1,CH29,-97.95,0,0.655,train,0
0,4,NODE2,CH29,-98.41,0,0.353,train,0
0,4,NODE3,CH29,-97.88,0,0.522,train,0
0,4,NODE4,CH29,-95.43,0,0.747,train,0
0,4,NODE5,CH29,-98.68,0,0.419,train,0
0,4,NODE6,CH29,-100.05,0,0.425,train,0
0,4,NODE7,CH29,-98.62,0,0.736,train,0
0,4,NODE8,CH29,-90.34,0,0.776,train,0
0,4,NODE1,CH30,-98.04,0,0.737,train,0
0,4,NODE2,CH30,-105.22,0,0.38,train,0
0,4,NODE3,CH30,-96.96,0,0.509,train,0
0,4,NODE4,CH30,-91.87,0,0.812,train,0
0,4,NODE5,CH30,-96.49,0,0.434,train,0
0,4,NODE6,CH30,-99.09,0,0.435,train,0
0,4,NODE7,CH30,-98.63,0,0.746,train,0
0,4,NODE8,CH30,-98.03,0,0.791,train,0
0,4,NODE1,CH31,-40.52,1,0.649,train,0
0,4,NODE2,CH31,-51.69,1,0.378,train,0
0,4,NODE3,CH31,-44.8,1,0.481,train,0
0,4,NODE4,CH31,-42.27,1,0.807,train,0
0,4,NODE5,CH31,-49.72,1,0.438,train,0
0,4,NODE6,CH31,-48.94,1,0.404,train,0
0,4,NODE7,CH31,-41.63,1,0.766,train,0
0,4,NODE8,CH31,-39.04,1,0.781,train,0
0,4,NODE1,CH32,-42.42,1,0.673,train,0
0,4,NODE2,CH32,-49.61,1,0.407,train,0
0,4,NODE3,CH32,-46.98,1,0.497,train,0
0,4,NODE4,CH32,-39.07,1,0.791,train,0
0,4,NODE5,CH32,-50.55,1,0.42,train,0
0,4,NODE6,CH32,-47.49,1,0.425,train,0
0,4,NODE7,CH32,-39.88,1,0.751,train,0
0,4,NODE8,CH32,-41.81,1,0.805,train,0
0,4,NODE1,CH33,-95.24,0,0.652,train,0
0,4,NODE2,CH33,-101.36,0,0.378,train,0
0,4,NODE3,CH33,-97.67,0,0.473,train,0
0,4,NODE4,CH33,-90.69,0,0.813,train,0
0,4,NODE5,CH33,-95.69,0,0.448,train,0
0,4,NODE6,CH33,-94.61,0,0.411,train,0
0,4,NODE7,CH33,-89.91,0,0.689,train,0
0,4,NODE8,CH33,-96.49,0,0.8,train,0
0,4,NODE1,CH34,-101.34,0,0.662,train,0
0,4,NODE2,CH34,-98.68,0,0.353,train,0
0,4,NODE3,CH34,-92.69,0,0.525,train,0
0,4,NODE4,CH34,-97.7,0,0.764,train,0
0,4,NODE5,CH34,-98.04,0,0.435,train,0
0,4,NODE6,CH34,-101.96,0,0.383,train,0
0,4,NODE7,CH34,-94.43,0,0.708,train,0
0,4,NODE8,CH34,-96.68,0,0.844,train,0
0,4,NODE1,CH35,-93.24,0,0.712,train,0
0,4,NODE2,CH35,-99.72,0,0.409,train,0
0,4,NODE3,CH35,-98.51,0,0.449,train,0
0,4,NODE4,CH35,-93.74,0,0.812,train,0
0,4,NODE5,CH35,-92.57,0,0.38,train,0
0,4,NODE6,CH35,-97.11,0,0.395,train,0
0,4,NODE7,CH35,-95.78,0,0.722,train,0
0,4,NODE8,CH35,-90.92,0,0.755,train,0
0,4,NODE1,CH36,-105.63,0,0.68,train,0
0,4,NODE2,CH36,-98.45,0,0.453,train,0
0,4,NODE3,CH36,-92.88,0,0.497,train,0
0,4,NODE4,CH36,-96.25,0,0.755,train,0
0,4,NODE5,CH36,-100.98,0,0.382,train,0
0,4,NODE6,CH36,-98.22,0,0.456,train,0
0,4,NODE7,CH36,-96.56,0,0.775,train,0
0,4,NODE8,CH36,-93.13,0,0.753,train,0
0,4,NODE1,CH37,-95.33,0,0.663,train,0
0,4,NODE2,CH37,-92.69,0,0.389,train,0
0,4,NODE3,CH37,-98.82,0,0.466,train,0
0,4,NODE4,CH37,-95.34,0,0.732,train,0
0,4,NODE5,CH37,-96.46,0,0.416,train,0
0,4,NODE6,CH37,-96.59,0,0.432,train,0
0,4,NODE7,CH37,-94.61,0,0.692,train,0
0,4,NODE8,CH37,-100.19,0,0.84,train,0
0,4,NODE1,CH38,-41.91,1,0.68,train,0
0,4,NODE2,CH38,-52.14,1,0.405,train,0
0,4,NODE3,CH38,-48.98,1,0.533,train,0
0,4,NODE4,CH38,-39.81,1,0.802,train,0
0,4,NODE5,CH38,-51.49,1,0.437,train,0
0,4,NODE6,CH38,-48.47,1,0.374,train,0
0,4,NODE7,CH38,-43.18,1,0.715,train,0
0,4,NODE8,CH38,-39.77,1,0.817,train,0
0,4,NODE1,CH39,-105.52,0,0.659,train,0
0,4,NODE2,CH39,-98.48,0,0.426,train,0
0,4,NODE3,CH39,-97.54,0,0.479,train,0
0,4,NODE4,CH39,-98.2,0,0.799,train,0
0,4,NODE5,CH39,-94.43,0,0.36,train,0
0,4,NODE6,CH39,-99.34,0,0.49,train,0
0,4,NODE7,CH39,-93.29,0,0.687,train,0
0,4,NODE8,CH39,-95.53,0,0.746,train,0
0,4,NODE1,CH40,-95.97,0,0.703,train,0
0,4,NODE2,CH40,-100.85,0,0.344,train,0
0,4,NODE3,CH40,-104.12,0,0.479,train,0
0,4,NODE4,CH40,-99.64,0,0.786,train,0
0,4,NODE5,CH40,-99.93,0,0.391,train,0
0,4,NODE6,CH40,-96.22,0,0.467,train,0
0,4,NODE7,CH40,-103.84,0,0.717,train,0
0,4,NODE8,CH40,-104.15,0,0.786,train,0
0,5,NODE1,CH21,-42.12,1,0.716,train,0
0,5,NODE2,CH21,-49.28,1,0.396,train,0
0,5,NODE3,CH21,-48.6,1,0.542,train,0
0,5,NODE4,CH21,-41.5,1,0.711,train,0
0,5,NODE5,CH21,-49.14,1,0.403,train,0
0,5,NODE6,CH21,-49.07,1,0.399,train,0
0,5,NODE7,CH21,-44.9,1,0.729,train,0
0,5,NODE8,CH21,-41.15,1,0.0,train,0
0,5,NODE1,CH22,-43.86,1,0.703,train,0
0,5,NODE2,CH22,-49.44,1,0.372,train,0
0,5,NODE3,CH22,-47.1,1,0.494,train,0
0,5,NODE4,CH22,-40.13,1,0.793,train,0
0,5,NODE5,CH22,-48.42,1,0.399,train,0
0,5,NODE6,CH22,-49.6,1,0.422,train,0
0,5,NODE7,CH22,-44.45,1,0.759,train,0
0,5,NODE8,CH22,-40.67,1,0.811,train,0
0,5,NODE1,CH23,-42.58,1,0.741,train,0
0,5,NODE2,CH23,-49.73,1,0.437,train,0
0,5,NODE3,CH23,-46.87,1,0.495,train,0
0,5,NODE4,CH23,-42.54,1,0.774,train,0
0,5,NODE5,CH23,-51.58,1,0.43,train,0
0,5,NODE6,CH23,-47.22,1,0.48,train,0
0,5,NODE7,CH23,-40.0,1,0.745,train,0
0,5,NODE8,CH23,-40.96,1,0.825,train,0
0,5,NODE1,CH24,-96.96,0,0.668,train,0
0,5,NODE2,CH24,-103.32,0,0.427,train,0
0,5,NODE3,CH24,-102.11,0,0.484,train,0
0,5,NODE4,CH24,-93.48,0,0.794,train,0
0,5,NODE5,CH24,-97.84,0,0.398,train,0
0,5,NODE6,CH24,-96.32,0,0.387,train,0
0,5,NODE7,CH24,-102.48,0,0.687,train,0
0,5,NODE8,CH24,-97.73,0,0.76,train,0
0,5,NODE1,CH25,-99.05,0,0.689,train,0
0,5,NODE2,CH25,-93.75,0,0.408,train,0
0,5,NODE3,CH25,-94.06,0,0.473,train,0
0,5,NODE4,CH25,-99.79,0,0.747,train,0
0,5,NODE5,CH25,-95.02,0,0.416,train,0
0,5,NODE6,CH25,-100.16,0,0.41,train,0
0,5,NODE7,CH25,-97.84,0,0.679,train,0
0,5,NODE8,CH25,-94.18,0,0.815,train,0
0,5,NODE1,CH26,-93.63,0,0.673,train,0
0,5,NODE2,CH26,-89.99,0,0.405,train,0
0,5,NODE3,CH26,-95.04,0,0.554,train,0
0,5,NODE4,CH26,-94.4,0,0.808,train,0
0,5,NODE5,CH26,-93.02,0,0.402,train,0
0,5,NODE6,CH26,-97.02,0,0.416,train,0
0,5,NODE7,CH26,-99.9,0,0.731,train,0
0,5,NODE8,CH26,-90.56,0,0.761,train,0
0,5,NODE1,CH27,-95.22,0,0.691,train,0
0,5,NODE2,CH27,-100.14,0,0.353,train,0
0,5,NODE3,CH27,-94.63,0,0.484,train,0
0,5,NODE4,CH27,-94.92,0,0.783,train,0
0,5,NODE5,CH27,-95.1,0,0.382,train,0
0,5,NODE6,CH27,-100.05,0,0.479,train,0
0,5,NODE7,CH27,-92.57,0,0.0,train,0
0,5,NODE8,CH27,-98.9,0,0.851,train,0
0,5,NODE1,CH28,-96.9,0,0.713,train,0
0,5,NODE2,CH28,-94.04,0,0.389,train,0
0,5,NODE3,CH28,-91.99,0,0.457,train,0
0,5,NODE4,CH28,-94.48,0,0.822,train,0
0,5,NODE5,CH28,-97.95,0,0.464,train,0
0,5,NODE6,CH28,-94.72,0,0.468,train,0
0,5,NODE7,CH28,-95.25,0,0.734,train,0
0,5,NODE8,CH28,-97.91,0,0.759,train,0
0,5,NODE1,CH29,-40.53,1,0.728,train,0
0,5,NODE2,CH29,-49.34,1,0.405,train,0
0,5,NODE3,CH29,-46.74,1,0.495,train,0
0,5,NODE4,CH29,-38.81,1,0.806,train,0
0,5,NODE5,CH29,-51.02,1,0.421,train,0
0,5,NODE6,CH29,-50.61,1,0.416,train,0
0,5,NODE7,CH29,-41.36,1,0.72,train,0
0,5,NODE8,CH29,-38.01,1,0.786,train,0
0,5,NODE1,CH30,-95.84,0,0.691,train,0
0,5,NODE2,CH30,-97.35,0,0.368,train,0
0,5,NODE3,CH30,-94.04,0,0.504,train,0
0,5,NODE4,CH30,-94.3,0,0.761,train,0
0,5,NODE5,CH30,-97.66,0,0.421,train,0
0,5,NODE6,CH30,-95.59,0,0.443,train,0
0,5,NODE7,CH30,-100.4,0,0.741,train,0
0,5,NODE8,CH30,-96.81,0,0.775,train,0
0,5,NODE1,CH31,-93.79,0,0.653,train,0
0,5,NODE2,CH31,-100.18,0,0.385,train,0
0,5,NODE3,CH31,-96.37,0,0.46,train,0
0,5,NODE4,CH31,-91.67,0,0.812,train,0
0,5,NODE5,CH31,-97.76,0,0.414,train,0
0,5,NODE6,CH31,-100.19,0,0.393,train,0
0,5,NODE7,CH31,-96.2,0,0.763,train,0
0,5,NODE8,CH31,-95.44,0,0.823,train,0
0,5,NODE1,CH32,-44.71,1,0.672,train,0
0,5,NODE2,CH32,-48.68,1,0.411,train,0
0,5,NODE3,CH32,-47.98,1,0.464,train,0
0,5,NODE4,CH32,-37.64,1,0.798,train,0
0,5,NODE5,CH32,-49.92,1,0.403,train,0
0,5,NODE6,CH32,-50.21,1,0.398,train,0
0,5,NODE7,CH32,-40.74,1,0.736,train,0
0,5,NODE8,CH32,-41.2,1,0.766,train,0
0,5,NODE1,CH33,-99.26,0,0.694,train,0
0,5,NODE2,CH33,-104.09,0,0.396,train,0
0,5,NODE3,CH33,-92.64,0,0.497,train,0
0,5,NODE4,CH33,-88.15,0,0.812,train,0
0,5,NODE5,CH33,-99.62,0,0.379,train,0
0,5,NODE6,CH33,-96.76,0,0.391,train,0
0,5,NODE7,CH33,-98.65,0,0.735,train,0
0,5,NODE8,CH33,-97.25,0,0.816,train,0
0,5,NODE1,CH34,-94.6,0,0.716,train,0
0,5,NODE2,CH34,-100.46,0,0.379,train,0
0,5,NODE3,CH34,-95.62,0,0.494,train,0
0,5,NODE4,CH34,-91.49,0,0.748,train,0
0,5,NODE5,CH34,-94.95,0,0.441,train,0
0,5,NODE6,CH34,-95.12,0,0.448,train,0
0,5,NODE7,CH34,-95.38,0,0.735,train,0
0,5,NODE8,CH34,-100.72,0,0.757,train,0
0,5,NODE1,CH35,-96.37,0,0.7,train,0
0,5,NODE2,CH35,-99.35,0,0.443,train,0
0,5,NODE3,CH35,-94.66,0,0.528,train,0
0,5,NODE4,CH35,-93.5,0,0.739,train,0
0,5,NODE5,CH35,-96.12,0,0.333,train,0
0,5,NODE6,CH35,-96.41,0,0.425,train,0
0,5,NODE7,CH35,-97.93,0,0.759,train,0
0,5,NODE8,CH35,-96.89,0,0.799,train,0
0,5,NODE1,CH36,-96.55,0,0.68,train,0
0,5,NODE2,CH36,-95.96,0,0.402,train,0
0,5,NODE3,CH36,-101.88,0,0.49,train,0
0,5,NODE4,CH36,-94.92,0,0.775,train,0
0,5,NODE5,CH36,-92.38,0,0.438,train,0
0,5,NODE6,CH36,-94.77,0,0.45,train,0
0,5,NODE7,CH36,-97.72,0,0.713,train,0
0,5,NODE8,CH36,-94.6,0,0.787,train,0
0,5,NODE1,CH37,-98.09,0,0.655,train,0
0,5,NODE2,CH37,-94.67,0,0.31,train,0
0,5,NODE3,CH37,-95.66,0,0.484,train,0
0,5,NODE4,CH37,-95.34,0,0.734,train,0
0,5,NODE5,CH37,-102.89,0,0.437,train,0
0,5,NODE6,CH37,-101.7,0,0.424,train,0
0,5,NODE7,CH37,-95.91,0,0.756,train,0
0,5,NODE8,CH37,-98.66,0,0.816,train,0
0,5,NODE1,CH38,-94.03,0,0.679,train,0
0,5,NODE2,CH38,-99.66,0,0.366,train,0
0,5,NODE3,CH38,-92.38,0,0.496,train,0
0,5,NODE4,CH38,-95.82,0,0.806,train,0
0,5,NODE5,CH38,-98.49,0,0.441,train,0
0,5,NODE6,CH38,-98.21,0,0.417,train,0
0,5,NODE7,CH38,-94.42,0,0.729,train,0
0,5,NODE8,CH38,-95.49,0,0.799,train,0
0,5,NODE1,CH39,-44.56,1,0.691,train,0
0,5,NODE2,CH39,-48.48,1,0.369,train,0
0,5,NODE3,CH39,-50.43,1,0.474,train,0
0,5,NODE4,CH39,-39.3,1,0.795,train,0
0,5,NODE5,CH39,-50.57,1,0.404,train,0
0,5,NODE6,CH39,-52.39,1,0.431,train,0
0,5,NODE7,CH39,-43.47,1,0.72,train,0
0,5,NODE8,CH39,-37.48,1,0.77,train,0
0,5,NODE1,CH40,-43.19,1,0.766,train,0
0,5,NODE2,CH40,-48.79,1,0.421,train,0
0,5,NODE3,CH40,-49.93,1,0.522,train,0
0,5,NODE4,CH40,-42.6,1,0.777,train,0
0,5,NODE5,CH40,-49.72,1,0.358,train,0
0,5,NODE6,CH40,-49.51,1,0.391,train,0
0,5,NODE7,CH40,-40.76,1,0.731,train,0
0,5,NODE8,CH40,-38.65,1,0.829,train,0
0,6,NODE1,CH21,-42.33,1,0.67,train,0
0,6,NODE2,CH21,-47.73,1,0.46,train,0
0,6,NODE3,CH21,-46.6,1,0.504,train,0
0,6,NODE4,CH21,-40.18,1,0.729,train,0
0,6,NODE5,CH21,-50.34,1,0.414,train,0
0,6,NODE6,CH21,-48.44,1,0.42,train,0
0,6,NODE7,CH21,-40.49,1,0.709,train,0
0,6,NODE8,CH21,-39.1,1,0.83,train,0
0,6,NODE1,CH22,-41.87,1,0.647,train,0
0,6,NODE2,CH22,-52.51,1,0.364,train,0
0,6,NODE3,CH22,-47.16,1,0.496,train,0
0,6,NODE4,CH22,-40.21,1,0.788,train,0
0,6,NODE5,CH22,-49.49,1,0.436,train,0
0,6,NODE6,CH22,-51.13,1,0.43,train,0
0,6,NODE7,CH22,-37.86,1,0.746,train,0
0,6,NODE8,CH22,-41.24,1,0.77,train,0
0,6,NODE1,CH23,-43.56,1,0.665,train,0
0,6,NODE2,CH23,-49.52,1,0.393,train,0
0,6,NODE3,CH23,-47.02,1,0.472,train,0
0,6,NODE4,CH23,-41.71,1,0.713,train,0
0,6,NODE5,CH23,-50.28,1,0.416,train,0
0,6,NODE6,CH23,-48.56,1,0.421,train,0
0,6,NODE7,CH23,-41.98,1,0.712,train,0
0,6,NODE8,CH23,-38.32,1,0.761,train,0
0,6,NODE1,CH24,-95.73,0,0.673,train,0
0,6,NODE2,CH24,-99.76,0,0.442,train,0
0,6,NODE3,CH24,-99.86,0,0.455,train,0
0,6,NODE4,CH24,-93.45,0,0.794,train,0
0,6,NODE5,CH24,-95.57,0,0.411,train,0
0,6,NODE6,CH24,-97.01,0,0.434,train,0
0,6,NODE7,CH24,-87.04,0,0.706,train,0
0,6,NODE8,CH24,-95.81,0,0.785,train,0
0,6,NODE1,CH25,-96.61,0,0.675,train,0
0,6,NODE2,CH25,-98.84,0,0.412,train,0
0,6,NODE3,CH25,-99.32,0,0.54,train,0
0,6,NODE4,CH25,-94.58,0,0.794,train,0
0,6,NODE5,CH25,-92.53,0,0.428,train,0
0,6,NODE6,CH25,-96.23,0,0.464,train,0
0,6,NODE7,CH25,-100.23,0,0.724,train,0
0,6,NODE8,CH25,-95.6,0,0.796,train,0
0,6,NODE1,CH26,-97.33,0,0.721,train,0
0,6,NODE2,CH26,-100.29,0,0.439,train,0
0,6,NODE3,CH26,-97.23,0,0.511,train,0
0,6,NODE4,CH26,-95.46,0,0.758,train,0
0,6,NODE5,CH26,-104.25,0,0.386,train,0
0,6,NODE6,CH26,-101.72,0,0.436,train,0
0,6,NODE7,CH26,-100.48,0,0.727,train,0
0,6,NODE8,CH26,-92.23,0,0.83,train,0
0,6,NODE1,CH27,-102.22,0,0.699,train,0
0,6,NODE2,CH27,-100.36,0,0.382,train,0
0,6,NODE3,CH27,-94.46,0,0.488,train,0
0,6,NODE4,CH27,-94.51,0,0.774,train,0
0,6,NODE5,CH27,-96.75,0,0.375,train,0
0,6,NODE6,CH27,-93.75,0,0.383,train,0
0,6,NODE7,CH27,-96.4,0,0.712,train,0
0,6,NODE8,CH27,-93.67,0,0.788,train,0
0,6,NODE1,CH28,-41.88,1,0.682,train,0
0,6,NODE2,CH28,-50.84,1,0.324,train,0
0,6,NODE3,CH28,-48.26,1,0.517,train,0
0,6,NODE4,CH28,-42.25,1,0.77,train,0
0,6,NODE5,CH28,-49.39,1,0.405,train,0
0,6,NODE6,CH28,-50.42,1,0.429,train,0
0,6,NODE7,CH28,-39.1,1,0.748,train,0
0,6,NODE8,CH28,-38.2,1,0.786,train,0
0,6,NODE1,CH29,-40.3,1,0.721,train,0
0,6,NODE2,CH29,-49.7,1,0.442,train,0
0,6,NODE3,CH29,-47.49,1,0.497,train,0
0,6,NODE4,CH29,-41.87,1,0.773,train,0
0,6,NODE5,CH29,-49.18,1,0.398,train,0
0,6,NODE6,CH29,-48.74,1,0.448,train,0
0,6,NODE7,CH29,-43.21,1,0.754,train,0
0,6,NODE8,CH29,-43.03,1,0.788,train,0
0,6,NODE1,CH30,-101.91,0,0.655,train,0
0,6,NODE2,CH30,-100.33,0,0.373,train,0
0,6,NODE3,CH30,-93.63,0,0.503,train,0
0,6,NODE4,CH30,-100.65,0,0.744,train,0
0,6,NODE5,CH30,-96.69,0,0.374,train,0
0,6,NODE6,CH30,-100.56,0,0.456,train,0
0,6,NODE7,CH30,-102.03,0,0.721,train,0
0,6,NODE8,CH30,-97.77,0,0.762,train,0
0,6,NODE1,CH31,-43.11,1,0.687,train,0
0,6,NODE2,CH31,-52.17,1,0.415,train,0
0,6,NODE3,CH31,-49.75,1,0.486,train,0
0,6,NODE4,CH31,-38.99,1,0.756,train,0
0,6,NODE5,CH31,-49.72,1,0.415,train,0
0,6,NODE6,CH31,-49.9,1,0.435,train,0
0,6,NODE7,CH31,-42.38,1,0.679,train,0
0,6,NODE8,CH31,-39.1,1,0.84,train,0
0,6,NODE1,CH32,-44.73,1,0.702,train,0
0,6,NODE2,CH32,-49.63,1,0.386,train,0
0,6,NODE3,CH32,-48.16,1,0.516,train,0
0,6,NODE4,CH32,-42.34,1,0.773,train,0
0,6,NODE5,CH32,-48.89,1,0.402,train,0
0,6,NODE6,CH32,-49.03,1,0.409,train,0
0,6,NODE7,CH32,-43.28,1,0.719,train,0
0,6,NODE8,CH32,-39.04,1,0.798,train,0
0,6,NODE1,CH33,-97.63,0,0.707,train,0
0,6,NODE2,CH33,-100.5,0,0.409,train,0
0,6,NODE3,CH33,-90.2,0,0.507,train,0
0,6,NODE4,CH33,-98.57,0,0.834,train,0
0,6,NODE5,CH33,-98.12,0,0.406,train,0
0,6,NODE6,CH33,-96.62,0,0.401,train,0
0,6,NODE7,CH33,-99.0,0,0.735,train,0
0,6,NODE8,CH33,-94.3,0,0.786,train,0
0,6,NODE1,CH34,-44.15,1,0.643,train,0
0,6,NODE2,CH34,-47.95,1,0.435,train,0
0,6,NODE3,CH34,-46.41,1,0.499,train,0
0,6,NODE4,CH34,-41.68,1,0.776,train,0
0,6,NODE5,CH34,-49.19,1,0.36,train,0
0,6,NODE6,CH34,-52.37,1,0.464,train,0
0,6,NODE7,CH34,-40.96,1,0.735,train,0
0,6,NODE8,CH34,-40.69,1,0.812,train,0
0,6,NODE1,CH35,-99.29,0,0.67,train,0
0,6,NODE2,CH35,-96.05,0,0.349,train,0
0,6,NODE3,CH35,-99.06,0,0.515,train,0
0,6,NODE4,CH35,-94.68,0,0.757,train,0
0,6,NODE5,CH35,-97.81,0,0.415,train,0
0,6,NODE6,CH35,-95.14,0,0.402,train,0
0,6,NODE7,CH35,-95.58,0,0.721,train,0
0,6,NODE8,CH35,-93.84,0,0.747,train,0
0,6,NODE1,CH36,-97.04,0,0.619,train,0
0,6,NODE2,CH36,-95.74,0,0.401,train,0
0,6,NODE3,CH36,-94.54,0,0.53,train,0
0,6,NODE4,CH36,-98.94,0,0.788,train,0
0,6,NODE5,CH36,-96.37,0,0.41,train,0
0,6,NODE6,CH36,-99.14,0,0.429,train,0
0,6,NODE7,CH36,-91.64,0,0.688,train,0
0,6,NODE8,CH36,-98.45,0,0.777,train,0
0,6,NODE1,CH37,-41.26,1,0.742,train,0
0,6,NODE2,CH37,-51.44,1,0.458,train,0
0,6,NODE3,CH37,-49.52,1,0.467,train,0
0,6,NODE4,CH37,-41.18,1,0.82,train,0
0,6,NODE5,CH37,-48.26,1,0.412,train,0
0,6,NODE6,CH37,-50.3,1,0.421,train,0
0,6,NODE7,CH37,-43.35,1,0.737,train,0
0,6,NODE8,CH37,-41.5,1,0.855,train,0
0,6,NODE1,CH38,-43.24,1,0.702,train,0
0,6,NODE2,CH38,-50.62,1,0.381,train,0
0,6,NODE3,CH38,-47.04,1,0.429,train,0
0,6,NODE4,CH38,-42.09,1,0.83,train,0
0,6,NODE5,CH38,-51.47,1,0.433,train,0
0,6,NODE6,CH38,-47.87,1,0.447,train,0
0,6,NODE7,CH38,-41.62,1,0.705,train,0
0,6,NODE8,CH38,-42.89,1,0.745,train,0
0,6,NODE1,CH39,-101.18,0,0.677,train,0
0,6,NODE2,CH39,-95.57,0,0.344,train,0
0,6,NODE3,CH39,-87.62,0,0.474,train,0
0,6,NODE4,CH39,-94.63,0,0.679,train,0
0,6,NODE5,CH39,-99.96,0,0.4,train,0
0,6,NODE6,CH39,-103.91,0,0.0,train,0
0,6,NODE7,CH39,-97.98,0,0.737,train,0
0,6,NODE8,CH39,-94.29,0,0.807,train,0
0,6,NODE1,CH40,-43.21,1,0.709,train,0
0,6,NODE2,CH40,-50.52,1,0.45,train,0
0,6,NODE3,CH40,-47.94,1,0.484,train,0
0,6,NODE4,CH40,-39.63,1,0.757,train,0
0,6,NODE5,CH40,-53.91,1,0.414,train,0
0,6,NODE6,CH40,-48.86,1,0.353,train,0
0,6,NODE7,CH40,-42.55,1,0.738,train,0
0,6,NODE8,CH40,-37.87,1,0.784,train,0
0,7,NODE1,CH21,-96.25,0,0.698,train,0
0,7,NODE2,CH21,-93.68,0,0.398,train,0
0,7,NODE3,CH21,-96.22,0,0.559,train,0
0,7,NODE4,CH21,-100.27,0,0.819,train,0
0,7,NODE5,CH21,-96.53,0,0.365,train,0
0,7,NODE6,CH21,-96.01,0,0.46,train,0
0,7,NODE7,CH21,-98.28,0,0.691,train,0
0,7,NODE8,CH21,-99.04,0,0.858,train,0
0,7,NODE1,CH22,-40.44,1,0.681,train,0
0,7,NODE2,CH22,-51.76,1,0.427,train,0
0,7,NODE3,CH22,-48.1,1,0.465,train,0
0,7,NODE4,CH22,-35.78,1,0.805,train,0
0,7,NODE5,CH22,-50.44,1,0.445,train,0
0,7,NODE6,CH22,-50.77,1,0.416,train,0
0,7,NODE7,CH22,-40.87,1,0.75,train,0
0,7,NODE8,CH22,-39.19,1,0.83,train,0
0,7,NODE1,CH23,-43.25,1,0.678,train,0
0,7,NODE2,CH23,-47.77,1,0.336,train,0
0,7,NODE3,CH23,-46.41,1,0.502,train,0
0,7,NODE4,CH23,-39.14,1,0.791,train,0
0,7,NODE5,CH23,-50.88,1,0.384,train,0
0,7,NODE6,CH23,-51.18,1,0.375,train,0
0,7,NODE7,CH23,-41.69,1,0.764,train,0
0,7,NODE8,CH23,-39.36,1,0.791,train,0
0,7,NODE1,CH24,-97.73,0,0.727,train,0
0,7,NODE2,CH24,-101.43,0,0.412,train,0
0,7,NODE3,CH24,-98.27,0,0.483,train,0
0,7,NODE4,CH24,-100.45,0,0.818,train,0
0,7,NODE5,CH24,-95.84,0,0.379,train,0
0,7,NODE6,CH24,-95.71,0,0.405,train,0
0,7,NODE7,CH24,-95.72,0,0.743,train,0
0,7,NODE8,CH24,-92.48,0,0.786,train,0
0,7,NODE1,CH25,-43.27,1,0.647,train,0
0,7,NODE2,CH25,-50.58,1,0.396,train,0
0,7,NODE3,CH25,-46.57,1,0.473,train,0
0,7,NODE4,CH25,-38.62,1,0.809,train,0
0,7,NODE5,CH25,-49.73,1,0.384,train,0
0,7,NODE6,CH25,-49.14,1,0.405,train,0
0,7,NODE7,CH25,-41.35,1,0.632,train,0
0,7,NODE8,CH25,-40.91,1,0.775,train,0
0,7,NODE1,CH26,-40.29,1,0.682,train,0
0,7,NODE2,CH26,-50.98,1,0.407,train,0
0,7,NODE3,CH26,-46.26,1,0.458,train,0
0,7,NODE4,CH26,-39.77,1,0.696,train,0
0,7,NODE5,CH26,-50.34,1,0.418,train,0
0,7,NODE6,CH26,-48.61,1,0.417,train,0
0,7,NODE7,CH26,-41.17,1,0.698,train,0
0,7,NODE8,CH26,-40.9,1,0.829,train,0
0,7,NODE1,CH27,-96.76,0,0.662,train,0
0,7,NODE2,CH27,-101.7,0,0.334,train,0
0,7,NODE3,CH27,-95.42,0,0.45,train,0
0,7,NODE4,CH27,-91.72,0,0.765,train,0
0,7,NODE5,CH27,-102.04,0,0.464,train,0
0,7,NODE6,CH27,-93.49,0,0.445,train,0
0,7,NODE7,CH27,-99.34,0,0.735,train,0
0,7,NODE8,CH27,-94.68,0,0.8,train,0
0,7,NODE1,CH28,-93.29,0,0.702,train,0
0,7,NODE2,CH28,-99.86,0,0.411,train,0
0,7,NODE3,CH28,-92.1,0,0.473,train,0
0,7,NODE4,CH28,-95.87,0,0.724,train,0
0,7,NODE5,CH28,-100.81,0,0.369,train,0
0,7,NODE6,CH28,-94.8,0,0.404,train,0
0,7,NODE7,CH28,-97.13,0,0.759,train,0
0,7,NODE8,CH28,-97.17,0,0.801,train,0
0,7,NODE1,CH29,-41.65,1,0.742,train,0
0,7,NODE2,CH29,-48.51,1,0.358,train,0
0,7,NODE3,CH29,-47.7,1,0.529,train,0
0,7,NODE4,CH29,-40.76,1,0.76,train,0
0,7,NODE5,CH29,-47.74,1,0.406,train,0
0,7,NODE6,CH29,-47.91,1,0.379,train,0
0,7,NODE7,CH29,-44.09,1,0.734,train,0
0,7,NODE8,CH29,-39.79,1,0.793,train,0
0,7,NODE1,CH30,-44.77,1,0.718,train,0
0,7,NODE2,CH30,-50.29,1,0.445,train,0
0,7,NODE3,CH30,-48.82,1,0.487,train,0
0,7,NODE4,CH30,-37.84,1,0.75,train,0
0,7,NODE5,CH30,-48.5,1,0.429,train,0
0,7,NODE6,CH30,-47.51,1,0.438,train,0
0,7,NODE7,CH30,-42.18,1,0.738,train,0
0,7,NODE8,CH30,-41.78,1,0.795,train,0
0,7,NODE1,CH31,-97.65,0,0.731,train,0
0,7,NODE2,CH31,-101.8,0,0.396,train,0
0,7,NODE3,CH31,-91.99,0,0.458,train,0
0,7,NODE4,CH31,-98.0,0,0.792,train,0
0,7,NODE5,CH31,-99.2,0,0.372,train,0
0,7,NODE6,CH31,-97.43,0,0.473,train,0
0,7,NODE7,CH31,-99.09,0,0.728,train,0
0,7,NODE8,CH31,-100.09,0,0.766,train,0
0,7,NODE1,CH32,-46.21,1,0.676,train,0
0,7,NODE2,CH32,-50.49,1,0.413,train,0
0,7,NODE3,CH32,-49.18,1,0.492,train,0
0,7,NODE4,CH32,-37.52,1,0.756,train,0
0,7,NODE5,CH32,-49.53,1,0.389,train,0
0,7,NODE6,CH32,-47.17,1,0.391,train,0
0,7,NODE7,CH32,-41.59,1,0.755,train,0
0,7,NODE8,CH32,-39.27,1,0.779,train,0
0,7,NODE1,CH33,-97.17,0,0.619,train,0
0,7,NODE2,CH33,-94.07,0,0.439,train,0
0,7,NODE3,CH33,-101.18,0,0.501,train,0
0,7,NODE4,CH33,-91.31,0,0.72,train,0
0,7,NODE5,CH33,-96.48,0,0.394,train,0
0,7,NODE6,CH33,-103.39,0,0.444,train,0
0,7,NODE7,CH33,-94.97,0,0.726,train,0
0,7,NODE8,CH33,-93.62,0,0.755,train,0
0,7,NODE1,CH34,-43.41,1,0.684,train,0
0,7,NODE2,CH34,-50.53,1,0.428,train,0
0,7,NODE3,CH34,-47.3,1,0.439,train,0
0,7,NODE4,CH34,-42.58,1,0.729,train,0
0,7,NODE5,CH34,-48.56,1,0.388,train,0
0,7,NODE6,CH34,-45.67,1,0.465,train,0
0,7,NODE7,CH34,-43.02,1,0.73,train,0
0,7,NODE8,CH34,-39.89,1,0.8,train,0
0,7,NODE1,CH35,-45.55,1,0.714,train,0
0,7,NODE2,CH35,-48.67,1,0.415,train,0
0,7,NODE3,CH35,-51.0,1,0.499,train,0
0,7,NODE4,CH35,-44.17,1,0.762,train,0
0,7,NODE5,CH35,-49.59,1,0.441,train,0
0,7,NODE6,CH35,-49.65,1,0.446,train,0
0,7,NODE7,CH35,-43.91,1,0.709,train,0
0,7,NODE8,CH35,-39.78,1,0.777,train,0
0,7,NODE1,CH36,-40.63,1,0.699,train,0
0,7,NODE2,CH36,-50.24,1,0.476,train,0
0,7,NODE3,CH36,-48.64,1,0.492,train,0
0,7,NODE4,CH36,-41.1,1,0.776,train,0
0,7,NODE5,CH36,-50.86,1,0.0,train,0
0,7,NODE6,CH36,-49.84,1,0.402,train,0
0,7,NODE7,CH36,-40.74,1,0.726,train,0
0,7,NODE8,CH36,-38.49,1,0.805,train,0
0,7,NODE1,CH37,-43.46,1,0.624,train,0
0,7,NODE2,CH37,-49.58,1,0.374,train,0
0,7,NODE3,CH37,-45.33,1,0.516,train,0
0,7,NODE4,CH37,-40.03,1,0.831,train,0
0,7,NODE5,CH37,-48.32,1,0.444,train,0
0,7,NODE6,CH37,-49.17,1,0.444,train,0
0,7,NODE7,CH37,-40.73,1,0.71,train,0
0,7,NODE8,CH37,-37.41,1,0.825,train,0
0,7,NODE1,CH38,-43.08,1,0.674,train,0
0,7,NODE2,CH38,-46.13,1,0.418,train,0
0,7,NODE3,CH38,-46.54,1,0.453,train,0
0,7,NODE4,CH38,-42.03,1,0.753,train,0
0,7,NODE5,CH38,-49.46,1,0.368,train,0
0,7,NODE6,CH38,-48.24,1,0.38,train,0
0,7,NODE7,CH38,-43.43,1,0.754,train,0
0,7,NODE8,CH38,-41.29,1,0.846,train,0
0,7,NODE1,CH39,-43.85,1,0.725,train,0
0,7,NODE2,CH39,-48.49,1,0.408,train,0
0,7,NODE3,CH39,-42.69,1,0.498,train,0
0,7,NODE4,CH39,-41.11,1,0.75,train,0
0,7,NODE5,CH39,-50.37,1,0.389,train,0
0,7,NODE6,CH39,-49.6,1,0.412,train,0
0,7,NODE7,CH39,-40.05,1,0.763,train,0
0,7,NODE8,CH39,-37.94,1,0.766,train,0
0,7,NODE1,CH40,-46.34,1,0.76,train,0
0,7,NODE2,CH40,-50.3,1,0.377,train,0
0,7,NODE3,CH40,-48.54,1,0.455,train,0
0,7,NODE4,CH40,-40.43,1,0.732,train,0
0,7,NODE5,CH40,-48.07,1,0.384,train,0
0,7,NODE6,CH40,-49.92,1,0.421,train,0
0,7,NODE7,CH40,-41.09,1,0.77,train,0
0,7,NODE8,CH40,-38.55,1,0.783,train,0
0,8,NODE1,CH21,-94.62,0,0.697,train,0
0,8,NODE2,CH21,-97.69,0,0.452,train,0
0,8,NODE3,CH21,-100.69,0,0.429,train,0
0,8,NODE4,CH21,-100.07,0,0.775,train,0
0,8,NODE5,CH21,-98.03,0,0.46,train,0
0,8,NODE6,CH21,-101.13,0,0.373,train,0
0,8,NODE7,CH21,-93.32,0,0.717,train,0
0,8,NODE8,CH21,-98.92,0,0.824,train,0
0,8,NODE1,CH22,-45.32,1,0.668,train,0
0,8,NODE2,CH22,-49.63,1,0.39,train,0
0,8,NODE3,CH22,-45.22,1,0.508,train,0
0,8,NODE4,CH22,-39.58,1,0.721,train,0
0,8,NODE5,CH22,-51.27,1,0.407,train,0
0,8,NODE6,CH22,-46.77,1,0.417,train,0
0,8,NODE7,CH22,-41.88,1,0.76,train,0
0,8,NODE8,CH22,-41.49,1,0.805,train,0
0,8,NODE1,CH23,-43.0,1,0.698,train,0
0,8,NODE2,CH23,-49.01,1,0.364,train,0
0,8,NODE3,CH23,-48.58,1,0.523,train,0
0,8,NODE4,CH23,-41.26,1,0.773,train,0
0,8,NODE5,CH23,-52.23,1,0.433,train,0
0,8,NODE6,CH23,-49.97,1,0.373,train,0
0,8,NODE7,CH23,-42.55,1,0.718,train,0
0,8,NODE8,CH23,-39.84,1,0.768,train,0
0,8,NODE1,CH24,-43.93,1,0.736,train,0
0,8,NODE2,CH24,-47.88,1,0.353,train,0
0,8,NODE3,CH24,-46.37,1,0.521,train,0
0,8,NODE4,CH24,-41.18,1,0.717,train,0
0,8,NODE5,CH24,-49.47,1,0.422,train,0
0,8,NODE6,CH24,-47.99,1,0.426,train,0
0,8,NODE7,CH24,-40.56,1,0.672,train,0
0,8,NODE8,CH24,-39.71,1,0.815,train,0
0,8,NODE1,CH25,-42.37,1,0.665,train,0
0,8,NODE2,CH25,-49.68,1,0.423,train,0
0,8,NODE3,CH25,-49.73,1,0.456,train,0
0,8,NODE4,CH25,-40.91,1,0.774,train,0
0,8,NODE5,CH25,-48.71,1,0.417,train,0
0,8,NODE6,CH25,-48.78,1,0.402,train,0
0,8,NODE7,CH25,-41.44,1,0.728,train,0
0,8,NODE8,CH25,-40.97,1,0.795,train,0
0,8,NODE1,CH26,-42.89,1,0.664,train,0
0,8,NODE2,CH26,-48.89,1,0.374,train,0
0,8,NODE3,CH26,-46.52,1,0.479,train,0
0,8,NODE4,CH26,-39.86,1,0.773,train,0
0,8,NODE5,CH26,-49.42,1,0.384,train,0
0,8,NODE6,CH26,-49.09,1,0.357,train,0
0,8,NODE7,CH26,-42.77,1,0.722,train,0
0,8,NODE8,CH26,-40.25,1,0.746,train,0
0,8,NODE1,CH27,-45.24,1,0.67,train,0
0,8,NODE2,CH27,-51.9,1,0.424,train,0
0,8,NODE3,CH27,-49.9,1,0.457,train,0
0,8,NODE4,CH27,-36.78,1,0.713,train,0
0,8,NODE5,CH27,-48.25,1,0.414,train,0
0,8,NODE6,CH27,-46.9,1,0.371,train,0
0,8,NODE7,CH27,-41.81,1,0.728,train,0
0,8,NODE8,CH27,-40.7,1,0.839,train,0
0,8,NODE1,CH28,-44.35,1,0.639,train,0
0,8,NODE2,CH28,-48.25,1,0.0,train,0
0,8,NODE3,CH28,-49.68,1,0.483,train,0
0,8,NODE4,CH28,-41.34,1,0.794,train,0
0,8,NODE5,CH28,-50.99,1,0.419,train,0
0,8,NODE6,CH28,-48.06,1,0.434,train,0
0,8,NODE7,CH28,-43.04,1,0.678,train,0
0,8,NODE8,CH28,-41.2,1,0.738,train,0
0,8,NODE1,CH29,-42.31,1,0.691,train,0
0,8,NODE2,CH29,-49.92,1,0.463,train,0
0,8,NODE3,CH29,-48.85,1,0.494,train,0
0,8,NODE4,CH29,-41.19,1,0.77,train,0
0,8,NODE5,CH29,-48.62,1,0.358,train,0
0,8,NODE6,CH29,-48.59,1,0.391,train,0
0,8,NODE7,CH29,-42.06,1,0.724,train,0
0,8,NODE8,CH29,-40.03,1,0.777,train,0
0,8,NODE1,CH30,-92.63,0,0.704,train,0
0,8,NODE2,CH30,-100.67,0,0.404,train,0
0,8,NODE3,CH30,-96.43,0,0.503,train,0
0,8,NODE4,CH30,-96.0,0,0.796,train,0
0,8,NODE5,CH30,-97.24,0,0.0,train,0
0,8,NODE6,CH30,-99.8,0,0.409,train,0
0,8,NODE7,CH30,-95.19,0,0.756,train,0
0,8,NODE8,CH30,-91.72,0,0.797,train,0
0,8,NODE1,CH31,-98.73,0,0.673,train,0
0,8,NODE2,CH31,-95.33,0,0.428,train,0
0,8,NODE3,CH31,-102.56,0,0.528,train,0
0,8,NODE4,CH31,-100.09,0,0.763,train,0
0,8,NODE5,CH31,-94.85,0,0.377,train,0
0,8,NODE6,CH31,-96.34,0,0.399,train,0
0,8,NODE7,CH31,-99.8,0,0.736,train,0
0,8,NODE8,CH31,-97.1,0,0.788,train,0
0,8,NODE1,CH32,-41.07,1,0.669,train,0
0,8,NODE2,CH32,-50.22,1,0.396,train,0
0,8,NODE3,CH32,-48.39,1,0.491,train,0
0,8,NODE4,CH32,-42.23,1,0.778,train,0
0,8,NODE5,CH32,-50.93,1,0.384,train,0
0,8,NODE6,CH32,-48.89,1,0.375,train,0
0,8,NODE7,CH32,-43.73,1,0.666,train,0
0,8,NODE8,CH32,-38.88,1,0.853,train,0
0,8,NODE1,CH33,-43.78,1,0.654,train,0
0,8,NODE2,CH33,-48.61,1,0.366,train,0
0,8,NODE3,CH33,-49.8,1,0.482,train,0
0,8,NODE4,CH33,-40.32,1,0.786,train,0
0,8,NODE5,CH33,-49.87,1,0.431,train,0
0,8,NODE6,CH33,-48.38,1,0.432,train,0
0,8,NODE7,CH33,-41.99,1,0.706,train,0
0,8,NODE8,CH33,-38.13,1,0.833,train,0
0,8,NODE1,CH34,-41.82,1,0.647,train,0
0,8,NODE2,CH34,-52.23,1,0.383,train,0
0,8,NODE3,CH34,-47.68,1,0.505,train,0
0,8,NODE4,CH34,-43.2,1,0.0,train,0
0,8,NODE5,CH34,-51.16,1,0.378,train,0
0,8,NODE6,CH34,-49.62,1,0.439,train,0
0,8,NODE7,CH34,-41.01,1,0.697,train,0
0,8,NODE8,CH34,-40.36,1,0.808,train,0
0,8,NODE1,CH35,-98.3,0,0.698,train,0
0,8,NODE2,CH35,-98.54,0,0.383,train,0
0,8,NODE3,CH35,-94.6,0,0.464,train,0
0,8,NODE4,CH35,-95.24,0,0.807,train,0
0,8,NODE5,CH35,-104.1,0,0.419,train,0
0,8,NODE6,CH35,-96.56,0,0.404,train,0
0,8,NODE7,CH35,-99.23,0,0.717,train,0
0,8,NODE8,CH35,-95.76,0,0.789,train,0
0,8,NODE1,CH36,-94.2,0,0.692,train,0
0,8,NODE2,CH36,-96.06,0,0.379,train,0
0,8,NODE3,CH36,-98.55,0,0.554,train,0
0,8,NODE4,CH36,-95.21,0,0.822,train,0
0,8,NODE5,CH36,-94.32,0,0.406,train,0
0,8,NODE6,CH36,-97.94,0,0.418,train,0
0,8,NODE7,CH36,-97.83,0,0.74,train,0
0,8,NODE8,CH36,-94.41,0,0.783,train,0
0,8,NODE1,CH37,-42.57,1,0.716,train,0
0,8,NODE2,CH37,-44.64,1,0.406,train,0
0,8,NODE3,CH37,-47.4,1,0.497,train,0
0,8,NODE4,CH37,-42.38,1,0.866,train,0
0,8,NODE5,CH37,-51.0,1,0.442,train,0
0,8,NODE6,CH37,-47.23,1,0.431,train,0
0,8,NODE7,CH37,-40.58,1,0.678,train,0
0,8,NODE8,CH37,-37.89,1,0.823,train,0
0,8,NODE1,CH38,-44.54,1,0.713,train,0
0,8,NODE2,CH38,-50.9,1,0.385,train,0
0,8,NODE3,CH38,-47.61,1,0.464,train,0
0,8,NODE4,CH38,-39.93,1,0.762,train,0
0,8,NODE5,CH38,-51.5,1,0.395,train,0
0,8,NODE6,CH38,-49.04,1,0.475,train,0
0,8,NODE7,CH38,-41.5,1,0.748,train,0
0,8,NODE8,CH38,-39.95,1,0.748,train,0
0,8,NODE1,CH39,-45.25,1,0.688,train,0
0,8,NODE2,CH39,-49.98,1,0.363,train,0
0,8,NODE3,CH39,-47.75,1,0.0,train,0
0,8,NODE4,CH39,-41.28,1,0.773,train,0
0,8,NODE5,CH39,-50.91,1,0.387,train,0
0,8,NODE6,CH39,-51.07,1,0.413,train,0
0,8,NODE7,CH39,-42.14,1,0.71,train,0
0,8,NODE8,CH39,-41.57,1,0.816,train,0
0,8,NODE1,CH40,-40.87,1,0.665,train,0
0,8,NODE2,CH40,-50.27,1,0.394,train,0
0,8,NODE3,CH40,-45.66,1,0.524,train,0
0,8,NODE4,CH40,-38.79,1,0.751,train,0
0,8,NODE5,CH40,-48.09,1,0.381,train,0
0,8,NODE6,CH40,-50.69,1,0.415,train,0
0,8,NODE7,CH40,-38.41,1,0.657,train,0
0,8,NODE8,CH40,-42.13,1,0.847,train,0
0,9,NODE1,CH21,-43.79,1,0.714,train,0
0,9,NODE2,CH21,-52.51,1,0.427,train,0
0,9,NODE3,CH21,-47.06,1,0.56,train,0
0,9,NODE4,CH21,-41.84,1,0.711,train,0
0,9,NODE5,CH21,-50.58,1,0.398,train,0
0,9,NODE6,CH21,-47.79,1,0.392,train,0
0,9,NODE7,CH21,-43.45,1,0.736,train,0
0,9,NODE8,CH21,-41.86,1,0.772,train,0
0,9,NODE1,CH22,-44.62,1,0.662,train,0
0,9,NODE2,CH22,-49.59,1,0.403,train,0
0,9,NODE3,CH22,-48.71,1,0.519,train,0
0,9,NODE4,CH22,-44.27,1,0.809,train,0
0,9,NODE5,CH22,-48.43,1,0.352,train,0
0,9,NODE6,CH22,-49.42,1,0.436,train,0
0,9,NODE7,CH22,-41.51,1,0.723,train,0
0,9,NODE8,CH22,-40.33,1,0.846,train,0
0,9,NODE1,CH23,-40.14,1,0.671,train,0
0,9,NODE2,CH23,-50.26,1,0.417,train,0
0,9,NODE3,CH23,-48.26,1,0.527,train,0
0,9,NODE4,CH23,-41.65,1,0.724,train,0
0,9,NODE5,CH23,-48.96,1,0.422,train,0
0,9,NODE6,CH23,-49.78,1,0.392,train,0
0,9,NODE7,CH23,-40.33,1,0.75,train,0
0,9,NODE8,CH23,-40.43,1,0.786,train,0
0,9,NODE1,CH24,-41.62,1,0.712,train,0
0,9,NODE2,CH24,-47.56,1,0.42,train,0
0,9,NODE3,CH24,-46.66,1,0.499,train,0
0,9,NODE4,CH24,-41.73,1,0.799,train,0
0,9,NODE5,CH24,-49.8,1,0.429,train,0
0,9,NODE6,CH24,-52.61,1,0.388,train,0
0,9,NODE7,CH24,-38.28,1,0.703,train,0
0,9,NODE8,CH24,-39.71,1,0.811,train,0
0,9,NODE1,CH25,-46.43,1,0.67,train,0
0,9,NODE2,CH25,-51.66,1,0.395,train,0
0,9,NODE3,CH25,-48.51,1,0.48,train,0
0,9,NODE4,CH25,-41.49,1,0.807,train,0
0,9,NODE5,CH25,-50.58,1,0.423,train,0
0,9,NODE6,CH25,-47.52,1,0.41,train,0
0,9,NODE7,CH25,-43.42,1,0.726,train,0
0,9,NODE8,CH25,-42.71,1,0.768,train,0
0,9,NODE1,CH26,-42.08,1,0.634,train,0
0,9,NODE2,CH26,-49.96,1,0.405,train,0
0,9,NODE3,CH26,-48.68,1,0.498,train,0
0,9,NODE4,CH26,-41.36,1,0.777,train,0
0,9,NODE5,CH26,-51.27,1,0.413,train,0
0,9,NODE6,CH26,-49.36,1,0.429,train,0
0,9,NODE7,CH26,-40.9,1,0.776,train,0
0,9,NODE8,CH26,-39.3,1,0.794,train,0
0,9,NODE1,CH27,-42.57,1,0.598,train,0
0,9,NODE2,CH27,-50.81,1,0.448,train,0
0,9,NODE3,CH27,-45.34,1,0.485,train,0
0,9,NODE4,CH27,-38.03,1,0.74,train,0
0,9,NODE5,CH27,-51.62,1,0.383,train,0
0,9,NODE6,CH27,-53.09,1,0.402,train,0
0,9,NODE7,CH27,-40.99,1,0.669,train,0
0,9,NODE8,CH27,-39.68,1,0.845,train,0
0,9,NODE1,CH28,-100.25,0,0.742,train,0
0,9,NODE2,CH28,-94.51,0,0.489,train,0
0,9,NODE3,CH28,-97.43,0,0.501,train,0
0,9,NODE4,CH28,-95.89,0,0.787,train,0
0,9,NODE5,CH28,-94.7,0,0.339,train,0
0,9,NODE6,CH28,-94.7,0,0.39,train,0
0,9,NODE7,CH28,-95.82,0,0.668,train,0
0,9,NODE8,CH28,-95.34,0,0.821,train,0
0,9,NODE1,CH29,-43.95,1,0.71,train,0
0,9,NODE2,CH29,-50.15,1,0.409,train,0
0,9,NODE3,CH29,-46.78,1,0.452,train,0
0,9,NODE4,CH29,-40.8,1,0.786,train,0
0,9,NODE5,CH29,-52.04,1,0.397,train,0
0,9,NODE6,CH29,-47.55,1,0.417,train,0
0,9,NODE7,CH29,-43.38,1,0.694,train,0
0,9,NODE8,CH29,-37.64,1,0.794,train,0
0,9,NODE1,CH30,-42.62,1,0.667,train,0
0,9,NODE2,CH30,-51.71,1,0.433,train,0
0,9,NODE3,CH30,-47.58,1,0.583,train,0
0,9,NODE4,CH30,-40.06,1,0.725,train,0
0,9,NODE5,CH30,-51.4,1,0.43,train,0
0,9,NODE6,CH30,-49.43,1,0.472,train,0
0,9,NODE7,CH30,-40.24,1,0.748,train,0
0,9,NODE8,CH30,-40.12,1,0.76,train,0
0,9,NODE1,CH31,-42.39,1,0.717,train,0
0,9,NODE2,CH31,-47.72,1,0.0,train,0
0,9,NODE3,CH31,-46.59,1,0.489,train,0
0,9,NODE4,CH31,-41.67,1,0.768,train,0
0,9,NODE5,CH31,-53.21,1,0.413,train,0
0,9,NODE6,CH31,-48.23,1,0.357,train,0
0,9,NODE7,CH31,-44.05,1,0.784,train,0
0,9,NODE8,CH31,-40.36,1,0.757,train,0
0,9,NODE1,CH32,-41.91,1,0.683,train,0
0,9,NODE2,CH32,-53.1,1,0.45,train,0
0,9,NODE3,CH32,-48.58,1,0.493,train,0
0,9,NODE4,CH32,-41.19,1,0.74,train,0
0,9,NODE5,CH32,-49.63,1,0.383,train,0
0,9,NODE6,CH32,-51.75,1,0.455,train,0
0,9,NODE7,CH32,-43.04,1,0.704,train,0
0,9,NODE8,CH32,-40.59,1,0.761,train,0
0,9,NODE1,CH33,-43.53,1,0.705,train,0
0,9,NODE2,CH33,-50.9,1,0.402,train,0
0,9,NODE3,CH33,-45.1,1,0.518,train,0
0,9,NODE4,CH33,-39.96,1,0.785,train,0
0,9,NODE5,CH33,-51.58,1,0.397,train,0
0,9,NODE6,CH33,-48.58,1,0.408,train,0
0,9,NODE7,CH33,-42.82,1,0.726,train,0
0,9,NODE8,CH33,-42.22,1,0.792,train,0
0,9,NODE1,CH34,-41.58,1,0.683,train,0
0,9,NODE2,CH34,-50.14,1,0.405,train,0
0,9,NODE3,CH34,-49.39,1,0.475,train,0
0,9,NODE4,CH34,-39.04,1,0.783,train,0
0,9,NODE5,CH34,-49.25,1,0.397,train,0
0,9,NODE6,CH34,-48.44,1,0.404,train,0
0,9,NODE7,CH34,-39.96,1,0.766,train,0
0,9,NODE8,CH34,-40.48,1,0.78,train,0
0,9,NODE1,CH35,-41.62,1,0.665,train,0
0,9,NODE2,CH35,-49.76,1,0.386,train,0
0,9,NODE3,CH35,-45.65,1,0.479,train,0
0,9,NODE4,CH35,-41.2,1,0.812,train,0
0,9,NODE5,CH35,-50.52,1,0.379,train,0
0,9,NODE6,CH35,-47.68,1,0.397,train,0
0,9,NODE7,CH35,-39.49,1,0.698,train,0
0,9,NODE8,CH35,-38.58,1,0.773,train,0
0,9,NODE1,CH36,-43.3,1,0.712,train,0
0,9,NODE2,CH36,-50.72,1,0.403,train,0
0,9,NODE3,CH36,-47.63,1,0.466,train,0
0,9,NODE4,CH36,-40.78,1,0.77,train,0
0,9,NODE5,CH36,-48.49,1,0.4,train,0
0,9,NODE6,CH36,-48.45,1,0.395,train,0
0,9,NODE7,CH36,-41.19,1,0.735,train,0
0,9,NODE8,CH36,-38.11,1,0.759,train,0
0,9,NODE1,CH37,-98.67,0,0.724,train,0
0,9,NODE2,CH37,-104.06,0,0.421,train,0
0,9,NODE3,CH37,-93.51,0,0.52,train,0
0,9,NODE4,CH37,-100.51,0,0.807,train,0
0,9,NODE5,CH37,-92.64,0,0.376,train,0
0,9,NODE6,CH37,-100.98,0,0.396,train,0
0,9,NODE7,CH37,-97.96,0,0.744,train,0
0,9,NODE8,CH37,-91.05,0,0.8,train,0
0,9,NODE1,CH38,-42.55,1,0.694,train,0
0,9,NODE2,CH38,-51.6,1,0.421,train,0
0,9,NODE3,CH38,-48.09,1,0.448,train,0
0,9,NODE4,CH38,-39.9,1,0.801,train,0
0,9,NODE5,CH38,-51.0,1,0.393,train,0
0,9,NODE6,CH38,-50.27,1,0.417,train,0
0,9,NODE7,CH38,-38.93,1,0.704,train,0
0,9,NODE8,CH38,-38.35,1,0.799,train,0
0,9,NODE1,CH39,-93.0,0,0.653,train,0
0,9,NODE2,CH39,-97.26,0,0.429,train,0
0,9,NODE3,CH39,-93.36,0,0.459,train,0
0,9,NODE4,CH39,-95.64,0,0.834,train,0
0,9,NODE5,CH39,-98.57,0,0.418,train,0
0,9,NODE6,CH39,-99.72,0,0.414,train,0
0,9,NODE7,CH39,-95.82,0,0.727,train,0
0,9,NODE8,CH39,-93.84,0,0.8,train,0
0,9,NODE1,CH40,-42.35,1,0.66,train,0
0,9,NODE2,CH40,-46.56,1,0.426,train,0
0,9,NODE3,CH40,-46.97,1,0.474,train,0
0,9,NODE4,CH40,-42.63,1,0.725,train,0
0,9,NODE5,CH40,-49.99,1,0.389,train,0
0,9,NODE6,CH40,-50.27,1,0.479,train,0
0,9,NODE7,CH40,-43.66,1,0.75,train,0
0,9,NODE8,CH40,-39.24,1,0.718,train,0
0,10,NODE1,CH21,-43.46,1,0.669,train,0
0,10,NODE2,CH21,-51.41,1,0.392,train,0
0,10,NODE3,CH21,-48.5,1,0.502,train,0
0,10,NODE4,CH21,-39.38,1,0.781,train,0
0,10,NODE5,CH21,-50.11,1,0.377,train,0
0,10,NODE6,CH21,-50.01,1,0.407,train,0
0,10,NODE7,CH21,-40.99,1,0.0,train,0
0,10,NODE8,CH21,-40.02,1,0.78,train,0
0,10,NODE1,CH22,-41.74,1,0.717,train,0
0,10,NODE2,CH22,-51.38,1,0.421,train,0
0,10,NODE3,CH22,-47.98,1,0.46,train,0
0,10,NODE4,CH22,-42.45,1,0.755,train,0
0,10,NODE5,CH22,-48.96,1,0.379,train,0
0,10,NODE6,CH22,-50.69,1,0.417,train,0
0,10,NODE7,CH22,-41.31,1,0.718,train,0
0,10,NODE8,CH22,-40.01,1,0.788,train,0
0,10,NODE1,CH23,-43.43,1,0.673,train,0
0,10,NODE2,CH23,-48.43,1,0.421,train,0
0,10,NODE3,CH23,-49.47,1,0.511,train,0
0,10,NODE4,CH23,-41.91,1,0.805,train,0
0,10,NODE5,CH23,-50.47,1,0.388,train,0
0,10,NODE6,CH23,-53.36,1,0.399,train,0
0,10,NODE7,CH23,-41.82,1,0.621,train,0
0,10,NODE8,CH23,-41.43,1,0.811,train,0
0,10,NODE1,CH24,-44.78,1,0.701,train,0
0,10,NODE2,CH24,-51.59,1,0.363,train,0
0,10,NODE3,CH24,-46.74,1,0.498,train,0
0,10,NODE4,CH24,-40.69,1,0.786,train,0
0,10,NODE5,CH24,-50.02,1,0.373,train,0
0,10,NODE6,CH24,-49.0,1,0.442,train,0
0,10,NODE7,CH24,-41.91,1,0.695,train,0
0,10,NODE8,CH24,-38.06,1,0.726,train,0
0,10,NODE1,CH25,-42.94,1,0.661,train,0
0,10,NODE2,CH25,-49.87,1,0.302,train,0
0,10,NODE3,CH25,-44.48,1,0.418,train,0
0,10,NODE4,CH25,-38.41,1,0.758,train,0
0,10,NODE5,CH25,-50.81,1,0.416,train,0
0,10,NODE6,CH25,-50.96,1,0.386,train,0
0,10,NODE7,CH25,-40.24,1,0.749,train,0
0,10,NODE8,CH25,-42.18,1,0.847,train,0
0,10,NODE1,CH26,-43.7,1,0.689,train,0
0,10,NODE2,CH26,-50.32,1,0.375,train,0
0,10,NODE3,CH26,-46.85,1,0.507,train,0
0,10,NODE4,CH26,-39.9,1,0.765,train,0
0,10,NODE5,CH26,-51.24,1,0.401,train,0
0,10,NODE6,CH26,-47.64,1,0.407,train,0
0,10,NODE7,CH26,-40.83,1,0.686,train,0
0,10,NODE8,CH26,-41.08,1,0.801,train,0
0,10,NODE1,CH27,-43.21,1,0.713,train,0
0,10,NODE2,CH27,-44.83,1,0.336,train,0
0,10,NODE3,CH27,-47.57,1,0.52,train,0
0,10,NODE4,CH27,-39.71,1,0.812,train,0
0,10,NODE5,CH27,-49.29,1,0.409,train,0
0,10,NODE6,CH27,-50.39,1,0.408,train,0
0,10,NODE7,CH27,-40.28,1,0.746,train,0
0,10,NODE8,CH27,-43.91,1,0.828,train,0
0,10,NODE1,CH28,-98.35,0,0.674,train,0
0,10,NODE2,CH28,-98.73,0,0.445,train,0
0,10,NODE3,CH28,-95.33,0,0.437,train,0
0,10,NODE4,CH28,-94.04,0,0.75,train,0
0,10,NODE5,CH28,-100.36,0,0.431,train,0
0,10,NODE6,CH28,-102.53,0,0.45,train,0
0,10,NODE7,CH28,-95.95,0,0.757,train,0
0,10,NODE8,CH28,-92.04,0,0.78,train,0
0,10,NODE1,CH29,-42.56,1,0.688,train,0
0,10,NODE2,CH29,-52.44,1,0.405,train,0
0,10,NODE3,CH29,-47.72,1,0.461,train,0
0,10,NODE4,CH29,-43.49,1,0.762,train,0
0,10,NODE5,CH29,-52.97,1,0.43,train,0
0,10,NODE6,CH29,-47.13,1,0.421,train,0
0,10,NODE7,CH29,-46.03,1,0.748,train,0
0,10,NODE8,CH29,-37.95,1,0.796,train,0
0,10,NODE1,CH30,-98.81,0,0.679,train,0
0,10,NODE2,CH30,-106.11,0,0.483,train,0
0,10,NODE3,CH30,-98.25,0,0.516,train,0
0,10,NODE4,CH30,-96.93,0,0.739,train,0
0,10,NODE5,CH30,-99.9,0,0.422,train,0
0,10,NODE6,CH30,-99.45,0,0.405,train,0
0,10,NODE7,CH30,-94.51,0,0.724,train,0
0,10,NODE8,CH30,-101.87,0,0.8,train,0
0,10,NODE1,CH31,-41.6,1,0.732,train,0
0,10,NODE2,CH31,-50.88,1,0.434,train,0
0,10,NODE3,CH31,-50.14,1,0.538,train,0
0,10,NODE4,CH31,-38.91,1,0.765,train,0
0,10,NODE5,CH31,-48.84,1,0.402,train,0
0,10,NODE6,CH31,-47.37,1,0.472,train,0
0,10,NODE7,CH31,-39.19,1,0.686,train,0
0,10,NODE8,CH31,-40.23,1,0.819,train,0
0,10,NODE1,CH32,-41.02,1,0.652,train,0
0,10,NODE2,CH32,-51.26,1,0.384,train,0
0,10,NODE3,CH32,-48.37,1,0.464,train,0
0,10,NODE4,CH32,-44.51,1,0.787,train,0
0,10,NODE5,CH32,-49.36,1,0.358,train,0
0,10,NODE6,CH32,-50.19,1,0.449,train,0
0,10,NODE7,CH32,-41.5,1,0.745,train,0
0,10,NODE8,CH32,-40.52,1,0.768,train,0
0,10,NODE1,CH33,-98.94,0,0.672,train,0
0,10,NODE2,CH33,-96.44,0,0.404,train,0
0,10,NODE3,CH33,-96.46,0,0.447,train,0
0,10,NODE4,CH33,-97.9,0,0.779,train,0
0,10,NODE5,CH33,-92.99,0,0.436,train,0
0,10,NODE6,CH33,-99.97,0,0.446,train,0
0,10,NODE7,CH33,-97.6,0,0.716,train,0
0,10,NODE8,CH33,-89.95,0,0.755,train,0
0,10,NODE1,CH34,-41.48,1,0.643,train,0
0,10,NODE2,CH34,-52.05,1,0.386,train,0
0,10,NODE3,CH34,-47.68,1,0.493,train,0
0,10,NODE4,CH34,-40.01,1,0.732,train,0
0,10,NODE5,CH34,-51.54,1,0.418,train,0
0,10,NODE6,CH34,-48.09,1,0.394,train,0
0,10,NODE7,CH34,-40.74,1,0.67,train,0
0,10,NODE8,CH34,-37.8,1,0.769,train,0
0,10,NODE1,CH35,-39.93,1,0.71,train,0
0,10,NODE2,CH35,-51.09,1,0.4,train,0
0,10,NODE3,CH35,-49.59,1,0.537,train,0
0,10,NODE4,CH35,-40.2,1,0.722,train,0
0,10,NODE5,CH35,-51.63,1,0.327,train,0
0,10,NODE6,CH35,-51.26,1,0.402,train,0
0,10,NODE7,CH35,-42.05,1,0.749,train,0
0,10,NODE8,CH35,-36.67,1,0.838,train,0
0,10,NODE1,CH36,-101.72,0,0.684,train,0
0,10,NODE2,CH36,-98.94,0,0.42,train,0
0,10,NODE3,CH36,-96.82,0,0.526,train,0
0,10,NODE4,CH36,-94.02,0,0.795,train,0
0,10,NODE5,CH36,-98.43,0,0.411,train,0
0,10,NODE6,CH36,-97.99,0,0.408,train,0
0,10,NODE7,CH36,-100.45,0,0.734,train,0
0,10,NODE8,CH36,-96.99,0,0.773,train,0
0,10,NODE1,CH37,-42.73,1,0.661,train,0
0,10,NODE2,CH37,-47.92,1,0.428,train,0
0,10,NODE3,CH37,-48.54,1,0.53,train,0
0,10,NODE4,CH37,-42.59,1,0.746,train,0
0,10,NODE5,CH37,-49.46,1,0.386,train,0
0,10,NODE6,CH37,-51.7,1,0.489,train,0
0,10,NODE7,CH37,-42.46,1,0.757,train,0
0,10,NODE8,CH37,-37.84,1,0.758,train,0
0,10,NODE1,CH38,-45.69,1,0.713,train,0
0,10,NODE2,CH38,-48.65,1,0.359,train,0
0,10,NODE3,CH38,-47.23,1,0.493,train,0
0,10,NODE4,CH38,-38.37,1,0.803,train,0
0,10,NODE5,CH38,-51.05,1,0.446,train,0
0,10,NODE6,CH38,-47.4,1,0.419,train,0
0,10,NODE7,CH38,-42.91,1,0.754,train,0
0,10,NODE8,CH38,-38.87,1,0.832,train,0
0,10,NODE1,CH39,-42.1,1,0.69,train,0
0,10,NODE2,CH39,-50.08,1,0.4,train,0
0,10,NODE3,CH39,-48.29,1,0.422,train,0
0,10,NODE4,CH39,-42.28,1,0.772,train,0
0,10,NODE5,CH39,-49.12,1,0.357,train,0
0,10,NODE6,CH39,-49.53,1,0.36,train,0
0,10,NODE7,CH39,-40.59,1,0.717,train,0
0,10,NODE8,CH39,-36.31,1,0.797,train,0
0,10,NODE1,CH40,-43.63,1,0.0,train,0
0,10,NODE2,CH40,-49.43,1,0.383,train,0
0,10,NODE3,CH40,-48.28,1,0.479,train,0
0,10,NODE4,CH40,-41.44,1,0.831,train,0
0,10,NODE5,CH40,-50.88,1,0.469,train,0
0,10,NODE6,CH40,-48.23,1,0.419,train,0
0,10,NODE7,CH40,-42.42,1,0.681,train,0
0,10,NODE8,CH40,-39.15,1,0.794,train,0
0,11,NODE1,CH21,-42.54,1,0.0,train,0
0,11,NODE2,CH21,-49.9,1,0.412,train,0
0,11,NODE3,CH21,-45.42,1,0.481,train,0
0,11,NODE4,CH21,-38.92,1,0.756,train,0
0,11,NODE5,CH21,-49.57,1,0.412,train,0
0,11,NODE6,CH21,-52.01,1,0.431,train,0
0,11,NODE7,CH21,-43.15,1,0.713,train,0
0,11,NODE8,CH21,-40.4,1,0.803,train,0
0,11,NODE1,CH22,-42.52,1,0.65,train,0
0,11,NODE2,CH22,-52.38,1,0.366,train,0
0,11,NODE3,CH22,-48.86,1,0.502,train,0
0,11,NODE4,CH22,-43.31,1,0.797,train,0
0,11,NODE5,CH22,-49.97,1,0.4,train,0
0,11,NODE6,CH22,-50.91,1,0.432,train,0
0,11,NODE7,CH22,-39.27,1,0.734,train,0
0,11,NODE8,CH22,-39.01,1,0.821,train,0
0,11,NODE1,CH23,-43.95,1,0.659,train,0
0,11,NODE2,CH23,-52.73,1,0.403,train,0
0,11,NODE3,CH23,-46.79,1,0.468,train,0
0,11,NODE4,CH23,-40.31,1,0.768,train,0
0,11,NODE5,CH23,-50.12,1,0.416,train,0
0,11,NODE6,CH23,-50.59,1,0.387,train,0
0,11,NODE7,CH23,-41.78,1,0.698,train,0
0,11,NODE8,CH23,-40.57,1,0.847,train,0
0,11,NODE1,CH24,-97.34,0,0.663,train,0
0,11,NODE2,CH24,-93.2,0,0.403,train,0
0,11,NODE3,CH24,-99.54,0,0.512,train,0
0,11,NODE4,CH24,-96.44,0,0.779,train,0
0,11,NODE5,CH24,-94.89,0,0.382,train,0
0,11,NODE6,CH24,-99.54,0,0.436,train,0
0,11,NODE7,CH24,-101.68,0,0.766,train,0
0,11,NODE8,CH24,-96.7,0,0.799,train,0
0,11,NODE1,CH25,-42.76,1,0.713,train,0
0,11,NODE2,CH25,-50.06,1,0.413,train,0
0,11,NODE3,CH25,-46.09,1,0.47,train,0
0,11,NODE4,CH25,-41.17,1,0.769,train,0
0,11,NODE5,CH25,-51.46,1,0.363,train,0
0,11,NODE6,CH25,-49.21,1,0.391,train,0
0,11,NODE7,CH25,-39.87,1,0.663,train,0
0,11,NODE8,CH25,-39.84,1,0.727,train,0
0,11,NODE1,CH26,-42.67,1,0.689,train,0
0,11,NODE2,CH26,-49.4,1,0.423,train,0
0,11,NODE3,CH26,-46.54,1,0.592,train,0
0,11,NODE4,CH26,-40.76,1,0.77,train,0
0,11,NODE5,CH26,-49.06,1,0.392,train,0
0,11,NODE6,CH26,-51.1,1,0.404,train,0
0,11,NODE7,CH26,-42.3,1,0.713,train,0
0,11,NODE8,CH26,-39.94,1,0.834,train,0
0,11,NODE1,CH27,-98.58,0,0.703,train,0
0,11,NODE2,CH27,-99.27,0,0.444,train,0
0,11,NODE3,CH27,-95.77,0,0.495,train,0
0,11,NODE4,CH27,-93.86,0,0.775,train,0
0,11,NODE5,CH27,-99.23,0,0.333,train,0
0,11,NODE6,CH27,-99.57,0,0.431,train,0
0,11,NODE7,CH27,-98.26,0,0.75,train,0
0,11,NODE8,CH27,-92.01,0,0.813,train,0
0,11,NODE1,CH28,-43.03,1,0.695,train,0
0,11,NODE2,CH28,-47.37,1,0.407,train,0
0,11,NODE3,CH28,-49.34,1,0.459,train,0
0,11,NODE4,CH28,-40.07,1,0.776,train,0
0,11,NODE5,CH28,-51.22,1,0.409,train,0
0,11,NODE6,CH28,-46.96,1,0.442,train,0
0,11,NODE7,CH28,-43.47,1,0.703,train,0
0,11,NODE8,CH28,-41.67,1,0.799,train,0
0,11,NODE1,CH29,-42.02,1,0.674,train,0
0,11,NODE2,CH29,-50.87,1,0.405,train,0
0,11,NODE3,CH29,-48.86,1,0.41,train,0
0,11,NODE4,CH29,-40.12,1,0.822,train,0
0,11,NODE5,CH29,-49.22,1,0.388,train,0
0,11,NODE6,CH29,-50.1,1,0.404,train,0
0,11,NODE7,CH29,-44.45,1,0.752,train,0
0,11,NODE8,CH29,-39.72,1,0.783,train,0
0,11,NODE1,CH30,-41.14,1,0.674,train,0
0,11,NODE2,CH30,-49.91,1,0.407,train,0
0,11,NODE3,CH30,-49.51,1,0.461,train,0
0,11,NODE4,CH30,-42.11,1,0.768,train,0
0,11,NODE5,CH30,-49.9,1,0.464,train,0
0,11,NODE6,CH30,-50.56,1,0.405,train,0
0,11,NODE7,CH30,-41.16,1,0.714,train,0
0,11,NODE8,CH30,-37.11,1,0.811,train,0
0,11,NODE1,CH31,-43.91,1,0.684,train,0
0,11,NODE2,CH31,-51.33,1,0.398,train,0
0,11,NODE3,CH31,-48.21,1,0.456,train,0
0,11,NODE4,CH31,-42.01,1,0.743,train,0
0,11,NODE5,CH31,-49.24,1,0.339,train,0
0,11,NODE6,CH31,-51.72,1,0.405,train,0
0,11,NODE7,CH31,-41.23,1,0.745,train,0
0,11,NODE8,CH31,-40.36,1,0.825,train,0
0,11,NODE1,CH32,-43.7,1,0.67,train,0
0,11,NODE2,CH32,-47.73,1,0.325,train,0
0,11,NODE3,CH32,-49.65,1,0.473,train,0
0,11,NODE4,CH32,-39.65,1,0.761,train,0
0,11,NODE5,CH32,-47.48,1,0.463,train,0
0,11,NODE6,CH32,-48.94,1,0.428,train,0
0,11,NODE7,CH32,-43.57,1,0.732,train,0
0,11,NODE8,CH32,-41.72,1,0.795,train,0
0,11,NODE1,CH33,-46.64,1,0.71,train,0
0,11,NODE2,CH33,-46.87,1,0.399,train,0
0,11,NODE3,CH33,-47.28,1,0.491,train,0
0,11,NODE4,CH33,-43.22,1,0.818,train,0
0,11,NODE5,CH33,-49.58,1,0.386,train,0
0,11,NODE6,CH33,-47.89,1,0.379,train,0
0,11,NODE7,CH33,-43.36,1,0.74,train,0
0,11,NODE8,CH33,-39.98,1,0.822,train,0
0,11,NODE1,CH34,-97.88,0,0.683,train,0
0,11,NODE2,CH34,-98.42,0,0.355,train,0
0,11,NODE3,CH34,-94.79,0,0.486,train,0
0,11,NODE4,CH34,-98.59,0,0.735,train,0
0,11,NODE5,CH34,-98.33,0,0.438,train,0
0,11,NODE6,CH34,-96.81,0,0.404,train,0
0,11,NODE7,CH34,-95.64,0,0.742,train,0
0,11,NODE8,CH34,-96.75,0,0.814,train,0
0,11,NODE1,CH35,-41.96,1,0.778,train,0
0,11,NODE2,CH35,-48.96,1,0.401,train,0
0,11,NODE3,CH35,-48.63,1,0.498,train,0
0,11,NODE4,CH35,-41.44,1,0.727,train,0
0,11,NODE5,CH35,-49.74,1,0.391,train,0
0,11,NODE6,CH35,-47.25,1,0.425,train,0
0,11,NODE7,CH35,-41.0,1,0.75,train,0
0,11,NODE8,CH35,-40.75,1,0.822,train,0
0,11,NODE1,CH36,-41.39,1,0.67,train,0
0,11,NODE2,CH36,-49.13,1,0.43,train,0
0,11,NODE3,CH36,-46.02,1,0.541,train,0
0,11,NODE4,CH36,-40.2,1,0.804,train,0
0,11,NODE5,CH36,-51.53,1,0.444,train,0
0,11,NODE6,CH36,-50.22,1,0.373,train,0
0,11,NODE7,CH36,-42.91,1,0.688,train,0
0,11,NODE8,CH36,-38.02,1,0.781,train,0
0,11,NODE1,CH37,-94.31,0,0.67,train,0
0,11,NODE2,CH37,-97.26,0,0.38,train,0
0,11,NODE3,CH37,-97.76,0,0.46,train,0
0,11,NODE4,CH37,-93.78,0,0.746,train,0
0,11,NODE5,CH37,-98.99,0,0.44,train,0
0,11,NODE6,CH37,-98.83,0,0.439,train,0
0,11,NODE7,CH37,-101.14,0,0.704,train,0
0,11,NODE8,CH37,-96.87,0,0.815,train,0
0,11,NODE1,CH38,-100.23,0,0.667,train,0
0,11,NODE2,CH38,-97.08,0,0.427,train,0
0,11,NODE3,CH38,-99.54,0,0.485,train,0
0,11,NODE4,CH38,-95.24,0,0.813,train,0
0,11,NODE5,CH38,-103.24,0,0.387,train,0
0,11,NODE6,CH38,-94.03,0,0.39,train,0
0,11,NODE7,CH38,-96.81,0,0.766,train,0
0,11,NODE8,CH38,-100.14,0,0.792,train,0
0,11,NODE1,CH39,-43.21,1,0.687,train,0
0,11,NODE2,CH39,-51.53,1,0.368,train,0
0,11,NODE3,CH39,-46.08,1,0.491,train,0
0,11,NODE4,CH39,-38.63,1,0.77,train,0
0,11,NODE5,CH39,-51.41,1,0.382,train,0
0,11,NODE6,CH39,-47.93,1,0.429,train,0
0,11,NODE7,CH39,-40.88,1,0.697,train,0
0,11,NODE8,CH39,-40.9,1,0.815,train,0
0,11,NODE1,CH40,-95.68,0,0.663,train,0
0,11,NODE2,CH40,-104.2,0,0.364,train,0
0,11,NODE3,CH40,-94.45,0,0.441,train,0
0,11,NODE4,CH40,-93.51,0,0.733,train,0
0,11,NODE5,CH40,-98.18,0,0.409,train,0
0,11,NODE6,CH40,-93.94,0,0.425,train,0
0,11,NODE7,CH40,-96.6,0,0.722,train,0
0,11,NODE8,CH40,-99.57,0,0.793,train,0
0,12,NODE1,CH21,-98.26,0,0.653,train,0
0,12,NODE2,CH21,-98.38,0,0.392,train,0
0,12,NODE3,CH21,-97.48,0,0.516,train,0
0,12,NODE4,CH21,-95.12,0,0.778,train,0
0,12,NODE5,CH21,-97.06,0,0.433,train,0
0,12,NODE6,CH21,-96.32,0,0.388,train,0
0,12,NODE7,CH21,-93.33,0,0.719,train,0
0,12,NODE8,CH21,-95.16,0,0.835,train,0
0,12,NODE1,CH22,-41.44,1,0.638,train,0
0,12,NODE2,CH22,-48.7,1,0.413,train,0
0,12,NODE3,CH22,-49.92,1,0.467,train,0
0,12,NODE4,CH22,-41.44,1,0.743,train,0
0,12,NODE5,CH22,-48.92,1,0.367,train,0
0,12,NODE6,CH22,-48.01,1,0.402,train,0
0,12,NODE7,CH22,-41.0,1,0.703,train,0
0,12,NODE8,CH22,-41.12,1,0.788,train,0
0,12,NODE1,CH23,-44.25,1,0.757,train,0
0,12,NODE2,CH23,-48.37,1,0.437,train,0
0,12,NODE3,CH23,-49.01,1,0.487,train,0
0,12,NODE4,CH23,-38.45,1,0.779,train,0
0,12,NODE5,CH23,-49.96,1,0.412,train,0
0,12,NODE6,CH23,-46.71,1,0.444,train,0
0,12,NODE7,CH23,-41.79,1,0.764,train,0
0,12,NODE8,CH23,-41.42,1,0.773,train,0
0,12,NODE1,CH24,-42.2,1,0.664,train,0
0,12,NODE2,CH24,-53.08,1,0.379,train,0
0,12,NODE3,CH24,-46.02,1,0.499,train,0
0,12,NODE4,CH24,-39.81,1,0.798,train,0
0,12,NODE5,CH24,-48.59,1,0.428,train,0
0,12,NODE6,CH24,-49.51,1,0.501,train,0
0,12,NODE7,CH24,-42.05,1,0.666,train,0
0,12,NODE8,CH24,-41.66,1,0.769,train,0
0,12,NODE1,CH25,-96.12,0,0.673,train,0
0,12,NODE2,CH25,-95.78,0,0.412,train,0
0,12,NODE3,CH25,-101.42,0,0.496,train,0
0,12,NODE4,CH25,-91.47,0,0.755,train,0
0,12,NODE5,CH25,-98.32,0,0.426,train,0
0,12,NODE6,CH25,-102.3,0,0.362,train,0
0,12,NODE7,CH25,-95.4,0,0.707,train,0
0,12,NODE8,CH25,-95.96,0,0.875,train,0
0,12,NODE1,CH26,-43.22,1,0.711,train,0
0,12,NODE2,CH26,-50.23,1,0.486,train,0
0,12,NODE3,CH26,-50.66,1,0.525,train,0
0,12,NODE4,CH26,-41.67,1,0.789,train,0
0,12,NODE5,CH26,-50.12,1,0.367,train,0
0,12,NODE6,CH26,-47.12,1,0.447,train,0
0,12,NODE7,CH26,-41.9,1,0.722,train,0
0,12,NODE8,CH26,-42.96,1,0.792,train,0
0,12,NODE1,CH27,-40.74,1,0.626,train,0
0,12,NODE2,CH27,-52.82,1,0.448,train,0
0,12,NODE3,CH27,-49.52,1,0.46,train,0
0,12,NODE4,CH27,-40.45,1,0.798,train,0
0,12,NODE5,CH27,-50.42,1,0.404,train,0
0,12,NODE6,CH27,-48.77,1,0.434,train,0
0,12,NODE7,CH27,-41.4,1,0.716,train,0
0,12,NODE8,CH27,-41.14,1,0.778,train,0
0,12,NODE1,CH28,-41.44,1,0.683,train,0
0,12,NODE2,CH28,-50.66,1,0.444,train,0
0,12,NODE3,CH28,-47.37,1,0.528,train,0
0,12,NODE4,CH28,-39.79,1,0.774,train,0
0,12,NODE5,CH28,-47.49,1,0.415,train,0
0,12,NODE6,CH28,-50.91,1,0.406,train,0
0,12,NODE7,CH28,-41.79,1,0.697,train,0
0,12,NODE8,CH28,-41.82,1,0.795,train,0
0,12,NODE1,CH29,-43.9,1,0.691,train,0
0,12,NODE2,CH29,-52.41,1,0.462,train,0
0,12,NODE3,CH29,-47.49,1,0.556,train,0
0,12,NODE4,CH29,-41.07,1,0.809,train,0
0,12,NODE5,CH29,-50.44,1,0.432,train,0
0,12,NODE6,CH29,-49.75,1,0.446,train,0
0,12,NODE7,CH29,-45.99,1,0.7,train,0
0,12,NODE8,CH29,-39.0,1,0.821,train,0
0,12,NODE1,CH30,-40.2,1,0.716,train,0
0,12,NODE2,CH30,-50.14,1,0.369,train,0
0,12,NODE3,CH30,-45.52,1,0.504,train,0
0,12,NODE4,CH30,-43.26,1,0.765,train,0
0,12,NODE5,CH30,-49.39,1,0.392,train,0
0,12,NODE6,CH30,-49.4,1,0.457,train,0
0,12,NODE7,CH30,-42.84,1,0.76,train,0
0,12,NODE8,CH30,-39.01,1,0.799,train,0
0,12,NODE1,CH31,-44.83,1,0.68,train,0
0,12,NODE2,CH31,-52.96,1,0.378,train,0
0,12,NODE3,CH31,-47.84,1,0.489,train,0
0,12,NODE4,CH31,-40.96,1,0.809,train,0
0,12,NODE5,CH31,-49.92,1,0.424,train,0
0,12,NODE6,CH31,-48.43,1,0.409,train,0
0,12,NODE7,CH31,-42.24,1,0.789,train,0
0,12,NODE8,CH31,-42.2,1,0.775,train,0
0,12,NODE1,CH32,-99.26,0,0.659,train,0
0,12,NODE2,CH32,-101.63,0,0.413,train,0
0,12,NODE3,CH32,-99.34,0,0.473,train,0
0,12,NODE4,CH32,-96.07,0,0.837,train,0
0,12,NODE5,CH32,-93.78,0,0.4,train,0
0,12,NODE6,CH32,-102.47,0,0.451,train,0
0,12,NODE7,CH32,-99.17,0,0.741,train,0
0,12,NODE8,CH32,-96.18,0,0.764,train,0
0,12,NODE1,CH33,-43.71,1,0.7,train,0
0,12,NODE2,CH33,-51.5,1,0.365,train,0
0,12,NODE3,CH33,-48.98,1,0.49,train,0
0,12,NODE4,CH33,-42.35,1,0.76,train,0
0,12,NODE5,CH33,-50.12,1,0.441,train,0
0,12,NODE6,CH33,-47.91,1,0.452,train,0
0,12,NODE7,CH33,-39.67,1,0.706,train,0
0,12,NODE8,CH33,-39.83,1,0.754,train,0
0,12,NODE1,CH34,-42.39,1,0.652,train,0
0,12,NODE2,CH34,-46.99,1,0.44,train,0
0,12,NODE3,CH34,-49.62,1,0.507,train,0
0,12,NODE4,CH34,-42.59,1,0.84,train,0
0,12,NODE5,CH34,-51.1,1,0.429,train,0
0,12,NODE6,CH34,-47.21,1,0.432,train,0
0,12,NODE7,CH34,-41.64,1,0.677,train,0
0,12,NODE8,CH34,-41.46,1,0.834,train,0
0,12,NODE1,CH35,-41.34,1,0.654,train,0
0,12,NODE2,CH35,-50.9,1,0.443,train,0
0,12,NODE3,CH35,-44.14,1,0.454,train,0
0,12,NODE4,CH35,-39.7,1,0.799,train,0
0,12,NODE5,CH35,-52.29,1,0.385,train,0
0,12,NODE6,CH35,-51.37,1,0.485,train,0
0,12,NODE7,CH35,-40.71,1,0.689,train,0
0,12,NODE8,CH35,-40.29,1,0.828,train,0
0,12,NODE1,CH36,-43.51,1,0.668,train,0
0,12,NODE2,CH36,-48.45,1,0.401,train,0
0,12,NODE3,CH36,-46.86,1,0.482,train,0
0,12,NODE4,CH36,-41.18,1,0.722,train,0
0,12,NODE5,CH36,-50.86,1,0.424,train,0
0,12,NODE6,CH36,-51.42,1,0.43,train,0
0,12,NODE7,CH36,-43.68,1,0.653,train,0
0,12,NODE8,CH36,-41.68,1,0.877,train,0
0,12,NODE1,CH37,-43.66,1,0.678,train,0
0,12,NODE2,CH37,-48.42,1,0.38,train,0
0,12,NODE3,CH37,-46.49,1,0.554,train,0
0,12,NODE4,CH37,-42.69,1,0.798,train,0
0,12,NODE5,CH37,-49.8,1,0.394,train,0
0,12,NODE6,CH37,-46.29,1,0.453,train,0
0,12,NODE7,CH37,-37.93,1,0.731,train,0
0,12,NODE8,CH37,-39.02,1,0.821,train,0
0,12,NODE1,CH38,-96.35,0,0.673,train,0
0,12,NODE2,CH38,-99.37,0,0.411,train,0
0,12,NODE3,CH38,-99.01,0,0.482,train,0
0,12,NODE4,CH38,-93.02,0,0.786,train,0
0,12,NODE5,CH38,-98.27,0,0.345,train,0
0,12,NODE6,CH38,-101.06,0,0.397,train,0
0,12,NODE7,CH38,-94.57,0,0.684,train,0
0,12,NODE8,CH38,-91.64,0,0.826,train,0
0,12,NODE1,CH39,-41.67,1,0.7,train,0
0,12,NODE2,CH39,-51.64,1,0.402,train,0
0,12,NODE3,CH39,-48.35,1,0.503,train,0
0,12,NODE4,CH39,-39.22,1,0.738,train,0
0,12,NODE5,CH39,-51.0,1,0.419,train,0
0,12,NODE6,CH39,-47.15,1,0.433,train,0
0,12,NODE7,CH39,-40.43,1,0.701,train,0
0,12,NODE8,CH39,-40.12,1,0.791,train,0
0,12,NODE1,CH40,-97.81,0,0.674,train,0
0,12,NODE2,CH40,-92.94,0,0.397,train,0
0,12,NODE3,CH40,-104.57,0,0.537,train,0
0,12,NODE4,CH40,-99.6,0,0.758,train,0
0,12,NODE5,CH40,-95.56,0,0.37,train,0
0,12,NODE6,CH40,-94.81,0,0.433,train,0
0,12,NODE7,CH40,-96.8,0,0.687,train,0
0,12,NODE8,CH40,-95.97,0,0.782,train,0
0,13,NODE1,CH21,-98.01,0,0.697,train,0
0,13,NODE2,CH21,-94.82,0,0.424,train,0
0,13,NODE3,CH21,-95.11,0,0.472,train,0
0,13,NODE4,CH21,-97.2,0,0.83,train,0
0,13,NODE5,CH21,-91.88,0,0.399,train,0
0,13,NODE6,CH21,-99.9,0,0.443,train,0
0,13,NODE7,CH21,-96.51,0,0.727,train,0
0,13,NODE8,CH21,-98.47,0,0.758,train,0
0,13,NODE1,CH22,-42.59,1,0.727,train,0
0,13,NODE2,CH22,-49.72,1,0.386,train,0
0,13,NODE3,CH22,-48.31,1,0.558,train,0
0,13,NODE4,CH22,-42.01,1,0.8,train,0
0,13,NODE5,CH22,-50.15,1,0.432,train,0
0,13,NODE6,CH22,-49.74,1,0.436,train,0
0,13,NODE7,CH22,-40.21,1,0.694,train,0
0,13,NODE8,CH22,-39.79,1,0.82,train,0
0,13,NODE1,CH23,-45.15,1,0.74,train,0
0,13,NODE2,CH23,-50.21,1,0.412,train,0
0,13,NODE3,CH23,-48.24,1,0.434,train,0
0,13,NODE4,CH23,-40.82,1,0.767,train,0
0,13,NODE5,CH23,-48.86,1,0.433,train,0
0,13,NODE6,CH23,-48.61,1,0.419,train,0
0,13,NODE7,CH23,-41.02,1,0.681,train,0
0,13,NODE8,CH23,-40.95,1,0.699,train,0
0,13,NODE1,CH24,-91.81,0,0.701,train,0
0,13,NODE2,CH24,-99.3,0,0.417,train,0
0,13,NODE3,CH24,-94.07,0,0.439,train,0
0,13,NODE4,CH24,-98.59,0,0.78,train,0
0,13,NODE5,CH24,-94.19,0,0.446,train,0
0,13,NODE6,CH24,-96.69,0,0.449,train,0
0,13,NODE7,CH24,-94.2,0,0.674,train,0
0,13,NODE8,CH24,-95.89,0,0.765,train,0
0,13,NODE1,CH25,-41.4,1,0.678,train,0
0,13,NODE2,CH25,-48.53,1,0.0,train,0
0,13,NODE3,CH25,-45.39,1,0.507,train,0
0,13,NODE4,CH25,-41.42,1,0.829,train,0
0,13,NODE5,CH25,-50.34,1,0.405,train,0
0,13,NODE6,CH25,-49.5,1,0.411,train,0
0,13,NODE7,CH25,-41.37,1,0.734,train,0
0,13,NODE8,CH25,-40.02,1,0.811,train,0
0,13,NODE1,CH26,-40.65,1,0.693,train,0
0,13,NODE2,CH26,-48.49,1,0.425,train,0
0,13,NODE3,CH26,-47.05,1,0.538,train,0
0,13,NODE4,CH26,-42.12,1,0.793,train,0
0,13,NODE5,CH26,-50.98,1,0.405,train,0
0,13,NODE6,CH26,-49.54,1,0.442,train,0
0,13,NODE7,CH26,-42.19,1,0.71,train,0
0,13,NODE8,CH26,-42.24,1,0.787,train,0
0,13,NODE1,CH27,-41.14,1,0.698,train,0
0,13,NODE2,CH27,-50.74,1,0.378,train,0
0,13,NODE3,CH27,-48.11,1,0.517,train,0
0,13,NODE4,CH27,-41.32,1,0.808,train,0
0,13,NODE5,CH27,-48.82,1,0.437,train,0
0,13,NODE6,CH27,-49.62,1,0.444,train,0
0,13,NODE7,CH27,-43.46,1,0.73,train,0
0,13,NODE8,CH27,-41.11,1,0.754,train,0
0,13,NODE1,CH28,-42.69,1,0.683,train,0
0,13,NODE2,CH28,-50.62,1,0.338,train,0
0,13,NODE3,CH28,-47.61,1,0.507,train,0
0,13,NODE4,CH28,-40.89,1,0.766,train,0
0,13,NODE5,CH28,-52.78,1,0.41,train,0
0,13,NODE6,CH28,-51.32,1,0.476,train,0
0,13,NODE7,CH28,-39.19,1,0.708,train,0
0,13,NODE8,CH28,-38.26,1,0.774,train,0
0,13,NODE1,CH29,-94.11,0,0.678,train,0
0,13,NODE2,CH29,-95.17,0,0.406,train,0
0,13,NODE3,CH29,-91.73,0,0.478,train,0
0,13,NODE4,CH29,-94.24,0,0.727,train,0
0,13,NODE5,CH29,-100.44,0,0.412,train,0
0,13,NODE6,CH29,-91.49,0,0.411,train,0
0,13,NODE7,CH29,-94.48,0,0.735,train,0
0,13,NODE8,CH29,-93.2,0,0.765,train,0
0,13,NODE1,CH30,-42.32,1,0.769,train,0
0,13,NODE2,CH30,-47.96,1,0.402,train,0
0,13,NODE3,CH30,-45.16,1,0.482,train,0
0,13,NODE4,CH30,-39.99,1,0.781,train,0
0,13,NODE5,CH30,-51.97,1,0.423,train,0
0,13,NODE6,CH30,-50.96,1,0.372,train,0
0,13,NODE7,CH30,-43.18,1,0.731,train,0
0,13,NODE8,CH30,-38.53,1,0.779,train,0
0,13,NODE1,CH31,-43.8,1,0.647,train,0
0,13,NODE2,CH31,-50.31,1,0.401,train,0
0,13,NODE3,CH31,-48.55,1,0.505,train,0
0,13,NODE4,CH31,-40.31,1,0.779,train,0
0,13,NODE5,CH31,-50.4,1,0.372,train,0
0,13,NODE6,CH31,-46.56,1,0.431,train,0
0,13,NODE7,CH31,-39.55,1,0.739,train,0
0,13,NODE8,CH31,-40.88,1,0.783,train,0
0,13,NODE1,CH32,-43.12,1,0.646,train,0
0,13,NODE2,CH32,-48.33,1,0.4,train,0
0,13,NODE3,CH32,-48.02,1,0.477,train,0
0,13,NODE4,CH32,-40.45,1,0.0,train,0
0,13,NODE5,CH32,-53.55,1,0.394,train,0
0,13,NODE6,CH32,-48.36,1,0.454,train,0
0,13,NODE7,CH32,-42.18,1,0.713,train,0
0,13,NODE8,CH32,-39.74,1,0.797,train,0
0,13,NODE1,CH33,-94.39,0,0.694,train,0
0,13,NODE2,CH33,-103.31,0,0.389,train,0
0,13,NODE3,CH33,-98.69,0,0.507,train,0
0,13,NODE4,CH33,-98.04,0,0.809,train,0
0,13,NODE5,CH33,-93.82,0,0.449,train,0
0,13,NODE6,CH33,-95.8,0,0.491,train,0
0,13,NODE7,CH33,-94.23,0,0.681,train,0
0,13,NODE8,CH33,-97.74,0,0.788,train,0
0,13,NODE1,CH34,-44.81,1,0.672,train,0
0,13,NODE2,CH34,-52.4,1,0.391,train,0
0,13,NODE3,CH34,-46.25,1,0.469,train,0
0,13,NODE4,CH34,-39.84,1,0.758,train,0
0,13,NODE5,CH34,-47.85,1,0.377,train,0
0,13,NODE6,CH34,-51.15,1,0.437,train,0
0,13,NODE7,CH34,-39.95,1,0.726,train,0
0,13,NODE8,CH34,-39.48,1,0.801,train,0
0,13,NODE1,CH35,-43.93,1,0.686,train,0
0,13,NODE2,CH35,-50.63,1,0.422,train,0
0,13,NODE3,CH35,-47.49,1,0.461,train,0
0,13,NODE4,CH35,-40.63,1,0.832,train,0
0,13,NODE5,CH35,-48.86,1,0.451,train,0
0,13,NODE6,CH35,-48.36,1,0.385,train,0
0,13,NODE7,CH35,-41.53,1,0.722,train,0
0,13,NODE8,CH35,-42.46,1,0.797,train,0
0,13,NODE1,CH36,-41.14,1,0.694,train,0
0,13,NODE2,CH36,-48.3,1,0.405,train,0
0,13,NODE3,CH36,-47.41,1,0.557,train,0
0,13,NODE4,CH36,-42.12,1,0.767,train,0
0,13,NODE5,CH36,-50.73,1,0.362,train,0
0,13,NODE6,CH36,-50.61,1,0.443,train,0
0,13,NODE7,CH36,-41.96,1,0.651,train,0
0,13,NODE8,CH36,-41.86,1,0.735,train,0
0,13,NODE1,CH37,-98.53,0,0.748,train,0
0,13,NODE2,CH37,-97.87,0,0.367,train,0
0,13,NODE3,CH37,-94.86,0,0.536,train,0
0,13,NODE4,CH37,-88.53,0,0.771,train,0
0,13,NODE5,CH37,-100.34,0,0.405,train,0
0,13,NODE6,CH37,-91.75,0,0.386,train,0
0,13,NODE7,CH37,-92.37,0,0.743,train,0
0,13,NODE8,CH37,-97.6,0,0.84,train,0
0,13,NODE1,CH38,-45.27,1,0.688,train,0
0,13,NODE2,CH38,-48.41,1,0.416,train,0
0,13,NODE3,CH38,-48.9,1,0.531,train,0
0,13,NODE4,CH38,-43.29,1,0.781,train,0
0,13,NODE5,CH38,-51.27,1,0.344,train,0
0,13,NODE6,CH38,-53.91,1,0.431,train,0
0,13,NODE7,CH38,-42.15,1,0.699,train,0
0,13,NODE8,CH38,-38.79,1,0.801,train,0
0,13,NODE1,CH39,-44.42,1,0.677,train,0
0,13,NODE2,CH39,-48.62,1,0.39,train,0
0,13,NODE3,CH39,-47.77,1,0.502,train,0
0,13,NODE4,CH39,-41.14,1,0.774,train,0
0,13,NODE5,CH39,-50.91,1,0.423,train,0
0,13,NODE6,CH39,-50.22,1,0.445,train,0
0,13,NODE7,CH39,-42.24,1,0.698,train,0
0,13,NODE8,CH39,-37.2,1,0.782,train,0
0,13,NODE1,CH40,-42.71,1,0.7,train,0
0,13,NODE2,CH40,-50.6,1,0.409,train,0
0,13,NODE3,CH40,-45.0,1,0.499,train,0
0,13,NODE4,CH40,-42.61,1,0.742,train,0
0,13,NODE5,CH40,-47.66,1,0.387,train,0
0,13,NODE6,CH40,-51.14,1,0.455,train,0
0,13,NODE7,CH40,-42.69,1,0.719,train,0
0,13,NODE8,CH40,-40.32,1,0.792,train,0
0,14,NODE1,CH21,-42.59,1,0.72,train,0
0,14,NODE2,CH21,-51.33,1,0.392,train,0
0,14,NODE3,CH21,-47.98,1,0.538,train,0
0,14,NODE4,CH21,-39.9,1,0.746,train,0
0,14,NODE5,CH21,-49.14,1,0.404,train,0
0,14,NODE6,CH21,-48.96,1,0.39,train,0
0,14,NODE7,CH21,-39.51,1,0.74,train,0
0,14,NODE8,CH21,-40.9,1,0.743,train,0
0,14,NODE1,CH22,-41.66,1,0.648,train,0
0,14,NODE2,CH22,-51.43,1,0.329,train,0
0,14,NODE3,CH22,-46.07,1,0.562,train,0
0,14,NODE4,CH22,-41.23,1,0.803,train,0
0,14,NODE5,CH22,-50.72,1,0.399,train,0
0,14,NODE6,CH22,-48.77,1,0.434,train,0
0,14,NODE7,CH22,-43.25,1,0.704,train,0
0,14,NODE8,CH22,-39.58,1,0.828,train,0
0,14,NODE1,CH23,-42.25,1,0.671,train,0
0,14,NODE2,CH23,-49.45,1,0.422,train,0
0,14,NODE3,CH23,-47.49,1,0.55,train,0
0,14,NODE4,CH23,-39.38,1,0.803,train,0
0,14,NODE5,CH23,-50.72,1,0.415,train,0
0,14,NODE6,CH23,-46.36,1,0.433,train,0
0,14,NODE7,CH23,-41.09,1,0.71,train,0
0,14,NODE8,CH23,-41.94,1,0.794,train,0
0,14,NODE1,CH24,-40.69,1,0.677,train,0
0,14,NODE2,CH24,-48.31,1,0.395,train,0
0,14,NODE3,CH24,-49.79,1,0.491,train,0
0,14,NODE4,CH24,-39.34,1,0.769,train,0
0,14,NODE5,CH24,-49.4,1,0.461,train,0
0,14,NODE6,CH24,-51.33,1,0.476,train,0
0,14,NODE7,CH24,-42.09,1,0.732,train,0
0,14,NODE8,CH24,-37.82,1,0.797,train,0
0,14,NODE1,CH25,-44.44,1,0.668,train,0
0,14,NODE2,CH25,-49.94,1,0.367,train,0
0,14,NODE3,CH25,-48.79,1,0.494,train,0
0,14,NODE4,CH25,-40.14,1,0.842,train,0
0,14,NODE5,CH25,-50.99,1,0.424,train,0
0,14,NODE6,CH25,-47.78,1,0.411,train,0
0,14,NODE7,CH25,-45.06,1,0.717,train,0
0,14,NODE8,CH25,-40.18,1,0.798,train,0
0,14,NODE1,CH26,-43.34,1,0.654,train,0
0,14,NODE2,CH26,-50.22,1,0.381,train,0
0,14,NODE3,CH26,-47.8,1,0.482,train,0
0,14,NODE4,CH26,-43.4,1,0.834,train,0
0,14,NODE5,CH26,-49.08,1,0.395,train,0
0,14,NODE6,CH26,-48.67,1,0.441,train,0
0,14,NODE7,CH26,-43.01,1,0.694,train,0
0,14,NODE8,CH26,-38.29,1,0.815,train,0
0,14,NODE1,CH27,-42.39,1,0.69,train,0
0,14,NODE2,CH27,-48.03,1,0.378,train,0
0,14,NODE3,CH27,-49.36,1,0.505,train,0
0,14,NODE4,CH27,-40.58,1,0.802,train,0
0,14,NODE5,CH27,-48.18,1,0.359,train,0
0,14,NODE6,CH27,-49.46,1,0.444,train,0
0,14,NODE7,CH27,-40.05,1,0.72,train,0
0,14,NODE8,CH27,-40.48,1,0.776,train,0
0,14,NODE1,CH28,-43.01,1,0.732,train,0
0,14,NODE2,CH28,-51.37,1,0.461,train,0
0,14,NODE3,CH28,-47.65,1,0.466,train,0
0,14,NODE4,CH28,-43.84,1,0.772,train,0
0,14,NODE5,CH28,-51.71,1,0.395,train,0
0,14,NODE6,CH28,-49.55,1,0.397,train,0
0,14,NODE7,CH28,-40.76,1,0.742,train,0
0,14,NODE8,CH28,-38.45,1,0.828,train,0
0,14,NODE1,CH29,-41.1,1,0.669,train,0
0,14,NODE2,CH29,-50.91,1,0.352,train,0
0,14,NODE3,CH29,-47.6,1,0.512,train,0
0,14,NODE4,CH29,-41.19,1,0.783,train,0
0,14,NODE5,CH29,-49.64,1,0.405,train,0
0,14,NODE6,CH29,-48.77,1,0.391,train,0
0,14,NODE7,CH29,-39.78,1,0.761,train,0
0,14,NODE8,CH29,-41.32,1,0.762,train,0
0,14,NODE1,CH30,-99.28,0,0.668,train,0
0,14,NODE2,CH30,-96.28,0,0.415,train,0
0,14,NODE3,CH30,-96.0,0,0.499,train,0
0,14,NODE4,CH30,-97.81,0,0.795,train,0
0,14,NODE5,CH30,-92.73,0,0.387,train,0
0,14,NODE6,CH30,-94.22,0,0.364,train,0
0,14,NODE7,CH30,-98.58,0,0.726,train,0
0,14,NODE8,CH30,-93.94,0,0.845,train,0
0,14,NODE1,CH31,-44.51,1,0.708,train,0
0,14,NODE2,CH31,-51.12,1,0.369,train,0
0,14,NODE3,CH31,-47.76,1,0.498,train,0
0,14,NODE4,CH31,-43.41,1,0.774,train,0
0,14,NODE5,CH31,-50.86,1,0.371,train,0
0,14,NODE6,CH31,-48.68,1,0.398,train,0
0,14,NODE7,CH31,-41.72,1,0.718,train,0
0,14,NODE8,CH31,-41.03,1,0.809,train,0
0,14,NODE1,CH32,-41.6,1,0.687,train,0
0,14,NODE2,CH32,-49.0,1,0.427,train,0
0,14,NODE3,CH32,-46.65,1,0.504,train,0
0,14,NODE4,CH32,-41.64,1,0.768,train,0
0,14,NODE5,CH32,-51.19,1,0.388,train,0
0,14,NODE6,CH32,-48.02,1,0.407,train,0
0,14,NODE7,CH32,-40.55,1,0.692,train,0
0,14,NODE8,CH32,-37.47,1,0.779,train,0
0,14,NODE1,CH33,-45.42,1,0.642,train,0
0,14,NODE2,CH33,-50.84,1,0.394,train,0
0,14,NODE3,CH33,-48.24,1,0.488,train,0
0,14,NODE4,CH33,-43.6,1,0.826,train,0
0,14,NODE5,CH33,-49.33,1,0.407,train,0
0,14,NODE6,CH33,-49.61,1,0.379,train,0
0,14,NODE7,CH33,-41.75,1,0.745,train,0
0,14,NODE8,CH33,-39.51,1,0.795,train,0
0,14,NODE1,CH34,-99.93,0,0.632,train,0
0,14,NODE2,CH34,-99.97,0,0.441,train,0
0,14,NODE3,CH34,-96.12,0,0.535,train,0
0,14,NODE4,CH34,-89.93,0,0.773,train,0
0,14,NODE5,CH34,-98.67,0,0.349,train,0
0,14,NODE6,CH34,-97.25,0,0.42,train,0
0,14,NODE7,CH34,-97.77,0,0.739,train,0
0,14,NODE8,CH34,-95.36,0,0.765,train,0
0,14,NODE1,CH35,-94.91,0,0.696,train,0
0,14,NODE2,CH35,-98.09,0,0.376,train,0
0,14,NODE3,CH35,-103.67,0,0.526,train,0
0,14,NODE4,CH35,-97.19,0,0.749,train,0
0,14,NODE5,CH35,-102.25,0,0.448,train,0
0,14,NODE6,CH35,-94.47,0,0.405,train,0
0,14,NODE7,CH35,-94.86,0,0.701,train,0
0,14,NODE8,CH35,-101.25,0,0.819,train,0
0,14,NODE1,CH36,-95.17,0,0.675,train,0
0,14,NODE2,CH36,-100.54,0,0.435,train,0
0,14,NODE3,CH36,-103.91,0,0.47,train,0
0,14,NODE4,CH36,-94.24,0,0.859,train,0
0,14,NODE5,CH36,-97.99,0,0.41,train,0
0,14,NODE6,CH36,-98.6,0,0.448,train,0
0,14,NODE7,CH36,-91.86,0,0.753,train,0
0,14,NODE8,CH36,-98.49,0,0.821,train,0
0,14,NODE1,CH37,-96.26,0,0.679,train,0
0,14,NODE2,CH37,-95.48,0,0.393,train,0
0,14,NODE3,CH37,-94.12,0,0.507,train,0
0,14,NODE4,CH37,-95.5,0,0.732,train,0
0,14,NODE5,CH37,-94.85,0,0.446,train,0
0,14,NODE6,CH37,-94.88,0,0.406,train,0
0,14,NODE7,CH37,-99.34,0,0.721,train,0
0,14,NODE8,CH37,-89.74,0,0.783,train,0
0,14,NODE1,CH38,-42.31,1,0.662,train,0
0,14,NODE2,CH38,-51.22,1,0.451,train,0
0,14,NODE3,CH38,-47.94,1,0.459,train,0
0,14,NODE4,CH38,-39.87,1,0.751,train,0
0,14,NODE5,CH38,-50.77,1,0.396,train,0
0,14,NODE6,CH38,-48.67,1,0.457,train,0
0,14,NODE7,CH38,-39.2,1,0.724,train,0
0,14,NODE8,CH38,-38.45,1,0.816,train,0
0,14,NODE1,CH39,-44.11,1,0.677,train,0
0,14,NODE2,CH39,-54.09,1,0.423,train,0
0,14,NODE3,CH39,-44.83,1,0.515,train,0
0,14,NODE4,CH39,-40.29,1,0.766,train,0
0,14,NODE5,CH39,-52.46,1,0.418,train,0
0,14,NODE6,CH39,-50.12,1,0.445,train,0
0,14,NODE7,CH39,-44.48,1,0.713,train,0
0,14,NODE8,CH39,-38.42,1,0.806,train,0
0,14,NODE1,CH40,-44.13,1,0.674,train,0
0,14,NODE2,CH40,-49.21,1,0.462,train,0
0,14,NODE3,CH40,-44.9,1,0.501,train,0
0,14,NODE4,CH40,-41.89,1,0.745,train,0
0,14,NODE5,CH40,-48.68,1,0.379,train,0
0,14,NODE6,CH40,-50.4,1,0.415,train,0
0,14,NODE7,CH40,-41.25,1,0.736,train,0
0,14,NODE8,CH40,-40.72,1,0.875,train,0
0,15,NODE1,CH21,-45.51,1,0.672,train,0
0,15,NODE2,CH21,-49.7,1,0.422,train,0
0,15,NODE3,CH21,-48.95,1,0.49,train,0
0,15,NODE4,CH21,-39.88,1,0.762,train,0
0,15,NODE5,CH21,-49.45,1,0.42,train,0
0,15,NODE6,CH21,-50.65,1,0.42,train,0
0,15,NODE7,CH21,-42.81,1,0.688,train,0
0,15,NODE8,CH21,-39.82,1,0.818,train,0
0,15,NODE1,CH22,-41.97,1,0.646,train,0
0,15,NODE2,CH22,-49.32,1,0.409,train,0
0,15,NODE3,CH22,-49.82,1,0.477,train,0
0,15,NODE4,CH22,-40.12,1,0.772,train,0
0,15,NODE5,CH22,-48.94,1,0.371,train,0
0,15,NODE6,CH22,-50.5,1,0.448,train,0
0,15,NODE7,CH22,-42.82,1,0.751,train,0
0,15,NODE8,CH22,-40.24,1,0.847,train,0
0,15,NODE1,CH23,-96.22,0,0.679,train,0
0,15,NODE2,CH23,-96.14,0,0.357,train,0
0,15,NODE3,CH23,-97.56,0,0.488,train,0
0,15,NODE4,CH23,-94.53,0,0.788,train,0
0,15,NODE5,CH23,-101.03,0,0.421,train,0
0,15,NODE6,CH23,-95.29,0,0.442,train,0
0,15,NODE7,CH23,-97.39,0,0.745,train,0
0,15,NODE8,CH23,-95.06,0,0.732,train,0
0,15,NODE1,CH24,-45.52,1,0.711,train,0
0,15,NODE2,CH24,-51.39,1,0.373,train,0
0,15,NODE3,CH24,-48.47,1,0.514,train,0
0,15,NODE4,CH24,-41.92,1,0.758,train,0
0,15,NODE5,CH24,-51.11,1,0.438,train,0
0,15,NODE6,CH24,-51.25,1,0.432,train,0
0,15,NODE7,CH24,-40.41,1,0.716,train,0
0,15,NODE8,CH24,-39.18,1,0.789,train,0
0,15,NODE1,CH25,-93.84,0,0.67,train,0
0,15,NODE2,CH25,-98.17,0,0.476,train,0
0,15,NODE3,CH25,-95.66,0,0.569,train,0
0,15,NODE4,CH25,-98.56,0,0.746,train,0
0,15,NODE5,CH25,-97.52,0,0.394,train,0
0,15,NODE6,CH25,-100.78,0,0.365,train,0
0,15,NODE7,CH25,-95.25,0,0.731,train,0
0,15,NODE8,CH25,-95.85,0,0.781,train,0
0,15,NODE1,CH26,-96.07,0,0.674,train,0
0,15,NODE2,CH26,-95.88,0,0.388,train,0
0,15,NODE3,CH26,-91.53,0,0.526,train,0
0,15,NODE4,CH26,-97.87,0,0.798,train,0
0,15,NODE5,CH26,-97.33,0,0.366,train,0
0,15,NODE6,CH26,-96.53,0,0.384,train,0
0,15,NODE7,CH26,-98.59,0,0.712,train,0
0,15,NODE8,CH26,-102.87,0,0.789,train,0
0,15,NODE1,CH27,-44.29,1,0.666,train,0
0,15,NODE2,CH27,-48.83,1,0.415,train,0
0,15,NODE3,CH27,-48.28,1,0.471,train,0
0,15,NODE4,CH27,-38.61,1,0.758,train,0
0,15,NODE5,CH27,-48.32,1,0.467,train,0
0,15,NODE6,CH27,-47.0,1,0.455,train,0
0,15,NODE7,CH27,-40.92,1,0.695,train,0
0,15,NODE8,CH27,-39.14,1,0.84,train,0
0,15,NODE1,CH28,-42.19,1,0.672,train,0
0,15,NODE2,CH28,-47.77,1,0.412,train,0
0,15,NODE3,CH28,-47.77,1,0.489,train,0
0,15,NODE4,CH28,-39.81,1,0.835,train,0
0,15,NODE5,CH28,-49.28,1,0.4,train,0
0,15,NODE6,CH28,-48.75,1,0.417,train,0
0,15,NODE7,CH28,-42.41,1,0.691,train,0
0,15,NODE8,CH28,-40.0,1,0.796,train,0
0,15,NODE1,CH29,-41.92,1,0.693,train,0
0,15,NODE2,CH29,-52.6,1,0.363,train,0
0,15,NODE3,CH29,-49.5,1,0.465,train,0
0,15,NODE4,CH29,-41.59,1,0.809,train,0
0,15,NODE5,CH29,-51.71,1,0.394,train,0
0,15,NODE6,CH29,-49.79,1,0.479,train,0
0,15,NODE7,CH29,-42.39,1,0.729,train,0
0,15,NODE8,CH29,-38.07,1,0.8,train,0
0,15,NODE1,CH30,-43.4,1,0.716,train,0
0,15,NODE2,CH30,-52.92,1,0.435,train,0
0,15,NODE3,CH30,-47.4,1,0.503,train,0
0,15,NODE4,CH30,-38.49,1,0.749,train,0
0,15,NODE5,CH30,-48.19,1,0.385,train,0
0,15,NODE6,CH30,-49.86,1,0.425,train,0
0,15,NODE7,CH30,-42.37,1,0.734,train,0
0,15,NODE8,CH30,-38.01,1,0.759,train,0
0,15,NODE1,CH31,-42.89,1,0.718,train,0
0,15,NODE2,CH31,-49.57,1,0.395,train,0
0,15,NODE3,CH31,-46.47,1,0.0,train,0
0,15,NODE4,CH31,-38.86,1,0.816,train,0
0,15,NODE5,CH31,-50.29,1,0.408,train,0
0,15,NODE6,CH31,-49.37,1,0.404,train,0
0,15,NODE7,CH31,-42.39,1,0.72,train,0
0,15,NODE8,CH31,-38.88,1,0.825,train,0
0,15,NODE1,CH32,-46.18,1,0.688,train,0
0,15,NODE2,CH32,-48.69,1,0.396,train,0
0,15,NODE3,CH32,-45.76,1,0.462,train,0
0,15,NODE4,CH32,-38.91,1,0.77,train,0
0,15,NODE5,CH32,-49.34,1,0.401,train,0
0,15,NODE6,CH32,-49.53,1,0.438,train,0
0,15,NODE7,CH32,-43.6,1,0.766,train,0
0,15,NODE8,CH32,-40.51,1,0.754,train,0
0,15,NODE1,CH33,-43.1,1,0.649,train,0
0,15,NODE2,CH33,-49.23,1,0.403,train,0
0,15,NODE3,CH33,-45.42,1,0.514,train,0
0,15,NODE4,CH33,-43.82,1,0.764,train,0
0,15,NODE5,CH33,-49.01,1,0.408,train,0
0,15,NODE6,CH33,-49.33,1,0.432,train,0
0,15,NODE7,CH33,-43.83,1,0.759,train,0
0,15,NODE8,CH33,-40.85,1,0.78,train,0
0,15,NODE1,CH34,-42.83,1,0.693,train,0
0,15,NODE2,CH34,-48.28,1,0.448,train,0
0,15,NODE3,CH34,-46.13,1,0.511,train,0
0,15,NODE4,CH34,-40.83,1,0.77,train,0
0,15,NODE5,CH34,-50.66,1,0.421,train,0
0,15,NODE6,CH34,-52.24,1,0.43,train,0
0,15,NODE7,CH34,-42.32,1,0.724,train,0
0,15,NODE8,CH34,-41.52,1,0.846,train,0
0,15,NODE1,CH35,-44.61,1,0.635,train,0
0,15,NODE2,CH35,-50.31,1,0.408,train,0
0,15,NODE3,CH35,-49.68,1,0.448,train,0
0,15,NODE4,CH35,-42.71,1,0.757,train,0
0,15,NODE5,CH35,-48.03,1,0.419,train,0
0,15,NODE6,CH35,-47.8,1,0.355,train,0
0,15,NODE7,CH35,-43.26,1,0.0,train,0
0,15,NODE8,CH35,-37.28,1,0.757,train,0
0,15,NODE1,CH36,-43.33,1,0.667,train,0
0,15,NODE2,CH36,-49.68,1,0.379,train,0
0,15,NODE3,CH36,-49.83,1,0.463,train,0
0,15,NODE4,CH36,-40.34,1,0.777,train,0
0,15,NODE5,CH36,-48.07,1,0.422,train,0
0,15,NODE6,CH36,-48.5,1,0.39,train,0
0,15,NODE7,CH36,-40.83,1,0.71,train,0
0,15,NODE8,CH36,-41.45,1,0.759,train,0
0,15,NODE1,CH37,-44.33,1,0.661,train,0
0,15,NODE2,CH37,-48.57,1,0.418,train,0
0,15,NODE3,CH37,-47.35,1,0.431,train,0
0,15,NODE4,CH37,-40.94,1,0.795,train,0
0,15,NODE5,CH37,-52.84,1,0.412,train,0
0,15,NODE6,CH37,-48.78,1,0.432,train,0
0,15,NODE7,CH37,-42.99,1,0.72,train,0
0,15,NODE8,CH37,-42.96,1,0.773,train,0
0,15,NODE1,CH38,-42.04,1,0.707,train,0
0,15,NODE2,CH38,-51.22,1,0.41,train,0
0,15,NODE3,CH38,-50.02,1,0.484,train,0
0,15,NODE4,CH38,-42.6,1,0.782,train,0
0,15,NODE5,CH38,-49.51,1,0.424,train,0
0,15,NODE6,CH38,-49.83,1,0.439,train,0
0,15,NODE7,CH38,-41.61,1,0.741,train,0
0,15,NODE8,CH38,-41.4,1,0.8,train,0
0,15,NODE1,CH39,-92.8,0,0.625,train,0
0,15,NODE2,CH39,-100.6,0,0.403,train,0
0,15,NODE3,CH39,-103.22,0,0.493,train,0
0,15,NODE4,CH39,-99.99,0,0.784,train,0
0,15,NODE5,CH39,-100.12,0,0.409,train,0
0,15,NODE6,CH39,-101.04,0,0.436,train,0
0,15,NODE7,CH39,-92.95,0,0.711,train,0
0,15,NODE8,CH39,-100.53,0,0.82,train,0
0,15,NODE1,CH40,-42.45,1,0.687,train,0
0,15,NODE2,CH40,-49.16,1,0.448,train,0
0,15,NODE3,CH40,-47.48,1,0.496,train,0
0,15,NODE4,CH40,-42.02,1,0.746,train,0
0,15,NODE5,CH40,-46.9,1,0.401,train,0
0,15,NODE6,CH40,-47.0,1,0.441,train,0
0,15,NODE7,CH40,-40.53,1,0.0,train,0
0,15,NODE8,CH40,-40.2,1,0.845,train,0
0,16,NODE1,CH21,-101.67,0,0.67,train,0
0,16,NODE2,CH21,-91.11,0,0.397,train,0
0,16,NODE3,CH21,-94.1,0,0.564,train,0
0,16,NODE4,CH21,-89.94,0,0.834,train,0
0,16,NODE5,CH21,-96.81,0,0.391,train,0
0,16,NODE6,CH21,-92.67,0,0.485,train,0
0,16,NODE7,CH21,-98.23,0,0.677,train,0
0,16,NODE8,CH21,-95.91,0,0.809,train,0
0,16,NODE1,CH22,-40.58,1,0.69,train,0
0,16,NODE2,CH22,-50.16,1,0.392,train,0
0,16,NODE3,CH22,-48.19,1,0.601,train,0
0,16,NODE4,CH22,-38.57,1,0.733,train,0
0,16,NODE5,CH22,-50.73,1,0.412,train,0
0,16,NODE6,CH22,-49.26,1,0.367,train,0
0,16,NODE7,CH22,-42.75,1,0.652,train,0
0,16,NODE8,CH22,-42.35,1,0.754,train,0
0,16,NODE1,CH23,-40.96,1,0.687,train,0
0,16,NODE2,CH23,-50.13,1,0.378,train,0
0,16,NODE3,CH23,-45.53,1,0.495,train,0
0,16,NODE4,CH23,-40.42,1,0.778,train,0
0,16,NODE5,CH23,-47.34,1,0.382,train,0
0,16,NODE6,CH23,-48.3,1,0.417,train,0
0,16,NODE7,CH23,-42.56,1,0.696,train,0
0,16,NODE8,CH23,-38.72,1,0.817,train,0
0,16,NODE1,CH24,-89.03,0,0.683,train,0
0,16,NODE2,CH24,-103.78,0,0.373,train,0
0,16,NODE3,CH24,-101.21,0,0.494,train,0
0,16,NODE4,CH24,-97.33,0,0.729,train,0
0,16,NODE5,CH24,-94.22,0,0.378,train,0
0,16,NODE6,CH24,-97.16,0,0.0,train,0
0,16,NODE7,CH24,-101.57,0,0.753,train,0
0,16,NODE8,CH24,-97.21,0,0.847,train,0
0,16,NODE1,CH25,-44.35,1,0.7,train,0
0,16,NODE2,CH25,-50.48,1,0.39,train,0
0,16,NODE3,CH25,-49.6,1,0.493,train,0
0,16,NODE4,CH25,-39.56,1,0.749,train,0
0,16,NODE5,CH25,-48.99,1,0.397,train,0
0,16,NODE6,CH25,-51.01,1,0.437,train,0
0,16,NODE7,CH25,-41.97,1,0.74,train,0
0,16,NODE8,CH25,-42.45,1,0.793,train,0
0,16,NODE1,CH26,-41.03,1,0.711,train,0
0,16,NODE2,CH26,-48.83,1,0.42,train,0
0,16,NODE3,CH26,-46.76,1,0.532,train,0
0,16,NODE4,CH26,-38.9,1,0.723,train,0
0,16,NODE5,CH26,-48.34,1,0.386,train,0
0,16,NODE6,CH26,-50.58,1,0.404,train,0
0,16,NODE7,CH26,-41.08,1,0.733,train,0
0,16,NODE8,CH26,-44.38,1,0.745,train,0
0,16,NODE1,CH27,-42.97,1,0.666,train,0
0,16,NODE2,CH27,-52.15,1,0.379,train,0
0,16,NODE3,CH27,-46.71,1,0.512,train,0
0,16,NODE4,CH27,-43.69,1,0.741,train,0
0,16,NODE5,CH27,-48.63,1,0.408,train,0
0,16,NODE6,CH27,-48.18,1,0.464,train,0
0,16,NODE7,CH27,-43.86,1,0.724,train,0
0,16,NODE8,CH27,-36.52,1,0.843,train,0
0,16,NODE1,CH28,-40.63,1,0.696,train,0
0,16,NODE2,CH28,-50.84,1,0.442,train,0
0,16,NODE3,CH28,-49.11,1,0.481,train,0
0,16,NODE4,CH28,-39.58,1,0.755,train,0
0,16,NODE5,CH28,-49.2,1,0.383,train,0
0,16,NODE6,CH28,-47.64,1,0.389,train,0
0,16,NODE7,CH28,-42.28,1,0.722,train,0
0,16,NODE8,CH28,-41.48,1,0.813,train,0
0,16,NODE1,CH29,-42.81,1,0.699,train,0
0,16,NODE2,CH29,-51.63,1,0.416,train,0
0,16,NODE3,CH29,-48.93,1,0.513,train,0
0,16,NODE4,CH29,-37.66,1,0.747,train,0
0,16,NODE5,CH29,-48.15,1,0.41,train,0
0,16,NODE6,CH29,-47.46,1,0.387,train,0
0,16,NODE7,CH29,-41.8,1,0.678,train,0
0,16,NODE8,CH29,-41.94,1,0.812,train,0
0,16,NODE1,CH30,-43.08,1,0.728,train,0
0,16,NODE2,CH30,-49.91,1,0.434,train,0
0,16,NODE3,CH30,-49.07,1,0.514,train,0
0,16,NODE4,CH30,-38.77,1,0.755,train,0
0,16,NODE5,CH30,-50.82,1,0.472,train,0
0,16,NODE6,CH30,-49.34,1,0.394,train,0
0,16,NODE7,CH30,-41.56,1,0.724,train,0
0,16,NODE8,CH30,-37.96,1,0.832,train,0
0,16,NODE1,CH31,-42.36,1,0.645,train,0
0,16,NODE2,CH31,-50.13,1,0.394,train,0
0,16,NODE3,CH31,-46.5,1,0.519,train,0
0,16,NODE4,CH31,-39.57,1,0.764,train,0
0,16,NODE5,CH31,-51.29,1,0.366,train,0
0,16,NODE6,CH31,-46.7,1,0.426,train,0
0,16,NODE7,CH31,-40.92,1,0.7,train,0
0,16,NODE8,CH31,-39.92,1,0.755,train,0
0,16,NODE1,CH32,-41.33,1,0.672,train,0
0,16,NODE2,CH32,-48.88,1,0.415,train,0
0,16,NODE3,CH32,-45.46,1,0.481,train,0
0,16,NODE4,CH32,-42.25,1,0.755,train,0
0,16,NODE5,CH32,-49.44,1,0.417,train,0
0,16,NODE6,CH32,-50.56,1,0.451,train,0
0,16,NODE7,CH32,-42.93,1,0.718,train,0
0,16,NODE8,CH32,-39.45,1,0.816,train,0
0,16,NODE1,CH33,-41.59,1,0.691,train,0
0,16,NODE2,CH33,-50.98,1,0.402,train,0
0,16,NODE3,CH33,-48.92,1,0.494,train,0
0,16,NODE4,CH33,-37.35,1,0.755,train,0
0,16,NODE5,CH33,-50.77,1,0.354,train,0
0,16,NODE6,CH33,-48.42,1,0.436,train,0
0,16,NODE7,CH33,-40.16,1,0.744,train,0
0,16,NODE8,CH33,-41.58,1,0.796,train,0
0,16,NODE1,CH34,-44.74,1,0.679,train,0
0,16,NODE2,CH34,-50.56,1,0.416,train,0
0,16,NODE3,CH34,-48.25,1,0.516,train,0
0,16,NODE4,CH34,-38.38,1,0.766,train,0
0,16,NODE5,CH34,-52.16,1,0.366,train,0
0,16,NODE6,CH34,-50.93,1,0.412,train,0
0,16,NODE7,CH34,-44.2,1,0.735,train,0
0,16,NODE8,CH34,-40.13,1,0.873,train,0
0,16,NODE1,CH35,-92.86,0,0.644,train,0
0,16,NODE2,CH35,-97.34,0,0.35,train,0
0,16,NODE3,CH35,-98.49,0,0.564,train,0
0,16,NODE4,CH35,-96.47,0,0.729,train,0
0,16,NODE5,CH35,-98.93,0,0.442,train,0
0,16,NODE6,CH35,-89.89,0,0.345,train,0
0,16,NODE7,CH35,-92.81,0,0.724,train,0
0,16,NODE8,CH35,-98.58,0,0.0,train,0
0,16,NODE1,CH36,-43.44,1,0.696,train,0
0,16,NODE2,CH36,-48.97,1,0.364,train,0
0,16,NODE3,CH36,-44.67,1,0.469,train,0
0,16,NODE4,CH36,-43.28,1,0.788,train,0
0,16,NODE5,CH36,-51.31,1,0.434,train,0
0,16,NODE6,CH36,-51.92,1,0.429,train,0
0,16,NODE7,CH36,-41.21,1,0.653,train,0
0,16,NODE8,CH36,-41.91,1,0.806,train,0
0,16,NODE1,CH37,-41.25,1,0.698,train,0
0,16,NODE2,CH37,-48.6,1,0.42,train,0
0,16,NODE3,CH37,-50.06,1,0.492,train,0
0,16,NODE4,CH37,-40.45,1,0.682,train,0
0,16,NODE5,CH37,-48.76,1,0.45,train,0
0,16,NODE6,CH37,-52.11,1,0.425,train,0
0,16,NODE7,CH37,-42.88,1,0.764,train,0
0,16,NODE8,CH37,-39.06,1,0.828,train,0
0,16,NODE1,CH38,-98.8,0,0.663,train,0
0,16,NODE2,CH38,-104.26,0,0.393,train,0
0,16,NODE3,CH38,-94.43,0,0.478,train,0
0,16,NODE4,CH38,-92.76,0,0.839,train,0
0,16,NODE5,CH38,-96.32,0,0.369,train,0
0,16,NODE6,CH38,-92.46,0,0.39,train,0
0,16,NODE7,CH38,-94.31,0,0.699,train,0
0,16,NODE8,CH38,-94.55,0,0.833,train,0
0,16,NODE1,CH39,-101.67,0,0.699,train,0
0,16,NODE2,CH39,-96.17,0,0.392,train,0
0,16,NODE3,CH39,-93.84,0,0.525,train,0
0,16,NODE4,CH39,-90.55,0,0.792,train,0
0,16,NODE5,CH39,-99.09,0,0.336,train,0
0,16,NODE6,CH39,-96.31,0,0.43,train,0
0,16,NODE7,CH39,-91.83,0,0.702,train,0
0,16,NODE8,CH39,-99.58,0,0.735,train,0
0,16,NODE1,CH40,-41.79,1,0.734,train,0
0,16,NODE2,CH40,-47.8,1,0.395,train,0
0,16,NODE3,CH40,-46.39,1,0.557,train,0
0,16,NODE4,CH40,-42.06,1,0.776,train,0
0,16,NODE5,CH40,-48.93,1,0.387,train,0
0,16,NODE6,CH40,-46.86,1,0.436,train,0
0,16,NODE7,CH40,-42.85,1,0.717,train,0
0,16,NODE8,CH40,-39.82,1,0.77,train,0
0,17,NODE1,CH21,-41.57,1,0.7,train,0
0,17,NODE2,CH21,-51.29,1,0.433,train,0
0,17,NODE3,CH21,-45.73,1,0.523,train,0
0,17,NODE4,CH21,-41.49,1,0.802,train,0
0,17,NODE5,CH21,-50.23,1,0.338,train,0
0,17,NODE6,CH21,-52.58,1,0.475,train,0
0,17,NODE7,CH21,-44.03,1,0.779,train,0
0,17,NODE8,CH21,-40.82,1,0.788,train,0
0,17,NODE1,CH22,-43.59,1,0.694,train,0
0,17,NODE2,CH22,-46.44,1,0.38,train,0
0,17,NODE3,CH22,-45.47,1,0.48,train,0
0,17,NODE4,CH22,-40.61,1,0.751,train,0
0,17,NODE5,CH22,-50.7,1,0.447,train,0
0,17,NODE6,CH22,-50.2,1,0.397,train,0
0,17,NODE7,CH22,-43.01,1,0.742,train,0
0,17,NODE8,CH22,-40.17,1,0.856,train,0
0,17,NODE1,CH23,-42.91,1,0.638,train,0
0,17,NODE2,CH23,-49.7,1,0.424,train,0
0,17,NODE3,CH23,-46.68,1,0.513,train,0
0,17,NODE4,CH23,-42.39,1,0.776,train,0
0,17,NODE5,CH23,-50.31,1,0.433,train,0
0,17,NODE6,CH23,-50.38,1,0.403,train,0
0,17,NODE7,CH23,-42.33,1,0.736,train,0
0,17,NODE8,CH23,-39.19,1,0.793,train,0
0,17,NODE1,CH24,-42.07,1,0.716,train,0
0,17,NODE2,CH24,-47.35,1,0.334,train,0
0,17,NODE3,CH24,-50.14,1,0.469,train,0
0,17,NODE4,CH24,-39.59,1,0.733,train,0
0,17,NODE5,CH24,-48.79,1,0.358,train,0
0,17,NODE6,CH24,-49.9,1,0.41,train,0
0,17,NODE7,CH24,-41.94,1,0.735,train,0
0,17,NODE8,CH24,-38.93,1,0.857,train,0
0,17,NODE1,CH25,-43.02,1,0.703,train,0
0,17,NODE2,CH25,-50.3,1,0.402,train,0
0,17,NODE3,CH25,-50.49,1,0.434,train,0
0,17,NODE4,CH25,-39.11,1,0.766,train,0
0,17,NODE5,CH25,-46.84,1,0.378,train,0
0,17,NODE6,CH25,-49.84,1,0.432,train,0
0,17,NODE7,CH25,-42.17,1,0.744,train,0
0,17,NODE8,CH25,-37.86,1,0.8,train,0
0,17,NODE1,CH26,-43.11,1,0.727,train,0
0,17,NODE2,CH26,-48.99,1,0.422,train,0
0,17,NODE3,CH26,-45.98,1,0.542,train,0
0,17,NODE4,CH26,-38.66,1,0.736,train,0
0,17,NODE5,CH26,-47.73,1,0.36,train,0
0,17,NODE6,CH26,-50.02,1,0.406,train,0
0,17,NODE7,CH26,-44.12,1,0.718,train,0
0,17,NODE8,CH26,-39.66,1,0.743,train,0
0,17,NODE1,CH27,-41.3,1,0.678,train,0
0,17,NODE2,CH27,-50.38,1,0.413,train,0
0,17,NODE3,CH27,-48.22,1,0.562,train,0
0,17,NODE4,CH27,-42.37,1,0.752,train,0
0,17,NODE5,CH27,-50.46,1,0.425,train,0
0,17,NODE6,CH27,-49.56,1,0.415,train,0
0,17,NODE7,CH27,-43.75,1,0.0,train,0
0,17,NODE8,CH27,-38.51,1,0.828,train,0
0,17,NODE1,CH28,-41.18,1,0.697,train,0
0,17,NODE2,CH28,-48.69,1,0.46,train,0
0,17,NODE3,CH28,-48.52,1,0.49,train,0
0,17,NODE4,CH28,-39.89,1,0.785,train,0
0,17,NODE5,CH28,-48.3,1,0.379,train,0
0,17,NODE6,CH28,-45.98,1,0.448,train,0
0,17,NODE7,CH28,-43.95,1,0.74,train,0
0,17,NODE8,CH28,-39.02,1,0.787,train,0
0,17,NODE1,CH29,-99.12,0,0.666,train,0
0,17,NODE2,CH29,-101.27,0,0.392,train,0
0,17,NODE3,CH29,-96.07,0,0.421,train,0
0,17,NODE4,CH29,-88.66,0,0.78,train,0
0,17,NODE5,CH29,-100.1,0,0.42,train,0
0,17,NODE6,CH29,-100.41,0,0.37,train,0
0,17,NODE7,CH29,-91.09,0,0.735,train,0
0,17,NODE8,CH29,-96.29,0,0.875,train,0
0,17,NODE1,CH30,-42.29,1,0.655,train,0
0,17,NODE2,CH30,-52.7,1,0.379,train,0
0,17,NODE3,CH30,-49.08,1,0.442,train,0
0,17,NODE4,CH30,-40.99,1,0.768,train,0
0,17,NODE5,CH30,-51.06,1,0.403,train,0
0,17,NODE6,CH30,-50.12,1,0.402,train,0
0,17,NODE7,CH30,-40.83,1,0.797,train,0
0,17,NODE8,CH30,-41.91,1,0.824,train,0
0,17,NODE1,CH31,-98.69,0,0.69,train,0
0,17,NODE2,CH31,-94.97,0,0.421,train,0
0,17,NODE3,CH31,-95.38,0,0.505,train,0
0,17,NODE4,CH31,-96.55,0,0.769,train,0
0,17,NODE5,CH31,-100.17,0,0.408,train,0
0,17,NODE6,CH31,-97.04,0,0.404,train,0
0,17,NODE7,CH31,-93.23,0,0.7,train,0
0,17,NODE8,CH31,-97.27,0,0.787,train,0
0,17,NODE1,CH32,-42.46,1,0.707,train,0
0,17,NODE2,CH32,-49.42,1,0.38,train,0
0,17,NODE3,CH32,-47.84,1,0.486,train,0
0,17,NODE4,CH32,-39.18,1,0.8,train,0
0,17,NODE5,CH32,-51.48,1,0.371,train,0
0,17,NODE6,CH32,-51.19,1,0.419,train,0
0,17,NODE7,CH32,-43.35,1,0.757,train,0
0,17,NODE8,CH32,-41.68,1,0.786,train,0
0,17,NODE1,CH33,-43.58,1,0.691,train,0
0,17,NODE2,CH33,-49.32,1,0.409,train,0
0,17,NODE3,CH33,-47.34,1,0.507,train,0
0,17,NODE4,CH33,-37.06,1,0.752,train,0
0,17,NODE5,CH33,-46.07,1,0.369,train,0
0,17,NODE6,CH33,-49.31,1,0.439,train,0
0,17,NODE7,CH33,-44.95,1,0.742,train,0
0,17,NODE8,CH33,-40.93,1,0.786,train,0
0,17,NODE1,CH34,-40.54,1,0.694,train,0
0,17,NODE2,CH34,-49.07,1,0.443,train,0
0,17,NODE3,CH34,-45.21,1,0.488,train,0
0,17,NODE4,CH34,-38.95,1,0.741,train,0
0,17,NODE5,CH34,-48.13,1,0.42,train,0
0,17,NODE6,CH34,-47.94,1,0.454,train,0
0,17,NODE7,CH34,-41.17,1,0.678,train,0
0,17,NODE8,CH34,-41.06,1,0.769,train,0
0,17,NODE1,CH35,-42.81,1,0.697,train,0
0,17,NODE2,CH35,-50.18,1,0.382,train,0
0,17,NODE3,CH35,-49.05,1,0.473,train,0
0,17,NODE4,CH35,-41.06,1,0.813,train,0
0,17,NODE5,CH35,-49.24,1,0.336,train,0
0,17,NODE6,CH35,-50.38,1,0.424,train,0
0,17,NODE7,CH35,-37.87,1,0.737,train,0
0,17,NODE8,CH35,-40.4,1,0.805,train,0
0,17,NODE1,CH36,-43.09,1,0.608,train,0
0,17,NODE2,CH36,-48.98,1,0.42,train,0
0,17,NODE3,CH36,-45.72,1,0.473,train,0
0,17,NODE4,CH36,-41.59,1,0.721,train,0
0,17,NODE5,CH36,-50.46,1,0.356,train,0
0,17,NODE6,CH36,-49.09,1,0.436,train,0
0,17,NODE7,CH36,-44.12,1,0.724,train,0
0,17,NODE8,CH36,-39.54,1,0.8,train,0
0,17,NODE1,CH37,-41.17,1,0.713,train,0
0,17,NODE2,CH37,-52.11,1,0.345,train,0
0,17,NODE3,CH37,-48.06,1,0.477,train,0
0,17,NODE4,CH37,-41.94,1,0.82,train,0
0,17,NODE5,CH37,-48.03,1,0.413,train,0
0,17,NODE6,CH37,-50.21,1,0.395,train,0
0,17,NODE7,CH37,-43.95,1,0.677,train,0
0,17,NODE8,CH37,-38.71,1,0.815,train,0
0,17,NODE1,CH38,-41.83,1,0.654,train,0
0,17,NODE2,CH38,-49.7,1,0.384,train,0
0,17,NODE3,CH38,-46.51,1,0.395,train,0
0,17,NODE4,CH38,-38.12,1,0.795,train,0
0,17,NODE5,CH38,-48.55,1,0.373,train,0
0,17,NODE6,CH38,-49.37,1,0.432,train,0
0,17,NODE7,CH38,-41.3,1,0.744,train,0
0,17,NODE8,CH38,-37.25,1,0.809,train,0
0,17,NODE1,CH39,-42.82,1,0.689,train,0
0,17,NODE2,CH39,-49.83,1,0.439,train,0
0,17,NODE3,CH39,-46.83,1,0.509,train,0
0,17,NODE4,CH39,-41.55,1,0.822,train,0
0,17,NODE5,CH39,-48.63,1,0.372,train,0
0,17,NODE6,CH39,-49.02,1,0.447,train,0
0,17,NODE7,CH39,-40.27,1,0.748,train,0
0,17,NODE8,CH39,-39.16,1,0.8,train,0
0,17,NODE1,CH40,-43.15,1,0.669,train,0
0,17,NODE2,CH40,-49.42,1,0.359,train,0
0,17,NODE3,CH40,-44.08,1,0.492,train,0
0,17,NODE4,CH40,-39.71,1,0.784,train,0
0,17,NODE5,CH40,-49.11,1,0.406,train,0
0,17,NODE6,CH40,-49.66,1,0.392,train,0
0,17,NODE7,CH40,-39.99,1,0.729,train,0
0,17,NODE8,CH40,-39.21,1,0.763,train,0
0,18,NODE1,CH21,-42.63,1,0.689,train,0
0,18,NODE2,CH21,-51.78,1,0.411,train,0
0,18,NODE3,CH21,-49.19,1,0.502,train,0
0,18,NODE4,CH21,-42.54,1,0.802,train,0
0,18,NODE5,CH21,-47.31,1,0.362,train,0
0,18,NODE6,CH21,-47.93,1,0.466,train,0
0,18,NODE7,CH21,-41.29,1,0.739,train,0
0,18,NODE8,CH21,-40.66,1,0.74,train,0
0,18,NODE1,CH22,-41.81,1,0.697,train,0
0,18,NODE2,CH22,-50.44,1,0.437,train,0
0,18,NODE3,CH22,-49.34,1,0.476,train,0
0,18,NODE4,CH22,-41.39,1,0.728,train,0
0,18,NODE5,CH22,-50.89,1,0.421,train,0
0,18,NODE6,CH22,-48.87,1,0.397,train,0
0,18,NODE7,CH22,-42.01,1,0.72,train,0
0,18,NODE8,CH22,-40.92,1,0.814,train,0
0,18,NODE1,CH23,-99.46,0,0.667,train,0
0,18,NODE2,CH23,-99.93,0,0.412,train,0
0,18,NODE3,CH23,-91.39,0,0.454,train,0
0,18,NODE4,CH23,-97.77,0,0.785,train,0
0,18,NODE5,CH23,-99.23,0,0.456,train,0
0,18,NODE6,CH23,-97.73,0,0.408,train,0
0,18,NODE7,CH23,-96.25,0,0.769,train,0
0,18,NODE8,CH23,-98.41,0,0.768,train,0
0,18,NODE1,CH24,-42.86,1,0.674,train,0
0,18,NODE2,CH24,-49.98,1,0.402,train,0
0,18,NODE3,CH24,-47.35,1,0.447,train,0
0,18,NODE4,CH24,-41.61,1,0.765,train,0
0,18,NODE5,CH24,-51.83,1,0.377,train,0
0,18,NODE6,CH24,-49.49,1,0.404,train,0
0,18,NODE7,CH24,-41.81,1,0.737,train,0
0,18,NODE8,CH24,-40.18,1,0.783,train,0
0,18,NODE1,CH25,-93.72,0,0.688,train,0
0,18,NODE2,CH25,-95.79,0,0.351,train,0
0,18,NODE3,CH25,-101.73,0,0.506,train,0
0,18,NODE4,CH25,-95.33,0,0.772,train,0
0,18,NODE5,CH25,-97.88,0,0.45,train,0
0,18,NODE6,CH25,-99.93,0,0.451,train,0
0,18,NODE7,CH25,-100.92,0,0.715,train,0
0,18,NODE8,CH25,-91.91,0,0.828,train,0
0,18,NODE1,CH26,-40.6,1,0.685,train,0
0,18,NODE2,CH26,-50.72,1,0.449,train,0
0,18,NODE3,CH26,-49.16,1,0.493,train,0
0,18,NODE4,CH26,-40.16,1,0.727,train,0
0,18,NODE5,CH26,-50.97,1,0.363,train,0
0,18,NODE6,CH26,-47.93,1,0.432,train,0
0,18,NODE7,CH26,-41.96,1,0.659,train,0
0,18,NODE8,CH26,-41.43,1,0.792,train,0
0,18,NODE1,CH27,-44.38,1,0.628,train,0
0,18,NODE2,CH27,-51.51,1,0.407,train,0
0,18,NODE3,CH27,-47.72,1,0.518,train,0
0,18,NODE4,CH27,-41.02,1,0.749,train,0
0,18,NODE5,CH27,-48.87,1,0.44,train,0
0,18,NODE6,CH27,-48.96,1,0.414,train,0
0,18,NODE7,CH27,-42.21,1,0.756,train,0
0,18,NODE8,CH27,-40.75,1,0.773,train,0
0,18,NODE1,CH28,-42.76,1,0.706,train,0
0,18,NODE2,CH28,-50.28,1,0.407,train,0
0,18,NODE3,CH28,-48.48,1,0.435,train,0
0,18,NODE4,CH28,-38.62,1,0.836,train,0
0,18,NODE5,CH28,-46.38,1,0.385,train,0
0,18,NODE6,CH28,-49.81,1,0.401,train,0
0,18,NODE7,CH28,-42.06,1,0.72,train,0
0,18,NODE8,CH28,-40.68,1,0.739,train,0
0,18,NODE1,CH29,-92.85,0,0.707,train,0
0,18,NODE2,CH29,-98.1,0,0.394,train,0
0,18,NODE3,CH29,-95.64,0,0.485,train,0
0,18,NODE4,CH29,-91.51,0,0.802,train,0
0,18,NODE5,CH29,-100.8,0,0.414,train,0
0,18,NODE6,CH29,-97.35,0,0.395,train,0
0,18,NODE7,CH29,-91.26,0,0.697,train,0
0,18,NODE8,CH29,-94.57,0,0.812,train,0
0,18,NODE1,CH30,-41.43,1,0.762,train,0
0,18,NODE2,CH30,-49.13,1,0.375,train,0
0,18,NODE3,CH30,-48.95,1,0.548,train,0
0,18,NODE4,CH30,-41.92,1,0.797,train,0
0,18,NODE5,CH30,-50.37,1,0.366,train,0
0,18,NODE6,CH30,-50.54,1,0.448,train,0
0,18,NODE7,CH30,-40.15,1,0.677,train,0
0,18,NODE8,CH30,-40.2,1,0.783,train,0
0,18,NODE1,CH31,-41.88,1,0.707,train,0
0,18,NODE2,CH31,-48.5,1,0.459,train,0
0,18,NODE3,CH31,-47.58,1,0.521,train,0
0,18,NODE4,CH31,-40.0,1,0.756,train,0
0,18,NODE5,CH31,-49.9,1,0.398,train,0
0,18,NODE6,CH31,-48.8,1,0.391,train,0
0,18,NODE7,CH31,-44.27,1,0.65,train,0
0,18,NODE8,CH31,-35.34,1,0.775,train,0
0,18,NODE1,CH32,-44.14,1,0.65,train,0
0,18,NODE2,CH32,-48.89,1,0.413,train,0
0,18,NODE3,CH32,-47.92,1,0.457,train,0
0,18,NODE4,CH32,-41.8,1,0.743,train,0
0,18,NODE5,CH32,-50.42,1,0.452,train,0
0,18,NODE6,CH32,-46.27,1,0.0,train,0
0,18,NODE7,CH32,-42.72,1,0.769,train,0
0,18,NODE8,CH32,-37.28,1,0.789,train,0
0,18,NODE1,CH33,-46.13,1,0.685,train,0
0,18,NODE2,CH33,-51.16,1,0.403,train,0
0,18,NODE3,CH33,-49.51,1,0.467,train,0
0,18,NODE4,CH33,-41.0,1,0.807,train,0
0,18,NODE5,CH33,-47.5,1,0.392,train,0
0,18,NODE6,CH33,-47.66,1,0.448,train,0
0,18,NODE7,CH33,-43.39,1,0.691,train,0
0,18,NODE8,CH33,-39.38,1,0.761,train,0
0,18,NODE1,CH34,-99.8,0,0.665,train,0
0,18,NODE2,CH34,-103.04,0,0.437,train,0
0,18,NODE3,CH34,-95.52,0,0.486,train,0
0,18,NODE4,CH34,-92.71,0,0.777,train,0
0,18,NODE5,CH34,-96.08,0,0.401,train,0
0,18,NODE6,CH34,-100.96,0,0.386,train,0
0,18,NODE7,CH34,-92.11,0,0.726,train,0
0,18,NODE8,CH34,-95.79,0,0.781,train,0
0,18,NODE1,CH35,-95.13,0,0.69,train,0
0,18,NODE2,CH35,-94.82,0,0.36,train,0
0,18,NODE3,CH35,-96.28,0,0.433,train,0
0,18,NODE4,CH35,-95.0,0,0.809,train,0
0,18,NODE5,CH35,-101.23,0,0.352,train,0
0,18,NODE6,CH35,-98.28,0,0.439,train,0
0,18,NODE7,CH35,-94.18,0,0.755,train,0
0,18,NODE8,CH35,-92.64,0,0.814,train,0
0,18,NODE1,CH36,-44.95,1,0.661,train,0
0,18,NODE2,CH36,-51.15,1,0.416,train,0
0,18,NODE3,CH36,-49.19,1,0.441,train,0
0,18,NODE4,CH36,-41.52,1,0.784,train,0
0,18,NODE5,CH36,-52.46,1,0.35,train,0
0,18,NODE6,CH36,-51.06,1,0.461,train,0
0,18,NODE7,CH36,-43.72,1,0.701,train,0
0,18,NODE8,CH36,-38.26,1,0.834,train,0
0,18,NODE1,CH37,-42.41,1,0.652,train,0
0,18,NODE2,CH37,-48.57,1,0.386,train,0
0,18,NODE3,CH37,-48.2,1,0.427,train,0
0,18,NODE4,CH37,-38.93,1,0.783,train,0
0,18,NODE5,CH37,-48.45,1,0.39,train,0
0,18,NODE6,CH37,-50.86,1,0.471,train,0
0,18,NODE7,CH37,-39.89,1,0.72,train,0
0,18,NODE8,CH37,-39.68,1,0.787,train,0
0,18,NODE1,CH38,-95.54,0,0.649,train,0
0,18,NODE2,CH38,-90.68,0,0.393,train,0
0,18,NODE3,CH38,-96.84,0,0.485,train,0
0,18,NODE4,CH38,-85.8,0,0.733,train,0
0,18,NODE5,CH38,-99.93,0,0.381,train,0
0,18,NODE6,CH38,-95.02,0,0.414,train,0
0,18,NODE7,CH38,-93.14,0,0.775,train,0
0,18,NODE8,CH38,-95.39,0,0.798,train,0
0,18,NODE1,CH39,-101.27,0,0.725,train,0
0,18,NODE2,CH39,-96.91,0,0.367,train,0
0,18,NODE3,CH39,-101.54,0,0.445,train,0
0,18,NODE4,CH39,-95.43,0,0.713,train,0
0,18,NODE5,CH39,-101.64,0,0.407,train,0
0,18,NODE6,CH39,-98.4,0,0.349,train,0
0,18,NODE7,CH39,-97.68,0,0.746,train,0
0,18,NODE8,CH39,-93.57,0,0.833,train,0
0,18,NODE1,CH40,-41.89,1,0.663,train,0
0,18,NODE2,CH40,-50.2,1,0.445,train,0
0,18,NODE3,CH40,-49.91,1,0.485,train,0
0,18,NODE4,CH40,-40.27,1,0.748,train,0
0,18,NODE5,CH40,-50.22,1,0.383,train,0
0,18,NODE6,CH40,-51.26,1,0.396,train,0
0,18,NODE7,CH40,-42.66,1,0.696,train,0
0,18,NODE8,CH40,-41.54,1,0.772,train,0
0,19,NODE1,CH21,-45.3,1,0.689,train,0
0,19,NODE2,CH21,-47.91,1,0.411,train,0
0,19,NODE3,CH21,-48.09,1,0.455,train,0
0,19,NODE4,CH21,-41.31,1,0.744,train,0
0,19,NODE5,CH21,-51.02,1,0.413,train,0
0,19,NODE6,CH21,-49.52,1,0.412,train,0
0,19,NODE7,CH21,-43.98,1,0.743,train,0
0,19,NODE8,CH21,-39.81,1,0.744,train,0
0,19,NODE1,CH22,-45.81,1,0.729,train,0
0,19,NODE2,CH22,-52.65,1,0.458,train,0
0,19,NODE3,CH22,-47.96,1,0.543,train,0
0,19,NODE4,CH22,-41.43,1,0.801,train,0
0,19,NODE5,CH22,-52.81,1,0.351,train,0
0,19,NODE6,CH22,-48.06,1,0.423,train,0
0,19,NODE7,CH22,-42.05,1,0.72,train,0
0,19,NODE8,CH22,-37.71,1,0.794,train,0
0,19,NODE1,CH23,-96.43,0,0.724,train,0
0,19,NODE2,CH23,-100.46,0,0.347,train,0
0,19,NODE3,CH23,-97.33,0,0.443,train,0
0,19,NODE4,CH23,-96.14,0,0.761,train,0
0,19,NODE5,CH23,-98.58,0,0.372,train,0
0,19,NODE6,CH23,-105.65,0,0.405,train,0
0,19,NODE7,CH23,-99.19,0,0.7,train,0
0,19,NODE8,CH23,-95.0,0,0.805,train,0
0,19,NODE1,CH24,-43.29,1,0.67,train,0
0,19,NODE2,CH24,-48.21,1,0.428,train,0
0,19,NODE3,CH24,-46.86,1,0.48,train,0
0,19,NODE4,CH24,-43.11,1,0.815,train,0
0,19,NODE5,CH24,-49.34,1,0.396,train,0
0,19,NODE6,CH24,-48.83,1,0.396,train,0
0,19,NODE7,CH24,-43.61,1,0.713,train,0
0,19,NODE8,CH24,-40.55,1,0.727,train,0
0,19,NODE1,CH25,-91.97,0,0.686,train,0
0,19,NODE2,CH25,-93.39,0,0.382,train,0
0,19,NODE3,CH25,-93.77,0,0.51,train,0
0,19,NODE4,CH25,-99.72,0,0.789,train,0
0,19,NODE5,CH25,-94.4,0,0.4,train,0
0,19,NODE6,CH25,-104.09,0,0.351,train,0
0,19,NODE7,CH25,-98.34,0,0.733,train,0
0,19,NODE8,CH25,-92.68,0,0.76,train,0
0,19,NODE1,CH26,-45.71,1,0.716,train,0
0,19,NODE2,CH26,-51.78,1,0.436,train,0
0,19,NODE3,CH26,-46.92,1,0.517,train,0
0,19,NODE4,CH26,-42.44,1,0.701,train,0
0,19,NODE5,CH26,-51.11,1,0.439,train,0
0,19,NODE6,CH26,-51.98,1,0.414,train,0
0,19,NODE7,CH26,-43.71,1,0.704,train,0
0,19,NODE8,CH26,-41.71,1,0.81,train,0
0,19,NODE1,CH27,-40.57,1,0.719,train,0
0,19,NODE2,CH27,-49.34,1,0.416,train,0
0,19,NODE3,CH27,-46.61,1,0.521,train,0
0,19,NODE4,CH27,-39.76,1,0.777,train,0
0,19,NODE5,CH27,-47.77,1,0.373,train,0
0,19,NODE6,CH27,-47.73,1,0.483,train,0
0,19,NODE7,CH27,-43.37,1,0.765,train,0
0,19,NODE8,CH27,-36.82,1,0.796,train,0
0,19,NODE1,CH28,-43.46,1,0.683,train,0
0,19,NODE2,CH28,-49.03,1,0.408,train,0
0,19,NODE3,CH28,-47.49,1,0.448,train,0
0,19,NODE4,CH28,-42.43,1,0.78,train,0
0,19,NODE5,CH28,-50.32,1,0.429,train,0
0,19,NODE6,CH28,-49.57,1,0.455,train,0
0,19,NODE7,CH28,-38.68,1,0.742,train,0
0,19,NODE8,CH28,-44.38,1,0.847,train,0
0,19,NODE1,CH29,-95.78,0,0.712,train,0
0,19,NODE2,CH29,-95.26,0,0.415,train,0
0,19,NODE3,CH29,-98.6,0,0.565,train,0
0,19,NODE4,CH29,-93.95,0,0.772,train,0
0,19,NODE5,CH29,-96.5,0,0.405,train,0
0,19,NODE6,CH29,-96.59,0,0.441,train,0
0,19,NODE7,CH29,-93.84,0,0.711,train,0
0,19,NODE8,CH29,-102.3,0,0.84,train,0
0,19,NODE1,CH30,-41.3,1,0.717,train,0
0,19,NODE2,CH30,-49.92,1,0.423,train,0
0,19,NODE3,CH30,-48.79,1,0.468,train,0
0,19,NODE4,CH30,-38.86,1,0.778,train,0
0,19,NODE5,CH30,-52.23,1,0.376,train,0
0,19,NODE6,CH30,-48.51,1,0.45,train,0
0,19,NODE7,CH30,-40.35,1,0.696,train,0
0,19,NODE8,CH30,-38.78,1,0.754,train,0
0,19,NODE1,CH31,-44.95,1,0.639,train,0
0,19,NODE2,CH31,-49.79,1,0.41,train,0
0,19,NODE3,CH31,-47.78,1,0.514,train,0
0,19,NODE4,CH31,-41.92,1,0.753,train,0
0,19,NODE5,CH31,-49.14,1,0.435,train,0
0,19,NODE6,CH31,-49.75,1,0.419,train,0
0,19,NODE7,CH31,-41.31,1,0.712,train,0
0,19,NODE8,CH31,-40.13,1,0.798,train,0
0,19,NODE1,CH32,-42.47,1,0.67,train,0
0,19,NODE2,CH32,-49.72,1,0.412,train,0
0,19,NODE3,CH32,-47.37,1,0.512,train,0
0,19,NODE4,CH32,-38.94,1,0.748,train,0
0,19,NODE5,CH32,-48.59,1,0.388,train,0
0,19,NODE6,CH32,-48.1,1,0.38,train,0
0,19,NODE7,CH32,-43.71,1,0.761,train,0
0,19,NODE8,CH32,-39.21,1,0.764,train,0
0,19,NODE1,CH33,-95.3,0,0.712,train,0
0,19,NODE2,CH33,-97.53,0,0.351,train,0
0,19,NODE3,CH33,-98.44,0,0.505,train,0
0,19,NODE4,CH33,-96.61,0,0.786,train,0
0,19,NODE5,CH33,-103.13,0,0.406,train,0
0,19,NODE6,CH33,-93.93,0,0.474,train,0
0,19,NODE7,CH33,-98.32,0,0.72,train,0
0,19,NODE8,CH33,-96.49,0,0.771,train,0
0,19,NODE1,CH34,-41.26,1,0.668,train,0
0,19,NODE2,CH34,-50.25,1,0.434,train,0
0,19,NODE3,CH34,-47.56,1,0.466,train,0
0,19,NODE4,CH34,-41.65,1,0.79,train,0
0,19,NODE5,CH34,-49.9,1,0.383,train,0
0,19,NODE6,CH34,-49.74,1,0.384,train,0
0,19,NODE7,CH34,-41.94,1,0.723,train,0
0,19,NODE8,CH34,-41.65,1,0.726,train,0
0,19,NODE1,CH35,-94.91,0,0.683,train,0
0,19,NODE2,CH35,-98.86,0,0.353,train,0
0,19,NODE3,CH35,-100.98,0,0.5,train,0
0,19,NODE4,CH35,-95.31,0,0.765,train,0
0,19,NODE5,CH35,-100.36,0,0.446,train,0
0,19,NODE6,CH35,-97.52,0,0.425,train,0
0,19,NODE7,CH35,-96.39,0,0.683,train,0
0,19,NODE8,CH35,-98.53,0,0.784,train,0
0,19,NODE1,CH36,-97.76,0,0.688,train,0
0,19,NODE2,CH36,-96.59,0,0.426,train,0
0,19,NODE3,CH36,-99.73,0,0.545,train,0
0,19,NODE4,CH36,-98.69,0,0.769,train,0
0,19,NODE5,CH36,-97.09,0,0.37,train,0
0,19,NODE6,CH36,-94.66,0,0.434,train,0
0,19,NODE7,CH36,-98.48,0,0.757,train,0
0,19,NODE8,CH36,-94.1,0,0.816,train,0
0,19,NODE1,CH37,-98.59,0,0.694,train,0
0,19,NODE2,CH37,-97.88,0,0.396,train,0
0,19,NODE3,CH37,-98.3,0,0.518,train,0
0,19,NODE4,CH37,-100.06,0,0.774,train,0
0,19,NODE5,CH37,-97.1,0,0.425,train,0
0,19,NODE6,CH37,-97.5,0,0.42,train,0
0,19,NODE7,CH37,-101.14,0,0.706,train,0
0,19,NODE8,CH37,-95.05,0,0.801,train,0
0,19,NODE1,CH38,-97.82,0,0.681,train,0
0,19,NODE2,CH38,-97.92,0,0.433,train,0
0,19,NODE3,CH38,-96.17,0,0.493,train,0
0,19,NODE4,CH38,-101.56,0,0.757,train,0
0,19,NODE5,CH38,-96.6,0,0.422,train,0
0,19,NODE6,CH38,-99.26,0,0.476,train,0
0,19,NODE7,CH38,-96.31,0,0.721,train,0
0,19,NODE8,CH38,-92.23,0,0.84,train,0
0,19,NODE1,CH39,-94.56,0,0.706,train,0
0,19,NODE2,CH39,-97.53,0,0.36,train,0
0,19,NODE3,CH39,-97.82,0,0.518,train,0
0,19,NODE4,CH39,-105.21,0,0.759,train,0
0,19,NODE5,CH39,-97.15,0,0.378,train,0
0,19,NODE6,CH39,-99.41,0,0.438,train,0
0,19,NODE7,CH39,-97.68,0,0.761,train,0
0,19,NODE8,CH39,-97.72,0,0.806,train,0
0,19,NODE1,CH40,-94.11,0,0.682,train,0
0,19,NODE2,CH40,-97.54,0,0.386,train,0
0,19,NODE3,CH40,-92.3,0,0.504,train,0
0,19,NODE4,CH40,-93.76,0,0.775,train,0
0,19,NODE5,CH40,-103.79,0,0.399,train,0
0,19,NODE6,CH40,-97.47,0,0.371,train,0
0,19,NODE7,CH40,-95.19,0,0.702,train,0
0,19,NODE8,CH40,-97.43,0,0.773,train,0
0,20,NODE1,CH21,-42.04,1,0.7,train,0
0,20,NODE2,CH21,-50.92,1,0.389,train,0
0,20,NODE3,CH21,-50.47,1,0.53,train,0
0,20,NODE4,CH21,-37.69,1,0.75,train,0
0,20,NODE5,CH21,-47.39,1,0.441,train,0
0,20,NODE6,CH21,-49.54,1,0.42,train,0
0,20,NODE7,CH21,-43.19,1,0.736,train,0
0,20,NODE8,CH21,-39.4,1,0.797,train,0
0,20,NODE1,CH22,-42.78,1,0.68,train,0
0,20,NODE2,CH22,-47.42,1,0.367,train,0
0,20,NODE3,CH22,-48.97,1,0.421,train,0
0,20,NODE4,CH22,-38.33,1,0.753,train,0
0,20,NODE5,CH22,-48.63,1,0.463,train,0
0,20,NODE6,CH22,-50.35,1,0.438,train,0
0,20,NODE7,CH22,-41.78,1,0.7,train,0
0,20,NODE8,CH22,-38.96,1,0.794,train,0
0,20,NODE1,CH23,-95.42,0,0.667,train,0
0,20,NODE2,CH23,-100.68,0,0.439,train,0
0,20,NODE3,CH23,-99.1,0,0.459,train,0
0,20,NODE4,CH23,-95.39,0,0.74,train,0
0,20,NODE5,CH23,-99.33,0,0.378,train,0
0,20,NODE6,CH23,-97.53,0,0.448,train,0
0,20,NODE7,CH23,-96.32,0,0.708,train,0
0,20,NODE8,CH23,-92.77,0,0.737,train,0
0,20,NODE1,CH24,-99.28,0,0.621,train,0
0,20,NODE2,CH24,-94.47,0,0.451,train,0
0,20,NODE3,CH24,-90.59,0,0.473,train,0
0,20,NODE4,CH24,-95.36,0,0.735,train,0
0,20,NODE5,CH24,-100.72,0,0.455,train,0
0,20,NODE6,CH24,-97.59,0,0.376,train,0
0,20,NODE7,CH24,-92.63,0,0.72,train,0
0,20,NODE8,CH24,-91.2,0,0.8,train,0
0,20,NODE1,CH25,-97.36,0,0.685,train,0
0,20,NODE2,CH25,-95.01,0,0.401,train,0
0,20,NODE3,CH25,-93.36,0,0.478,train,0
0,20,NODE4,CH25,-94.35,0,0.753,train,0
0,20,NODE5,CH25,-93.05,0,0.377,train,0
0,20,NODE6,CH25,-104.04,0,0.412,train,0
0,20,NODE7,CH25,-94.43,0,0.699,train,0
0,20,NODE8,CH25,-96.4,0,0.794,train,0
0,20,NODE1,CH26,-96.93,0,0.623,train,0
0,20,NODE2,CH26,-96.0,0,0.399,train,0
0,20,NODE3,CH26,-94.51,0,0.491,train,0
0,20,NODE4,CH26,-98.01,0,0.674,train,0
0,20,NODE5,CH26,-105.16,0,0.312,train,0
0,20,NODE6,CH26,-94.84,0,0.416,train,0
0,20,NODE7,CH26,-98.08,0,0.678,train,0
0,20,NODE8,CH26,-103.11,0,0.761,train,0
0,20,NODE1,CH27,-42.22,1,0.694,train,0
0,20,NODE2,CH27,-50.26,1,0.353,train,0
0,20,NODE3,CH27,-47.65,1,0.496,train,0
0,20,NODE4,CH27,-40.63,1,0.8,train,0
0,20,NODE5,CH27,-47.77,1,0.381,train,0
0,20,NODE6,CH27,-48.6,1,0.41,train,0
0,20,NODE7,CH27,-42.03,1,0.744,train,0
0,20,NODE8,CH27,-41.02,1,0.763,train,0
0,20,NODE1,CH28,-41.65,1,0.686,train,0
0,20,NODE2,CH28,-47.99,1,0.324,train,0
0,20,NODE3,CH28,-45.56,1,0.471,train,0
0,20,NODE4,CH28,-40.64,1,0.776,train,0
0,20,NODE5,CH28,-50.14,1,0.448,train,0
0,20,NODE6,CH28,-49.5,1,0.445,train,0
0,20,NODE7,CH28,-40.92,1,0.695,train,0
0,20,NODE8,CH28,-37.67,1,0.803,train,0
0,20,NODE1,CH29,-41.93,1,0.65,train,0
0,20,NODE2,CH29,-49.68,1,0.383,train,0
0,20,NODE3,CH29,-47.04,1,0.51,train,0
0,20,NODE4,CH29,-41.33,1,0.778,train,0
0,20,NODE5,CH29,-49.85,1,0.429,train,0
0,20,NODE6,CH29,-49.06,1,0.49,train,0
0,20,NODE7,CH29,-43.13,1,0.693,train,0
0,20,NODE8,CH29,-43.98,1,0.857,train,0
0,20,NODE1,CH30,-87.13,0,0.677,train,0
0,20,NODE2,CH30,-97.34,0,0.406,train,0
0,20,NODE3,CH30,-95.73,0,0.509,train,0
0,20,NODE4,CH30,-103.23,0,0.728,train,0
0,20,NODE5,CH30,-98.13,0,0.384,train,0
0,20,NODE6,CH30,-95.72,0,0.433,train,0
0,20,NODE7,CH30,-90.06,0,0.717,train,0
0,20,NODE8,CH30,-95.22,0,0.748,train,0
0,20,NODE1,CH31,-45.26,1,0.705,train,0
0,20,NODE2,CH31,-51.26,1,0.407,train,0
0,20,NODE3,CH31,-46.75,1,0.492,train,0
0,20,NODE4,CH31,-40.5,1,0.742,train,0
0,20,NODE5,CH31,-48.83,1,0.394,train,0
0,20,NODE6,CH31,-49.7,1,0.419,train,0
0,20,NODE7,CH31,-43.14,1,0.768,train,0
0,20,NODE8,CH31,-38.11,1,0.816,train,0
0,20,NODE1,CH32,-41.15,1,0.727,train,0
0,20,NODE2,CH32,-50.09,1,0.378,train,0
0,20,NODE3,CH32,-49.63,1,0.512,train,0
0,20,NODE4,CH32,-39.74,1,0.729,train,0
0,20,NODE5,CH32,-51.52,1,0.358,train,0
0,20,NODE6,CH32,-51.46,1,0.395,train,0
0,20,NODE7,CH32,-40.35,1,0.699,train,0
0,20,NODE8,CH32,-41.14,1,0.849,train,0
0,20,NODE1,CH33,-44.66,1,0.68,train,0
0,20,NODE2,CH33,-51.72,1,0.435,train,0
0,20,NODE3,CH33,-46.44,1,0.461,train,0
0,20,NODE4,CH33,-40.28,1,0.815,train,0
0,20,NODE5,CH33,-50.0,1,0.411,train,0
0,20,NODE6,CH33,-47.04,1,0.423,train,0
0,20,NODE7,CH33,-39.34,1,0.671,train,0
0,20,NODE8,CH33,-43.85,1,0.788,train,0
0,20,NODE1,CH34,-95.32,0,0.686,train,0
0,20,NODE2,CH34,-102.44,0,0.408,train,0
0,20,NODE3,CH34,-99.46,0,0.505,train,0
0,20,NODE4,CH34,-96.55,0,0.76,train,0
0,20,NODE5,CH34,-101.54,0,0.415,train,0
0,20,NODE6,CH34,-98.64,0,0.425,train,0
0,20,NODE7,CH34,-92.89,0,0.768,train,0
0,20,NODE8,CH34,-99.91,0,0.782,train,0
0,20,NODE1,CH35,-95.22,0,0.737,train,0
0,20,NODE2,CH35,-93.78,0,0.377,train,0
0,20,NODE3,CH35,-98.34,0,0.454,train,0
0,20,NODE4,CH35,-93.84,0,0.764,train,0
0,20,NODE5,CH35,-99.93,0,0.404,train,0
0,20,NODE6,CH35,-94.53,0,0.39,train,0
0,20,NODE7,CH35,-98.38,0,0.69,train,0
0,20,NODE8,CH35,-94.27,0,0.802,train,0
0,20,NODE1,CH36,-98.37,0,0.652,train,0
0,20,NODE2,CH36,-101.05,0,0.414,train,0
0,20,NODE3,CH36,-96.22,0,0.558,train,0
0,20,NODE4,CH36,-92.96,0,0.804,train,0
0,20,NODE5,CH36,-101.46,0,0.419,train,0
0,20,NODE6,CH36,-95.27,0,0.394,train,0
0,20,NODE7,CH36,-96.72,0,0.776,train,0
0,20,NODE8,CH36,-93.36,0,0.793,train,0
0,20,NODE1,CH37,-98.05,0,0.675,train,0
0,20,NODE2,CH37,-100.14,0,0.449,train,0
0,20,NODE3,CH37,-98.72,0,0.459,train,0
0,20,NODE4,CH37,-98.29,0,0.804,train,0
0,20,NODE5,CH37,-97.74,0,0.412,train,0
0,20,NODE6,CH37,-96.43,0,0.416,train,0
0,20,NODE7,CH37,-98.15,0,0.679,train,0
0,20,NODE8,CH37,-97.18,0,0.804,train,0
0,20,NODE1,CH38,-97.91,0,0.684,train,0
0,20,NODE2,CH38,-94.18,0,0.364,train,0
0,20,NODE3,CH38,-91.62,0,0.515,train,0
0,20,NODE4,CH38,-95.38,0,0.735,train,0
0,20,NODE5,CH38,-94.01,0,0.402,train,0
0,20,NODE6,CH38,-99.31,0,0.43,train,0
0,20,NODE7,CH38,-99.41,0,0.687,train,0
0,20,NODE8,CH38,-91.19,0,0.749,train,0
0,20,NODE1,CH39,-96.31,0,0.724,train,0
0,20,NODE2,CH39,-96.39,0,0.426,train,0
0,20,NODE3,CH39,-100.22,0,0.491,train,0
0,20,NODE4,CH39,-98.48,0,0.762,train,0
0,20,NODE5,CH39,-98.15,0,0.391,train,0
0,20,NODE6,CH39,-98.12,0,0.451,train,0
0,20,NODE7,CH39,-96.72,0,0.74,train,0
0,20,NODE8,CH39,-94.21,0,0.812,train,0
0,20,NODE1,CH40,-101.21,0,0.699,train,0
0,20,NODE2,CH40,-96.28,0,0.412,train,0
0,20,NODE3,CH40,-98.02,0,0.521,train,0
0,20,NODE4,CH40,-98.92,0,0.774,train,0
0,20,NODE5,CH40,-98.58,0,0.436,train,0
0,20,NODE6,CH40,-98.44,0,0.388,train,0
0,20,NODE7,CH40,-94.28,0,0.671,train,0
0,20,NODE8,CH40,-97.29,0,0.834,train,0
0,21,NODE1,CH21,-41.98,1,0.697,train,0
0,21,NODE2,CH21,-50.02,1,0.399,train,0
0,21,NODE3,CH21,-48.94,1,0.535,train,0
0,21,NODE4,CH21,-37.67,1,0.727,train,0
0,21,NODE5,CH21,-48.67,1,0.406,train,0
0,21,NODE6,CH21,-48.57,1,0.428,train,0
0,21,NODE7,CH21,-40.02,1,0.757,train,0
0,21,NODE8,CH21,-40.72,1,0.798,train,0
0,21,NODE1,CH22,-41.54,1,0.699,train,0
0,21,NODE2,CH22,-49.02,1,0.364,train,0
0,21,NODE3,CH22,-46.39,1,0.492,train,0
0,21,NODE4,CH22,-42.45,1,0.793,train,0
0,21,NODE5,CH22,-49.44,1,0.378,train,0
0,21,NODE6,CH22,-49.19,1,0.449,train,0
0,21,NODE7,CH22,-41.51,1,0.688,train,0
0,21,NODE8,CH22,-40.58,1,0.824,train,0
0,21,NODE1,CH23,-96.66,0,0.638,train,0
0,21,NODE2,CH23,-97.34,0,0.418,train,0
0,21,NODE3,CH23,-102.49,0,0.538,train,0
0,21,NODE4,CH23,-103.04,0,0.784,train,0
0,21,NODE5,CH23,-98.56,0,0.38,train,0
0,21,NODE6,CH23,-98.34,0,0.397,train,0
0,21,NODE7,CH23,-96.71,0,0.779,train,0
0,21,NODE8,CH23,-99.6,0,0.825,train,0
0,21,NODE1,CH24,-94.45,0,0.696,train,0
0,21,NODE2,CH24,-97.09,0,0.443,train,0
0,21,NODE3,CH24,-98.36,0,0.508,train,0
0,21,NODE4,CH24,-96.79,0,0.785,train,0
0,21,NODE5,CH24,-95.88,0,0.436,train,0
0,21,NODE6,CH24,-97.66,0,0.437,train,0
0,21,NODE7,CH24,-94.08,0,0.715,train,0
0,21,NODE8,CH24,-94.02,0,0.806,train,0
0,21,NODE1,CH25,-92.28,0,0.678,train,0
0,21,NODE2,CH25,-93.56,0,0.403,train,0
0,21,NODE3,CH25,-99.15,0,0.427,train,0
0,21,NODE4,CH25,-93.49,0,0.769,train,0
0,21,NODE5,CH25,-98.7,0,0.456,train,0
0,21,NODE6,CH25,-95.41,0,0.406,train,0
0,21,NODE7,CH25,-93.36,0,0.656,train,0
0,21,NODE8,CH25,-92.99,0,0.833,train,0
0,21,NODE1,CH26,-98.95,0,0.699,train,0
0,21,NODE2,CH26,-103.1,0,0.41,train,0
0,21,NODE3,CH26,-97.31,0,0.51,train,0
0,21,NODE4,CH26,-99.25,0,0.789,train,0
0,21,NODE5,CH26,-101.8,0,0.39,train,0
0,21,NODE6,CH26,-101.3,0,0.421,train,0
0,21,NODE7,CH26,-99.06,0,0.696,train,0
0,21,NODE8,CH26,-99.05,0,0.829,train,0
0,21,NODE1,CH27,-98.0,0,0.736,train,0
0,21,NODE2,CH27,-95.94,0,0.37,train,0
0,21,NODE3,CH27,-99.48,0,0.522,train,0
0,21,NODE4,CH27,-94.18,0,0.785,train,0
0,21,NODE5,CH27,-93.34,0,0.383,train,0
0,21,NODE6,CH27,-98.67,0,0.407,train,0
0,21,NODE7,CH27,-94.9,0,0.698,train,0
0,21,NODE8,CH27,-99.39,0,0.789,train,0
0,21,NODE1,CH28,-96.46,0,0.721,train,0
0,21,NODE2,CH28,-96.53,0,0.408,train,0
0,21,NODE3,CH28,-94.29,0,0.508,train,0
0,21,NODE4,CH28,-91.92,0,0.704,train,0
0,21,NODE5,CH28,-95.9,0,0.399,train,0
0,21,NODE6,CH28,-99.6,0,0.431,train,0
0,21,NODE7,CH28,-98.27,0,0.696,train,0
0,21,NODE8,CH28,-96.92,0,0.798,train,0
0,21,NODE1,CH29,-102.48,0,0.68,train,0
0,21,NODE2,CH29,-96.32,0,0.389,train,0
0,21,NODE3,CH29,-95.68,0,0.467,train,0
0,21,NODE4,CH29,-94.35,0,0.798,train,0
0,21,NODE5,CH29,-99.27,0,0.412,train,0
0,21,NODE6,CH29,-100.15,0,0.406,train,0
0,21,NODE7,CH29,-96.0,0,0.703,train,0
0,21,NODE8,CH29,-95.02,0,0.773,train,0
0,21,NODE1,CH30,-44.83,1,0.722,train,0
0,21,NODE2,CH30,-49.08,1,0.384,train,0
0,21,NODE3,CH30,-46.77,1,0.488,train,0
0,21,NODE4,CH30,-42.98,1,0.758,train,0
0,21,NODE5,CH30,-51.54,1,0.382,train,0
0,21,NODE6,CH30,-50.04,1,0.403,train,0
0,21,NODE7,CH30,-44.15,1,0.712,train,0
0,21,NODE8,CH30,-39.54,1,0.792,train,0
0,21,NODE1,CH31,-42.1,1,0.671,train,0
0,21,NODE2,CH31,-50.65,1,0.411,train,0
0,21,NODE3,CH31,-46.38,1,0.526,train,0
0,21,NODE4,CH31,-39.25,1,0.769,train,0
0,21,NODE5,CH31,-48.85,1,0.416,train,0
0,21,NODE6,CH31,-51.19,1,0.431,train,0
0,21,NODE7,CH31,-43.42,1,0.734,train,0
0,21,NODE8,CH31,-41.4,1,0.801,train,0
0,21,NODE1,CH32,-43.5,1,0.645,train,0
0,21,NODE2,CH32,-49.15,1,0.4,train,0
0,21,NODE3,CH32,-49.44,1,0.48,train,0
0,21,NODE4,CH32,-41.68,1,0.738,train,0
0,21,NODE5,CH32,-51.39,1,0.422,train,0
0,21,NODE6,CH32,-48.63,1,0.423,train,0
0,21,NODE7,CH32,-40.53,1,0.688,train,0
0,21,NODE8,CH32,-40.47,1,0.776,train,0
0,21,NODE1,CH33,-93.73,0,0.67,train,0
0,21,NODE2,CH33,-94.8,0,0.488,train,0
0,21,NODE3,CH33,-103.71,0,0.458,train,0
0,21,NODE4,CH33,-95.49,0,0.78,train,0
0,21,NODE5,CH33,-95.43,0,0.395,train,0
0,21,NODE6,CH33,-103.4,0,0.423,train,0
0,21,NODE7,CH33,-93.84,0,0.714,train,0
0,21,NODE8,CH33,-93.95,0,0.761,train,0
0,21,NODE1,CH34,-95.01,0,0.733,train,0
0,21,NODE2,CH34,-99.51,0,0.369,train,0
0,21,NODE3,CH34,-96.06,0,0.517,train,0
0,21,NODE4,CH34,-102.94,0,0.786,train,0
0,21,NODE5,CH34,-98.35,0,0.431,train,0
0,21,NODE6,CH34,-97.98,0,0.403,train,0
0,21,NODE7,CH34,-98.61,0,0.721,train,0
0,21,NODE8,CH34,-101.59,0,0.757,train,0
0,21,NODE1,CH35,-91.9,0,0.611,train,0
0,21,NODE2,CH35,-94.52,0,0.35,train,0
0,21,NODE3,CH35,-100.11,0,0.473,train,0
0,21,NODE4,CH35,-91.73,0,0.737,train,0
0,21,NODE5,CH35,-99.94,0,0.482,train,0
0,21,NODE6,CH35,-103.6,0,0.416,train,0
0,21,NODE7,CH35,-100.6,0,0.718,train,0
0,21,NODE8,CH35,-99.64,0,0.81,train,0
0,21,NODE1,CH36,-43.98,1,0.718,train,0
0,21,NODE2,CH36,-50.29,1,0.404,train,0
0,21,NODE3,CH36,-48.14,1,0.524,train,0
0,21,NODE4,CH36,-38.76,1,0.779,train,0
0,21,NODE5,CH36,-50.85,1,0.369,train,0
0,21,NODE6,CH36,-48.75,1,0.436,train,0
0,21,NODE7,CH36,-43.97,1,0.726,train,0
0,21,NODE8,CH36,-40.73,1,0.766,train,0
0,21,NODE1,CH37,-99.69,0,0.627,train,0
0,21,NODE2,CH37,-95.77,0,0.448,train,0
0,21,NODE3,CH37,-97.98,0,0.521,train,0
0,21,NODE4,CH37,-91.02,0,0.804,train,0
0,21,NODE5,CH37,-97.64,0,0.413,train,0
0,21,NODE6,CH37,-100.3,0,0.45,train,0
0,21,NODE7,CH37,-94.5,0,0.793,train,0
0,21,NODE8,CH37,-92.23,0,0.808,train,0
0,21,NODE1,CH38,-99.24,0,0.654,train,0
0,21,NODE2,CH38,-95.68,0,0.402,train,0
0,21,NODE3,CH38,-99.43,0,0.483,train,0
0,21,NODE4,CH38,-93.55,0,0.768,train,0
0,21,NODE5,CH38,-95.59,0,0.442,train,0
0,21,NODE6,CH38,-98.47,0,0.417,train,0
0,21,NODE7,CH38,-97.22,0,0.726,train,0
0,21,NODE8,CH38,-91.71,0,0.784,train,0
0,21,NODE1,CH39,-94.91,0,0.681,train,0
0,21,NODE2,CH39,-90.57,0,0.403,train,0
0,21,NODE3,CH39,-100.75,0,0.537,train,0
0,21,NODE4,CH39,-102.44,0,0.77,train,0
0,21,NODE5,CH39,-100.57,0,0.368,train,0
0,21,NODE6,CH39,-95.15,0,0.393,train,0
0,21,NODE7,CH39,-94.79,0,0.715,train,0
0,21,NODE8,CH39,-97.68,0,0.821,train,0
0,21,NODE1,CH40,-92.32,0,0.733,train,0
0,21,NODE2,CH40,-101.69,0,0.395,train,0
0,21,NODE3,CH40,-91.76,0,0.488,train,0
0,21,NODE4,CH40,-99.29,0,0.803,train,0
0,21,NODE5,CH40,-94.6,0,0.389,train,0
0,21,NODE6,CH40,-102.5,0,0.379,train,0
0,21,NODE7,CH40,-95.54,0,0.727,train,0
0,21,NODE8,CH40,-95.56,0,0.759,train,0
0,22,NODE1,CH21,-103.94,0,0.698,train,0
0,22,NODE2,CH21,-95.58,0,0.4,train,0
0,22,NODE3,CH21,-96.18,0,0.477,train,0
0,22,NODE4,CH21,-96.93,0,0.813,train,0
0,22,NODE5,CH21,-96.96,0,0.0,train,0
0,22,NODE6,CH21,-102.29,0,0.0,train,0
0,22,NODE7,CH21,-95.26,0,0.701,train,0
0,22,NODE8,CH21,-99.01,0,0.816,train,0
0,22,NODE1,CH22,-42.63,1,0.674,train,0
0,22,NODE2,CH22,-47.66,1,0.42,train,0
0,22,NODE3,CH22,-47.01,1,0.462,train,0
0,22,NODE4,CH22,-42.14,1,0.784,train,0
0,22,NODE5,CH22,-50.6,1,0.371,train,0
0,22,NODE6,CH22,-50.84,1,0.435,train,0
0,22,NODE7,CH22,-41.56,1,0.709,train,0
0,22,NODE8,CH22,-39.64,1,0.754,train,0
0,22,NODE1,CH23,-94.15,0,0.679,train,0
0,22,NODE2,CH23,-93.42,0,0.409,train,0
0,22,NODE3,CH23,-93.45,0,0.492,train,0
0,22,NODE4,CH23,-87.89,0,0.826,train,0
0,22,NODE5,CH23,-96.98,0,0.365,train,0
0,22,NODE6,CH23,-93.71,0,0.396,train,0
0,22,NODE7,CH23,-94.28,0,0.721,train,0
0,22,NODE8,CH23,-99.73,0,0.755,train,0
0,22,NODE1,CH24,-96.71,0,0.677,train,0
0,22,NODE2,CH24,-101.69,0,0.381,train,0
0,22,NODE3,CH24,-91.73,0,0.464,train,0
0,22,NODE4,CH24,-93.15,0,0.792,train,0
0,22,NODE5,CH24,-105.86,0,0.496,train,0
0,22,NODE6,CH24,-98.09,0,0.397,train,0
0,22,NODE7,CH24,-96.62,0,0.764,train,0
0,22,NODE8,CH24,-93.59,0,0.792,train,0
0,22,NODE1,CH25,-99.02,0,0.669,train,0
0,22,NODE2,CH25,-100.47,0,0.379,train,0
0,22,NODE3,CH25,-101.77,0,0.53,train,0
0,22,NODE4,CH25,-100.35,0,0.752,train,0
0,22,NODE5,CH25,-102.28,0,0.419,train,0
0,22,NODE6,CH25,-99.54,0,0.397,train,0
0,22,NODE7,CH25,-93.66,0,0.748,train,0
0,22,NODE8,CH25,-93.91,0,0.746,train,0
0,22,NODE1,CH26,-97.43,0,0.715,train,0
0,22,NODE2,CH26,-102.73,0,0.402,train,0
0,22,NODE3,CH26,-101.2,0,0.507,train,0
0,22,NODE4,CH26,-94.6,0,0.821,train,0
0,22,NODE5,CH26,-98.07,0,0.408,train,0
0,22,NODE6,CH26,-94.61,0,0.506,train,0
0,22,NODE7,CH26,-99.64,0,0.776,train,0
0,22,NODE8,CH26,-94.3,0,0.828,train,0
0,22,NODE1,CH27,-96.85,0,0.672,train,0
0,22,NODE2,CH27,-91.07,0,0.388,train,0
0,22,NODE3,CH27,-96.76,0,0.518,train,0
0,22,NODE4,CH27,-97.96,0,0.804,train,0
0,22,NODE5,CH27,-93.59,0,0.425,train,0
0,22,NODE6,CH27,-97.24,0,0.377,train,0
0,22,NODE7,CH27,-102.98,0,0.73,train,0
0,22,NODE8,CH27,-94.79,0,0.782,train,0
0,22,NODE1,CH28,-93.02,0,0.699,train,0
0,22,NODE2,CH28,-100.74,0,0.373,train,0
0,22,NODE3,CH28,-100.44,0,0.491,train,0
0,22,NODE4,CH28,-96.92,0,0.772,train,0
0,22,NODE5,CH28,-98.09,0,0.363,train,0
0,22,NODE6,CH28,-92.54,0,0.447,train,0
0,22,NODE7,CH28,-99.54,0,0.76,train,0
0,22,NODE8,CH28,-97.46,0,0.799,train,0
0,22,NODE1,CH29,-96.16,0,0.679,train,0
0,22,NODE2,CH29,-96.77,0,0.377,train,0
0,22,NODE3,CH29,-98.06,0,0.559,train,0
0,22,NODE4,CH29,-101.75,0,0.888,train,0
0,22,NODE5,CH29,-103.32,0,0.436,train,0
0,22,NODE6,CH29,-96.3,0,0.443,train,0
0,22,NODE7,CH29,-95.6,0,0.719,train,0
0,22,NODE8,CH29,-98.73,0,0.814,train,0
0,22,NODE1,CH30,-102.58,0,0.716,train,0
0,22,NODE2,CH30,-97.51,0,0.354,train,0
0,22,NODE3,CH30,-97.38,0,0.488,train,0
0,22,NODE4,CH30,-92.75,0,0.796,train,0
0,22,NODE5,CH30,-102.64,0,0.419,train,0
0,22,NODE6,CH30,-96.43,0,0.454,train,0
0,22,NODE7,CH30,-89.8,0,0.777,train,0
0,22,NODE8,CH30,-92.3,0,0.822,train,0
0,22,NODE1,CH31,-96.63,0,0.709,train,0
0,22,NODE2,CH31,-97.09,0,0.398,train,0
0,22,NODE3,CH31,-92.49,0,0.551,train,0
0,22,NODE4,CH31,-95.95,0,0.769,train,0
0,22,NODE5,CH31,-96.26,0,0.358,train,0
0,22,NODE6,CH31,-99.4,0,0.396,train,0
0,22,NODE7,CH31,-96.84,0,0.707,train,0
0,22,NODE8,CH31,-93.03,0,0.861,train,0
0,22,NODE1,CH32,-42.34,1,0.687,train,0
0,22,NODE2,CH32,-50.37,1,0.39,train,0
0,22,NODE3,CH32,-47.84,1,0.489,train,0
0,22,NODE4,CH32,-40.39,1,0.771,train,0
0,22,NODE5,CH32,-52.47,1,0.406,train,0
0,22,NODE6,CH32,-50.33,1,0.402,train,0
0,22,NODE7,CH32,-44.54,1,0.75,train,0
0,22,NODE8,CH32,-38.61,1,0.8,train,0
0,22,NODE1,CH33,-96.01,0,0.681,train,0
0,22,NODE2,CH33,-97.94,0,0.412,train,0
0,22,NODE3,CH33,-101.9,0,0.518,train,0
0,22,NODE4,CH33,-93.81,0,0.793,train,0
0,22,NODE5,CH33,-98.09,0,0.38,train,0
0,22,NODE6,CH33,-92.78,0,0.393,train,0
0,22,NODE7,CH33,-93.3,0,0.677,train,0
0,22,NODE8,CH33,-97.85,0,0.78,train,0
0,22,NODE1,CH34,-95.84,0,0.758,train,0
0,22,NODE2,CH34,-100.0,0,0.369,train,0
0,22,NODE3,CH34,-95.73,0,0.533,train,0
0,22,NODE4,CH34,-95.85,0,0.782,train,0
0,22,NODE5,CH34,-98.01,0,0.405,train,0
0,22,NODE6,CH34,-101.0,0,0.392,train,0
0,22,NODE7,CH34,-96.31,0,0.725,train,0
0,22,NODE8,CH34,-95.08,0,0.805,train,0
0,22,NODE1,CH35,-94.77,0,0.702,train,0
0,22,NODE2,CH35,-97.7,0,0.383,train,0
0,22,NODE3,CH35,-104.78,0,0.535,train,0
0,22,NODE4,CH35,-95.05,0,0.776,train,0
0,22,NODE5,CH35,-97.22,0,0.386,train,0
0,22,NODE6,CH35,-100.7,0,0.495,train,0
0,22,NODE7,CH35,-97.64,0,0.679,train,0
0,22,NODE8,CH35,-95.66,0,0.793,train,0
0,22,NODE1,CH36,-42.25,1,0.663,train,0
0,22,NODE2,CH36,-50.72,1,0.421,train,0
0,22,NODE3,CH36,-46.07,1,0.444,train,0
0,22,NODE4,CH36,-42.43,1,0.776,train,0
0,22,NODE5,CH36,-48.02,1,0.388,train,0
0,22,NODE6,CH36,-48.67,1,0.43,train,0
0,22,NODE7,CH36,-43.11,1,0.759,train,0
0,22,NODE8,CH36,-38.23,1,0.879,train,0
0,22,NODE1,CH37,-97.08,0,0.701,train,0
0,22,NODE2,CH37,-93.19,0,0.405,train,0
0,22,NODE3,CH37,-97.85,0,0.541,train,0
0,22,NODE4,CH37,-100.65,0,0.769,train,0
0,22,NODE5,CH37,-95.56,0,0.382,train,0
0,22,NODE6,CH37,-98.72,0,0.415,train,0
0,22,NODE7,CH37,-94.24,0,0.757,train,0
0,22,NODE8,CH37,-93.62,0,0.838,train,0
0,22,NODE1,CH38,-97.83,0,0.704,train,0
0,22,NODE2,CH38,-92.84,0,0.427,train,0
0,22,NODE3,CH38,-94.28,0,0.542,train,0
0,22,NODE4,CH38,-99.27,0,0.803,train,0
0,22,NODE5,CH38,-98.46,0,0.386,train,0
0,22,NODE6,CH38,-99.52,0,0.451,train,0
0,22,NODE7,CH38,-94.32,0,0.701,train,0
0,22,NODE8,CH38,-92.07,0,0.753,train,0
0,22,NODE1,CH39,-94.79,0,0.664,train,0
0,22,NODE2,CH39,-99.75,0,0.387,train,0
0,22,NODE3,CH39,-98.08,0,0.522,train,0
0,22,NODE4,CH39,-90.05,0,0.815,train,0
0,22,NODE5,CH39,-93.65,0,0.391,train,0
0,22,NODE6,CH39,-102.18,0,0.384,train,0
0,22,NODE7,CH39,-94.58,0,0.734,train,0
0,22,NODE8,CH39,-96.2,0,0.777,train,0
0,22,NODE1,CH40,-93.38,0,0.715,train,0
0,22,NODE2,CH40,-101.52,0,0.363,train,0
0,22,NODE3,CH40,-96.32,0,0.467,train,0
0,22,NODE4,CH40,-93.37,0,0.749,train,0
0,22,NODE5,CH40,-96.31,0,0.369,train,0
0,22,NODE6,CH40,-100.76,0,0.399,train,0
0,22,NODE7,CH40,-94.66,0,0.703,train,0
0,22,NODE8,CH40,-99.37,0,0.792,train,0
0,23,NODE1,CH21,-96.78,0,0.67,train,0
0,23,NODE2,CH21,-101.13,0,0.396,train,0
0,23,NODE3,CH21,-100.81,0,0.487,train,0
0,23,NODE4,CH21,-93.84,0,0.806,train,0
0,23,NODE5,CH21,-100.59,0,0.397,train,0
0,23,NODE6,CH21,-93.71,0,0.423,train,0
0,23,NODE7,CH21,-101.59,0,0.72,train,0
0,23,NODE8,CH21,-94.18,0,0.808,train,0
0,23,NODE1,CH22,-98.21,0,0.683,train,0
0,23,NODE2,CH22,-96.04,0,0.446,train,0
0,23,NODE3,CH22,-92.8,0,0.504,train,0
0,23,NODE4,CH22,-94.34,0,0.775,train,0
0,23,NODE5,CH22,-98.27,0,0.407,train,0
0,23,NODE6,CH22,-93.34,0,0.422,train,0
0,23,NODE7,CH22,-96.81,0,0.712,train,0
0,23,NODE8,CH22,-89.73,0,0.754,train,0
0,23,NODE1,CH23,-89.55,0,0.658,train,0
0,23,NODE2,CH23,-97.68,0,0.378,train,0
0,23,NODE3,CH23,-95.05,0,0.492,train,0
0,23,NODE4,CH23,-100.45,0,0.796,train,0
0,23,NODE5,CH23,-99.12,0,0.426,train,0
0,23,NODE6,CH23,-94.47,0,0.426,train,0
0,23,NODE7,CH23,-95.52,0,0.697,train,0
0,23,NODE8,CH23,-90.9,0,0.816,train,0
0,23,NODE1,CH24,-89.14,0,0.641,train,0
0,23,NODE2,CH24,-100.3,0,0.404,train,0
0,23,NODE3,CH24,-100.28,0,0.561,train,0
0,23,NODE4,CH24,-94.89,0,0.796,train,0
0,23,NODE5,CH24,-93.31,0,0.364,train,0
0,23,NODE6,CH24,-97.66,0,0.433,train,0
0,23,NODE7,CH24,-99.24,0,0.748,train,0
0,23,NODE8,CH24,-96.19,0,0.804,train,0
0,23,NODE1,CH25,-97.7,0,0.634,train,0
0,23,NODE2,CH25,-94.78,0,0.423,train,0
0,23,NODE3,CH25,-99.88,0,0.559,train,0
0,23,NODE4,CH25,-98.14,0,0.781,train,0
0,23,NODE5,CH25,-93.42,0,0.419,train,0
0,23,NODE6,CH25,-98.67,0,0.405,train,0
0,23,NODE7,CH25,-96.16,0,0.667,train,0
0,23,NODE8,CH25,-93.2,0,0.82,train,0
0,23,NODE1,CH26,-98.53,0,0.699,train,0
0,23,NODE2,CH26,-101.45,0,0.449,train,0
0,23,NODE3,CH26,-98.2,0,0.547,train,0
0,23,NODE4,CH26,-93.72,0,0.771,train,0
0,23,NODE5,CH26,-99.99,0,0.377,train,0
0,23,NODE6,CH26,-95.08,0,0.445,train,0
0,23,NODE7,CH26,-92.6,0,0.715,train,0
0,23,NODE8,CH26,-93.89,0,0.795,train,0
0,23,NODE1,CH27,-95.96,0,0.725,train,0
0,23,NODE2,CH27,-100.5,0,0.447,train,0
0,23,NODE3,CH27,-99.75,0,0.5,train,0
0,23,NODE4,CH27,-100.31,0,0.839,train,0
0,23,NODE5,CH27,-93.27,0,0.423,train,0
0,23,NODE6,CH27,-93.37,0,0.426,train,0
0,23,NODE7,CH27,-100.57,0,0.713,train,0
0,23,NODE8,CH27,-97.25,0,0.845,train,0
0,23,NODE1,CH28,-95.13,0,0.685,train,0
0,23,NODE2,CH28,-97.74,0,0.345,train,0
0,23,NODE3,CH28,-97.8,0,0.533,train,0
0,23,NODE4,CH28,-96.01,0,0.796,train,0
0,23,NODE5,CH28,-101.27,0,0.388,train,0
0,23,NODE6,CH28,-100.04,0,0.432,train,0
0,23,NODE7,CH28,-101.8,0,0.737,train,0
0,23,NODE8,CH28,-104.17,0,0.866,train,0
0,23,NODE1,CH29,-99.23,0,0.66,train,0
0,23,NODE2,CH29,-96.16,0,0.466,train,0
0,23,NODE3,CH29,-100.36,0,0.516,train,0
0,23,NODE4,CH29,-96.9,0,0.787,train,0
0,23,NODE5,CH29,-96.75,0,0.389,train,0
0,23,NODE6,CH29,-99.18,0,0.461,train,0
0,23,NODE7,CH29,-99.79,0,0.722,train,0
0,23,NODE8,CH29,-94.8,0,0.741,train,0
0,23,NODE1,CH30,-95.34,0,0.651,train,0
0,23,NODE2,CH30,-99.85,0,0.393,train,0
0,23,NODE3,CH30,-96.58,0,0.498,train,0
0,23,NODE4,CH30,-96.98,0,0.756,train,0
0,23,NODE5,CH30,-100.62,0,0.388,train,0
0,23,NODE6,CH30,-97.48,0,0.397,train,0
0,23,NODE7,CH30,-99.01,0,0.771,train,0
0,23,NODE8,CH30,-95.5,0,0.76,train,0
0,23,NODE1,CH31,-96.49,0,0.0,train,0
0,23,NODE2,CH31,-101.25,0,0.374,train,0
0,23,NODE3,CH31,-97.65,0,0.523,train,0
0,23,NODE4,CH31,-98.36,0,0.815,train,0
0,23,NODE5,CH31,-106.09,0,0.453,train,0
0,23,NODE6,CH31,-99.72,0,0.442,train,0
0,23,NODE7,CH31,-101.94,0,0.739,train,0
0,23,NODE8,CH31,-95.93,0,0.801,train,0
0,23,NODE1,CH32,-97.37,0,0.696,train,0
0,23,NODE2,CH32,-101.21,0,0.417,train,0
0,23,NODE3,CH32,-100.33,0,0.51,train,0
0,23,NODE4,CH32,-93.53,0,0.794,train,0
0,23,NODE5,CH32,-96.83,0,0.403,train,0
0,23,NODE6,CH32,-95.13,0,0.411,train,0
0,23,NODE7,CH32,-92.4,0,0.729,train,0
0,23,NODE8,CH32,-98.94,0,0.793,train,0
0,23,NODE1,CH33,-97.38,0,0.661,train,0
0,23,NODE2,CH33,-96.46,0,0.428,train,0
0,23,NODE3,CH33,-94.12,0,0.485,train,0
0,23,NODE4,CH33,-99.75,0,0.77,train,0
0,23,NODE5,CH33,-96.01,0,0.354,train,0
0,23,NODE6,CH33,-98.77,0,0.451,train,0
0,23,NODE7,CH33,-93.8,0,0.671,train,0
0,23,NODE8,CH33,-99.63,0,0.734,train,0
0,23,NODE1,CH34,-96.02,0,0.639,train,0
0,23,NODE2,CH34,-97.17,0,0.372,train,0
0,23,NODE3,CH34,-94.7,0,0.509,train,0
0,23,NODE4,CH34,-93.89,0,0.782,train,0
0,23,NODE5,CH34,-97.82,0,0.396,train,0
0,23,NODE6,CH34,-94.07,0,0.446,train,0
0,23,NODE7,CH34,-99.0,0,0.681,train,0
0,23,NODE8,CH34,-94.93,0,0.756,train,0
0,23,NODE1,CH35,-94.17,0,0.679,train,0
0,23,NODE2,CH35,-101.16,0,0.411,train,0
0,23,NODE3,CH35,-103.45,0,0.505,train,0
0,23,NODE4,CH35,-99.89,0,0.72,train,0
0,23,NODE5,CH35,-101.29,0,0.437,train,0
0,23,NODE6,CH35,-96.43,0,0.377,train,0
0,23,NODE7,CH35,-95.99,0,0.668,train,0
0,23,NODE8,CH35,-100.37,0,0.778,train,0
0,23,NODE1,CH36,-41.54,1,0.686,train,0
0,23,NODE2,CH36,-49.85,1,0.364,train,0
0,23,NODE3,CH36,-49.34,1,0.462,train,0
0,23,NODE4,CH36,-39.6,1,0.73,train,0
0,23,NODE5,CH36,-49.79,1,0.425,train,0
0,23,NODE6,CH36,-51.47,1,0.403,train,0
0,23,NODE7,CH36,-41.03,1,0.74,train,0
0,23,NODE8,CH36,-42.23,1,0.78,train,0
0,23,NODE1,CH37,-100.46,0,0.697,train,0
0,23,NODE2,CH37,-101.35,0,0.418,train,0
0,23,NODE3,CH37,-93.06,0,0.465,train,0
0,23,NODE4,CH37,-93.39,0,0.745,train,0
0,23,NODE5,CH37,-97.66,0,0.412,train,0
0,23,NODE6,CH37,-100.0,0,0.392,train,0
0,23,NODE7,CH37,-96.53,0,0.726,train,0
0,23,NODE8,CH37,-96.99,0,0.796,train,0
0,23,NODE1,CH38,-97.44,0,0.707,train,0
0,23,NODE2,CH38,-95.49,0,0.37,train,0
0,23,NODE3,CH38,-101.02,0,0.493,train,0
0,23,NODE4,CH38,-98.17,0,0.785,train,0
0,23,NODE5,CH38,-101.37,0,0.339,train,0
0,23,NODE6,CH38,-99.85,0,0.46,train,0
0,23,NODE7,CH38,-93.36,0,0.71,train,0
0,23,NODE8,CH38,-95.09,0,0.829,train,0
0,23,NODE1,CH39,-94.12,0,0.705,train,0
0,23,NODE2,CH39,-98.27,0,0.408,train,0
0,23,NODE3,CH39,-97.49,0,0.471,train,0
0,23,NODE4,CH39,-95.8,0,0.754,train,0
0,23,NODE5,CH39,-100.87,0,0.412,train,0
0,23,NODE6,CH39,-96.51,0,0.45,train,0
0,23,NODE7,CH39,-94.77,0,0.0,train,0
0,23,NODE8,CH39,-92.93,0,0.82,train,0
0,23,NODE1,CH40,-102.68,0,0.671,train,0
0,23,NODE2,CH40,-101.04,0,0.45,train,0
0,23,NODE3,CH40,-98.39,0,0.488,train,0
0,23,NODE4,CH40,-105.41,0,0.769,train,0
0,23,NODE5,CH40,-101.62,0,0.449,train,0
0,23,NODE6,CH40,-97.66,0,0.439,train,0
0,23,NODE7,CH40,-92.53,0,0.754,train,0
0,23,NODE8,CH40,-98.47,0,0.833,train,0
1,0,NODE1,CH21,-102.38,0,0.625,train,1
1,0,NODE2,CH21,-97.99,0,0.377,train,1
1,0,NODE3,CH21,-94.59,0,0.472,train,1
1,0,NODE4,CH21,-96.99,0,0.778,train,1
1,0,NODE5,CH21,-100.42,0,0.408,train,1
1,0,NODE6,CH21,-97.28,0,0.361,train,1
1,0,NODE7,CH21,-101.47,0,0.723,train,1
1,0,NODE8,CH21,-97.64,0,0.816,train,1
1,0,NODE1,CH22,-95.97,0,0.644,train,1
1,0,NODE2,CH22,-97.03,0,0.409,train,1
1,0,NODE3,CH22,-94.06,0,0.46,train,1
1,0,NODE4,CH22,-96.27,0,0.827,train,1
1,0,NODE5,CH22,-98.15,0,0.387,train,1
1,0,NODE6,CH22,-98.22,0,0.378,train,1
1,0,NODE7,CH22,-99.11,0,0.763,train,1
1,0,NODE8,CH22,-93.47,0,0.783,train,1
1,0,NODE1,CH23,-95.23,0,0.698,train,1
1,0,NODE2,CH23,-101.2,0,0.371,train,1
1,0,NODE3,CH23,-98.99,0,0.454,train,1
1,0,NODE4,CH23,-100.21,0,0.784,train,1
1,0,NODE5,CH23,-94.97,0,0.392,train,1
1,0,NODE6,CH23,-92.32,0,0.432,train,1
1,0,NODE7,CH23,-97.56,0,0.749,train,1
1,0,NODE8,CH23,-95.51,0,0.782,train,1
1,0,NODE1,CH24,-95.85,0,0.65,train,1
1,0,NODE2,CH24,-97.3,0,0.372,train,1
1,0,NODE3,CH24,-99.02,0,0.509,train,1
1,0,NODE4,CH24,-96.88,0,0.749,train,1
1,0,NODE5,CH24,-97.65,0,0.432,train,1
1,0,NODE6,CH24,-104.3,0,0.435,train,1
1,0,NODE7,CH24,-87.49,0,0.712,train,1
1,0,NODE8,CH24,-89.64,0,0.837,train,1
1,0,NODE1,CH25,-87.25,0,0.738,train,1
1,0,NODE2,CH25,-90.86,0,0.354,train,1
1,0,NODE3,CH25,-100.94,0,0.535,train,1
1,0,NODE4,CH25,-99.53,0,0.772,train,1
1,0,NODE5,CH25,-100.09,0,0.407,train,1
1,0,NODE6,CH25,-97.58,0,0.429,train,1
1,0,NODE7,CH25,-95.33,0,0.778,train,1
1,0,NODE8,CH25,-97.46,0,0.826,train,1
1,0,NODE1,CH26,-95.13,0,0.681,train,1
1,0,NODE2,CH26,-92.81,0,0.411,train,1
1,0,NODE3,CH26,-105.94,0,0.455,train,1
1,0,NODE4,CH26,-93.01,0,0.751,train,1
1,0,NODE5,CH26,-98.5,0,0.39,train,1
1,0,NODE6,CH26,-95.5,0,0.471,train,1
1,0,NODE7,CH26,-94.01,0,0.705,train,1
1,0,NODE8,CH26,-95.49,0,0.782,train,1
1,0,NODE1,CH27,-93.77,0,0.738,train,1
1,0,NODE2,CH27,-96.47,0,0.414,train,1
1,0,NODE3,CH27,-97.56,0,0.474,train,1
1,0,NODE4,CH27,-100.67,0,0.753,train,1
1,0,NODE5,CH27,-97.68,0,0.351,train,1
1,0,NODE6,CH27,-94.15,0,0.435,train,1
1,0,NODE7,CH27,-94.22,0,0.675,train,1
1,0,NODE8,CH27,-95.82,0,0.812,train,1
1,0,NODE1,CH28,-95.97,0,0.671,train,1
1,0,NODE2,CH28,-95.62,0,0.397,train,1
1,0,NODE3,CH28,-95.05,0,0.501,train,1
1,0,NODE4,CH28,-95.49,0,0.758,train,1
1,0,NODE5,CH28,-97.81,0,0.417,train,1
1,0,NODE6,CH28,-100.41,0,0.413,train,1
1,0,NODE7,CH28,-96.17,0,0.74,train,1
1,0,NODE8,CH28,-101.99,0,0.778,train,1
1,0,NODE1,CH29,-96.45,0,0.643,train,1
1,0,NODE2,CH29,-97.07,0,0.441,train,1
1,0,NODE3,CH29,-99.8,0,0.496,train,1
1,0,NODE4,CH29,-97.73,0,0.767,train,1
1,0,NODE5,CH29,-97.6,0,0.396,train,1
1,0,NODE6,CH29,-100.73,0,0.403,train,1
1,0,NODE7,CH29,-92.71,0,0.696,train,1
1,0,NODE8,CH29,-103.95,0,0.736,train,1
1,0,NODE1,CH30,-100.52,0,0.602,train,1
1,0,NODE2,CH30,-100.42,0,0.333,train,1
1,0,NODE3,CH30,-91.88,0,0.515,train,1
1,0,NODE4,CH30,-95.4,0,0.784,train,1
1,0,NODE5,CH30,-99.53,0,0.444,train,1
1,0,NODE6,CH30,-98.47,0,0.357,train,1
1,0,NODE7,CH30,-92.74,0,0.751,train,1
1,0,NODE8,CH30,-89.45,0,0.809,train,1
1,0,NODE1,CH31,-98.69,0,0.0,train,1
1,0,NODE2,CH31,-102.78,0,0.365,train,1
1,0,NODE3,CH31,-95.09,0,0.483,train,1
1,0,NODE4,CH31,-98.2,0,0.751,train,1
1,0,NODE5,CH31,-99.92,0,0.409,train,1
1,0,NODE6,CH31,-98.42,0,0.427,train,1
1,0,NODE7,CH31,-94.31,0,0.754,train,1
1,0,NODE8,CH31,-96.02,0,0.768,train,1
1,0,NODE1,CH32,-96.66,0,0.68,train,1
1,0,NODE2,CH32,-97.15,0,0.384,train,1
1,0,NODE3,CH32,-97.77,0,0.474,train,1
1,0,NODE4,CH32,-94.47,0,0.802,train,1
1,0,NODE5,CH32,-100.85,0,0.358,train,1
1,0,NODE6,CH32,-98.01,0,0.478,train,1
1,0,NODE7,CH32,-94.32,0,0.681,train,1
1,0,NODE8,CH32,-94.68,0,0.747,train,1
1,0,NODE1,CH33,-102.25,0,0.703,train,1
1,0,NODE2,CH33,-101.27,0,0.389,train,1
1,0,NODE3,CH33,-99.95,0,0.462,train,1
1,0,NODE4,CH33,-95.26,0,0.779,train,1
1,0,NODE5,CH33,-98.83,0,0.487,train,1
1,0,NODE6,CH33,-99.08,0,0.422,train,1
1,0,NODE7,CH33,-97.55,0,0.727,train,1
1,0,NODE8,CH33,-93.72,0,0.764,train,1
1,0,NODE1,CH34,-98.57,0,0.63,train,1
1,0,NODE2,CH34,-100.72,0,0.0,train,1
1,0,NODE3,CH34,-93.35,0,0.521,train,1
1,0,NODE4,CH34,-99.02,0,0.758,train,1
1,0,NODE5,CH34,-94.65,0,0.415,train,1
1,0,NODE6,CH34,-97.31,0,0.425,train,1
1,0,NODE7,CH34,-97.1,0,0.724,train,1
1,0,NODE8,CH34,-97.43,0,0.793,train,1
1,0,NODE1,CH35,-96.65,0,0.665,train,1
1,0,NODE2,CH35,-93.22,0,0.397,train,1
1,0,NODE3,CH35,-97.58,0,0.485,train,1
1,0,NODE4,CH35,-99.25,0,0.789,train,1
1,0,NODE5,CH35,-97.55,0,0.412,train,1
1,0,NODE6,CH35,-91.73,0,0.427,train,1
1,0,NODE7,CH35,-96.5,0,0.747,train,1
1,0,NODE8,CH35,-97.01,0,0.801,train,1
1,0,NODE1,CH36,-98.13,0,0.7,train,1
1,0,NODE2,CH36,-94.8,0,0.412,train,1
1,0,NODE3,CH36,-98.71,0,0.492,train,1
1,0,NODE4,CH36,-95.59,0,0.721,train,1
1,0,NODE5,CH36,-102.44,0,0.35,train,1
1,0,NODE6,CH36,-101.38,0,0.424,train,1
1,0,NODE7,CH36,-98.66,0,0.714,train,1
1,0,NODE8,CH36,-95.51,0,0.815,train,1
1,0,NODE1,CH37,-98.47,0,0.751,train,1
1,0,NODE2,CH37,-99.89,0,0.427,train,1
1,0,NODE3,CH37,-102.04,0,0.5,train,1
1,0,NODE4,CH37,-97.52,0,0.743,train,1
1,0,NODE5,CH37,-101.47,0,0.415,train,1
1,0,NODE6,CH37,-99.88,0,0.365,train,1
1,0,NODE7,CH37,-98.37,0,0.708,train,1
1,0,NODE8,CH37,-90.67,0,0.73,train,1
1,0,NODE1,CH38,-100.07,0,0.638,train,1
1,0,NODE2,CH38,-102.58,0,0.411,train,1
1,0,NODE3,CH38,-96.46,0,0.486,train,1
1,0,NODE4,CH38,-97.48,0,0.726,train,1
1,0,NODE5,CH38,-96.05,0,0.387,train,1
1,0,NODE6,CH38,-100.61,0,0.424,train,1
1,0,NODE7,CH38,-99.4,0,0.73,train,1
1,0,NODE8,CH38,-96.32,0,0.75,train,1
1,0,NODE1,CH39,-94.95,0,0.707,train,1
1,0,NODE2,CH39,-94.68,0,0.44,train,1
1,0,NODE3,CH39,-96.75,0,0.534,train,1
1,0,NODE4,CH39,-100.86,0,0.815,train,1
1,0,NODE5,CH39,-98.11,0,0.408,train,1
1,0,NODE6,CH39,-97.57,0,0.404,train,1
1,0,NODE7,CH39,-97.55,0,0.694,train,1
1,0,NODE8,CH39,-96.0,0,0.773,train,1
1,0,NODE1,CH40,-98.58,0,0.685,train,1
1,0,NODE2,CH40,-97.74,0,0.397,train,1
1,0,NODE3,CH40,-92.85,0,0.507,train,1
1,0,NODE4,CH40,-93.24,0,0.768,train,1
1,0,NODE5,CH40,-98.02,0,0.39,train,1
1,0,NODE6,CH40,-95.47,0,0.422,train,1
1,0,NODE7,CH40,-98.39,0,0.724,train,1
1,0,NODE8,CH40,-94.41,0,0.76,train,1
1,1,NODE1,CH21,-96.08,0,0.718,train,1
1,1,NODE2,CH21,-99.69,0,0.381,train,1
1,1,NODE3,CH21,-96.79,0,0.472,train,1
1,1,NODE4,CH21,-94.46,0,0.746,train,1
1,1,NODE5,CH21,-101.24,0,0.422,train,1
1,1,NODE6,CH21,-96.17,0,0.458,train,1
1,1,NODE7,CH21,-100.43,0,0.726,train,1
1,1,NODE8,CH21,-99.04,0,0.804,train,1
1,1,NODE1,CH22,-98.06,0,0.715,train,1
1,1,NODE2,CH22,-96.92,0,0.392,train,1
1,1,NODE3,CH22,-100.77,0,0.49,train,1
1,1,NODE4,CH22,-94.01,0,0.802,train,1
1,1,NODE5,CH22,-98.22,0,0.341,train,1
1,1,NODE6,CH22,-97.07,0,0.438,train,1
1,1,NODE7,CH22,-96.89,0,0.694,train,1
1,1,NODE8,CH22,-96.79,0,0.827,train,1
1,1,NODE1,CH23,-96.57,0,0.706,train,1
1,1,NODE2,CH23,-93.4,0,0.411,train,1
1,1,NODE3,CH23,-98.29,0,0.475,train,1
1,1,NODE4,CH23,-98.64,0,0.81,train,1
1,1,NODE5,CH23,-94.89,0,0.429,train,1
1,1,NODE6,CH23,-101.57,0,0.445,train,1
1,1,NODE7,CH23,-97.13,0,0.714,train,1
1,1,NODE8,CH23,-100.07,0,0.798,train,1
1,1,NODE1,CH24,-96.0,0,0.695,train,1
1,1,NODE2,CH24,-96.95,0,0.349,train,1
1,1,NODE3,CH24,-96.31,0,0.484,train,1
1,1,NODE4,CH24,-97.4,0,0.722,train,1
1,1,NODE5,CH24,-103.39,0,0.413,train,1
1,1,NODE6,CH24,-102.12,0,0.363,train,1
1,1,NODE7,CH24,-94.42,0,0.74,train,1
1,1,NODE8,CH24,-95.72,0,0.84,train,1
1,1,NODE1,CH25,-101.47,0,0.705,train,1
1,1,NODE2,CH25,-97.36,0,0.418,train,1
1,1,NODE3,CH25,-98.02,0,0.514,train,1
1,1,NODE4,CH25,-99.62,0,0.794,train,1
1,1,NODE5,CH25,-99.58,0,0.442,train,1
1,1,NODE6,CH25,-94.4,0,0.415,train,1
1,1,NODE7,CH25,-97.15,0,0.758,train,1
1,1,NODE8,CH25,-97.86,0,0.785,train,1
1,1,NODE1,CH26,-43.67,1,0.65,train,1
1,1,NODE2,CH26,-47.83,1,0.426,train,1
1,1,NODE3,CH26,-47.9,1,0.506,train,1
1,1,NODE4,CH26,-41.78,1,0.797,train,1
1,1,NODE5,CH26,-49.4,1,0.419,train,1
1,1,NODE6,CH26,-48.52,1,0.412,train,1
1,1,NODE7,CH26,-40.32,1,0.709,train,1
1,1,NODE8,CH26,-39.76,1,0.856,train,1
1,1,NODE1,CH27,-100.95,0,0.694,train,1
1,1,NODE2,CH27,-102.41,0,0.405,train,1
1,1,NODE3,CH27,-99.85,0,0.483,train,1
1,1,NODE4,CH27,-94.6,0,0.77,train,1
1,1,NODE5,CH27,-102.04,0,0.359,train,1
1,1,NODE6,CH27,-98.67,0,0.422,train,1
1,1,NODE7,CH27,-98.7,0,0.724,train,1
1,1,NODE8,CH27,-100.88,0,0.842,train,1
1,1,NODE1,CH28,-96.08,0,0.656,train,1
1,1,NODE2,CH28,-95.76,0,0.374,train,1
1,1,NODE3,CH28,-93.61,0,0.466,train,1
1,1,NODE4,CH28,-96.38,0,0.772,train,1
1,1,NODE5,CH28,-95.79,0,0.408,train,1
1,1,NODE6,CH28,-101.76,0,0.453,train,1
1,1,NODE7,CH28,-98.15,0,0.705,train,1
1,1,NODE8,CH28,-91.03,0,0.825,train,1
1,1,NODE1,CH29,-94.54,0,0.698,train,1
1,1,NODE2,CH29,-100.43,0,0.426,train,1
1,1,NODE3,CH29,-99.69,0,0.474,train,1
1,1,NODE4,CH29,-94.72,0,0.796,train,1
1,1,NODE5,CH29,-95.08,0,0.401,train,1
1,1,NODE6,CH29,-96.84,0,0.429,train,1
1,1,NODE7,CH29,-92.61,0,0.763,train,1
1,1,NODE8,CH29,-95.56,0,0.842,train,1
1,1,NODE1,CH30,-103.11,0,0.722,train,1
1,1,NODE2,CH30,-91.53,0,0.458,train,1
1,1,NODE3,CH30,-98.41,0,0.541,train,1
1,1,NODE4,CH30,-97.37,0,0.731,train,1
1,1,NODE5,CH30,-99.57,0,0.41,train,1
1,1,NODE6,CH30,-103.27,0,0.415,train,1
1,1,NODE7,CH30,-93.71,0,0.715,train,1
1,1,NODE8,CH30,-98.47,0,0.768,train,1
1,1,NODE1,CH31,-97.62,0,0.685,train,1
1,1,NODE2,CH31,-91.95,0,0.366,train,1
1,1,NODE3,CH31,-98.4,0,0.458,train,1
1,1,NODE4,CH31,-96.23,0,0.787,train,1
1,1,NODE5,CH31,-101.72,0,0.4,train,1
1,1,NODE6,CH31,-103.34,0,0.411,train,1
1,1,NODE7,CH31,-94.37,0,0.714,train,1
1,1,NODE8,CH31,-92.69,0,0.778,train,1
1,1,NODE1,CH32,-91.48,0,0.669,train,1
1,1,NODE2,CH32,-94.87,0,0.407,train,1
1,1,NODE3,CH32,-95.3,0,0.475,train,1
1,1,NODE4,CH32,-92.93,0,0.719,train,1
1,1,NODE5,CH32,-95.71,0,0.367,train,1
1,1,NODE6,CH32,-93.43,0,0.4,train,1
1,1,NODE7,CH32,-96.73,0,0.727,train,1
1,1,NODE8,CH32,-96.51,0,0.794,train,1
1,1,NODE1,CH33,-92.0,0,0.631,train,1
1,1,NODE2,CH33,-104.01,0,0.41,train,1
1,1,NODE3,CH33,-98.17,0,0.528,train,1
1,1,NODE4,CH33,-94.84,0,0.815,train,1
1,1,NODE5,CH33,-101.43,0,0.361,train,1
1,1,NODE6,CH33,-93.31,0,0.409,train,1
1,1,NODE7,CH33,-97.68,0,0.719,train,1
1,1,NODE8,CH33,-92.21,0,0.74,train,1
1,1,NODE1,CH34,-105.39,0,0.711,train,1
1,1,NODE2,CH34,-104.83,0,0.408,train,1
1,1,NODE3,CH34,-95.63,0,0.478,train,1
1,1,NODE4,CH34,-92.38,0,0.824,train,1
1,1,NODE5,CH34,-96.73,0,0.379,train,1
1,1,NODE6,CH34,-96.17,0,0.437,train,1
1,1,NODE7,CH34,-91.37,0,0.677,train,1
1,1,NODE8,CH34,-95.92,0,0.739,train,1
1,1,NODE1,CH35,-92.96,0,0.688,train,1
1,1,NODE2,CH35,-101.12,0,0.416,train,1
1,1,NODE3,CH35,-98.06,0,0.493,train,1
1,1,NODE4,CH35,-94.82,0,0.738,train,1
1,1,NODE5,CH35,-89.5,0,0.353,train,1
1,1,NODE6,CH35,-99.74,0,0.431,train,1
1,1,NODE7,CH35,-97.69,0,0.681,train,1
1,1,NODE8,CH35,-98.57,0,0.829,train,1
1,1,NODE1,CH36,-94.0,0,0.702,train,1
1,1,NODE2,CH36,-93.88,0,0.337,train,1
1,1,NODE3,CH36,-96.94,0,0.477,train,1
1,1,NODE4,CH36,-98.96,0,0.742,train,1
1,1,NODE5,CH36,-100.53,0,0.405,train,1
1,1,NODE6,CH36,-96.43,0,0.449,train,1
1,1,NODE7,CH36,-100.29,0,0.742,train,1
1,1,NODE8,CH36,-103.08,0,0.829,train,1
1,1,NODE1,CH37,-95.61,0,0.69,train,1
1,1,NODE2,CH37,-96.64,0,0.361,train,1
1,1,NODE3,CH37,-90.22,0,0.485,train,1
1,1,NODE4,CH37,-91.52,0,0.78,train,1
1,1,NODE5,CH37,-94.5,0,0.363,train,1
1,1,NODE6,CH37,-102.52,0,0.429,train,1
1,1,NODE7,CH37,-99.8,0,0.744,train,1
1,1,NODE8,CH37,-93.03,0,0.796,train,1
1,1,NODE1,CH38,-42.83,1,0.696,train,1
1,1,NODE2,CH38,-49.76,1,0.356,train,1
1,1,NODE3,CH38,-47.46,1,0.421,train,1
1,1,NODE4,CH38,-40.73,1,0.736,train,1
1,1,NODE5,CH38,-49.83,1,0.34,train,1
1,1,NODE6,CH38,-49.36,1,0.43,train,1
1,1,NODE7,CH38,-42.02,1,0.723,train,1
1,1,NODE8,CH38,-40.08,1,0.758,train,1
1,1,NODE1,CH39,-99.55,0,0.708,train,1
1,1,NODE2,CH39,-94.29,0,0.388,train,1
1,1,NODE3,CH39,-99.42,0,0.486,train,1
1,1,NODE4,CH39,-100.73,0,0.779,train,1
1,1,NODE5,CH39,-96.41,0,0.382,train,1
1,1,NODE6,CH39,-96.84,0,0.37,train,1
1,1,NODE7,CH39,-98.45,0,0.713,train,1
1,1,NODE8,CH39,-101.08,0,0.76,train,1
1,1,NODE1,CH40,-96.1,0,0.699,train,1
1,1,NODE2,CH40,-99.94,0,0.398,train,1
1,1,NODE3,CH40,-91.92,0,0.444,train,1
1,1,NODE4,CH40,-94.97,0,0.791,train,1
1,1,NODE5,CH40,-94.28,0,0.414,train,1
1,1,NODE6,CH40,-99.2,0,0.451,train,1
1,1,NODE7,CH40,-96.88,0,0.73,train,1
1,1,NODE8,CH40,-97.11,0,0.769,train,1
1,2,NODE1,CH21,-90.01,0,0.685,train,1
1,2,NODE2,CH21,-93.28,0,0.353,train,1
1,2,NODE3,CH21,-96.8,0,0.467,train,1
1,2,NODE4,CH21,-98.56,0,0.739,train,1
1,2,NODE5,CH21,-96.65,0,0.427,train,1
1,2,NODE6,CH21,-94.57,0,0.438,train,1
1,2,NODE7,CH21,-89.62,0,0.678,train,1
1,2,NODE8,CH21,-94.08,0,0.8,train,1
1,2,NODE1,CH22,-101.79,0,0.664,train,1
1,2,NODE2,CH22,-97.03,0,0.411,train,1
1,2,NODE3,CH22,-98.41,0,0.554,train,1
1,2,NODE4,CH22,-90.2,0,0.8,train,1
1,2,NODE5,CH22,-92.81,0,0.374,train,1
1,2,NODE6,CH22,-101.49,0,0.427,train,1
1,2,NODE7,CH22,-97.16,0,0.725,train,1
1,2,NODE8,CH22,-98.24,0,0.815,train,1
1,2,NODE1,CH23,-93.05,0,0.618,train,1
1,2,NODE2,CH23,-94.52,0,0.363,train,1
1,2,NODE3,CH23,-96.07,0,0.496,train,1
1,2,NODE4,CH23,-92.0,0,0.771,train,1
1,2,NODE5,CH23,-97.96,0,0.405,train,1
1,2,NODE6,CH23,-102.37,0,0.409,train,1
1,2,NODE7,CH23,-94.78,0,0.688,train,1
1,2,NODE8,CH23,-101.64,0,0.812,train,1
1,2,NODE1,CH24,-96.81,0,0.694,train,1
1,2,NODE2,CH24,-103.98,0,0.356,train,1
1,2,NODE3,CH24,-95.86,0,0.471,train,1
1,2,NODE4,CH24,-94.63,0,0.823,train,1
1,2,NODE5,CH24,-99.69,0,0.391,train,1
1,2,NODE6,CH24,-99.81,0,0.381,train,1
1,2,NODE7,CH24,-94.88,0,0.697,train,1
1,2,NODE8,CH24,-96.17,0,0.843,train,1
1,2,NODE1,CH25,-99.03,0,0.697,train,1
1,2,NODE2,CH25,-101.22,0,0.392,train,1
1,2,NODE3,CH25,-93.71,0,0.452,train,1
1,2,NODE4,CH25,-95.61,0,0.739,train,1
1,2,NODE5,CH25,-98.63,0,0.368,train,1
1,2,NODE6,CH25,-96.67,0,0.436,train,1
1,2,NODE7,CH25,-93.73,0,0.71,train,1
1,2,NODE8,CH25,-93.89,0,0.744,train,1
1,2,NODE1,CH26,-100.72,0,0.655,train,1
1,2,NODE2,CH26,-96.56,0,0.419,train,1
1,2,NODE3,CH26,-101.38,0,0.507,train,1
1,2,NODE4,CH26,-103.93,0,0.784,train,1
1,2,NODE5,CH26,-92.73,0,0.408,train,1
1,2,NODE6,CH26,-104.39,0,0.37,train,1
1,2,NODE7,CH26,-94.65,0,0.662,train,1
1,2,NODE8,CH26,-92.26,0,0.754,train,1
1,2,NODE1,CH27,-94.88,0,0.688,train,1
1,2,NODE2,CH27,-103.27,0,0.41,train,1
1,2,NODE3,CH27,-98.11,0,0.465,train,1
1,2,NODE4,CH27,-98.23,0,0.76,train,1
1,2,NODE5,CH27,-94.5,0,0.384,train,1
1,2,NODE6,CH27,-96.95,0,0.443,train,1
1,2,NODE7,CH27,-95.18,0,0.714,train,1
1,2,NODE8,CH27,-98.05,0,0.796,train,1
1,2,NODE1,CH28,-99.03,0,0.742,train,1
1,2,NODE2,CH28,-92.79,0,0.365,train,1
1,2,NODE3,CH28,-96.96,0,0.51,train,1
1,2,NODE4,CH28,-95.13,0,0.77,train,1
1,2,NODE5,CH28,-102.54,0,0.461,train,1
1,2,NODE6,CH28,-89.08,0,0.419,train,1
1,2,NODE7,CH28,-95.38,0,0.753,train,1
1,2,NODE8,CH28,-96.68,0,0.783,train,1
1,2,NODE1,CH29,-91.73,0,0.659,train,1
1,2,NODE2,CH29,-102.17,0,0.373,train,1
1,2,NODE3,CH29,-100.38,0,0.476,train,1
1,2,NODE4,CH29,-100.25,0,0.76,train,1
1,2,NODE5,CH29,-99.32,0,0.41,train,1
1,2,NODE6,CH29,-98.64,0,0.452,train,1
1,2,NODE7,CH29,-96.82,0,0.766,train,1
1,2,NODE8,CH29,-97.76,0,0.821,train,1
1,2,NODE1,CH30,-94.89,0,0.69,train,1
1,2,NODE2,CH30,-94.62,0,0.358,train,1
1,2,NODE3,CH30,-95.27,0,0.503,train,1
1,2,NODE4,CH30,-96.49,0,0.692,train,1
1,2,NODE5,CH30,-94.79,0,0.359,train,1
1,2,NODE6,CH30,-102.72,0,0.412,train,1
1,2,NODE7,CH30,-100.74,0,0.706,train,1
1,2,NODE8,CH30,-100.61,0,0.782,train,1
1,2,NODE1,CH31,-92.67,0,0.707,train,1
1,2,NODE2,CH31,-99.86,0,0.35,train,1
1,2,NODE3,CH31,-94.43,0,0.489,train,1
1,2,NODE4,CH31,-94.98,0,0.784,train,1
1,2,NODE5,CH31,-96.57,0,0.432,train,1
1,2,NODE6,CH31,-98.38,0,0.405,train,1
1,2,NODE7,CH31,-94.49,0,0.734,train,1
1,2,NODE8,CH31,-95.46,0,0.78,train,1
1,2,NODE1,CH32,-95.34,0,0.689,train,1
1,2,NODE2,CH32,-100.87,0,0.363,train,1
1,2,NODE3,CH32,-99.63,0,0.557,train,1
1,2,NODE4,CH32,-101.73,0,0.85,train,1
1,2,NODE5,CH32,-103.06,0,0.391,train,1
1,2,NODE6,CH32,-94.97,0,0.0,train,1
1,2,NODE7,CH32,-96.39,0,0.753,train,1
1,2,NODE8,CH32,-97.09,0,0.827,train,1
1,2,NODE1,CH33,-41.86,1,0.745,train,1
1,2,NODE2,CH33,-48.86,1,0.461,train,1
1,2,NODE3,CH33,-45.53,1,0.483,train,1
1,2,NODE4,CH33,-37.65,1,0.809,train,1
1,2,NODE5,CH33,-51.6,1,0.371,train,1
1,2,NODE6,CH33,-50.47,1,0.44,train,1
1,2,NODE7,CH33,-40.84,1,0.78,train,1
1,2,NODE8,CH33,-40.11,1,0.812,train,1
1,2,NODE1,CH34,-98.43,0,0.709,train,1
1,2,NODE2,CH34,-95.08,0,0.418,train,1
1,2,NODE3,CH34,-97.37,0,0.486,train,1
1,2,NODE4,CH34,-91.22,0,0.764,train,1
1,2,NODE5,CH34,-98.29,0,0.433,train,1
1,2,NODE6,CH34,-94.66,0,0.424,train,1
1,2,NODE7,CH34,-96.18,0,0.723,train,1
1,2,NODE8,CH34,-99.4,0,0.833,train,1
1,2,NODE1,CH35,-95.86,0,0.71,train,1
1,2,NODE2,CH35,-99.21,0,0.362,train,1
1,2,NODE3,CH35,-97.16,0,0.489,train,1
1,2,NODE4,CH35,-93.85,0,0.795,train,1
1,2,NODE5,CH35,-95.83,0,0.389,train,1
1,2,NODE6,CH35,-92.55,0,0.446,train,1
1,2,NODE7,CH35,-97.14,0,0.748,train,1
1,2,NODE8,CH35,-101.82,0,0.796,train,1
1,2,NODE1,CH36,-95.57,0,0.636,train,1
1,2,NODE2,CH36,-93.2,0,0.411,train,1
1,2,NODE3,CH36,-97.25,0,0.507,train,1
1,2,NODE4,CH36,-95.26,0,0.749,train,1
1,2,NODE5,CH36,-93.81,0,0.414,train,1
1,2,NODE6,CH36,-94.29,0,0.409,train,1
1,2,NODE7,CH36,-98.43,0,0.749,train,1
1,2,NODE8,CH36,-94.87,0,0.839,train,1
1,2,NODE1,CH37,-93.14,0,0.713,train,1
1,2,NODE2,CH37,-98.71,0,0.412,train,1
1,2,NODE3,CH37,-101.42,0,0.496,train,1
1,2,NODE4,CH37,-94.6,0,0.774,train,1
1,2,NODE5,CH37,-95.37,0,0.369,train,1
1,2,NODE6,CH37,-93.46,0,0.496,train,1
1,2,NODE7,CH37,-95.61,0,0.753,train,1
1,2,NODE8,CH37,-96.16,0,0.858,train,1
1,2,NODE1,CH38,-93.2,0,0.677,train,1
1,2,NODE2,CH38,-100.87,0,0.399,train,1
1,2,NODE3,CH38,-102.28,0,0.476,train,1
1,2,NODE4,CH38,-95.91,0,0.783,train,1
1,2,NODE5,CH38,-97.94,0,0.374,train,1
1,2,NODE6,CH38,-99.42,0,0.433,train,1
1,2,NODE7,CH38,-99.82,0,0.729,train,1
1,2,NODE8,CH38,-94.41,0,0.746,train,1
1,2,NODE1,CH39,-97.79,0,0.702,train,1
1,2,NODE2,CH39,-92.68,0,0.409,train,1
1,2,NODE3,CH39,-101.81,0,0.519,train,1
1,2,NODE4,CH39,-97.72,0,0.727,train,1
1,2,NODE5,CH39,-100.88,0,0.372,train,1
1,2,NODE6,CH39,-99.37,0,0.402,train,1
1,2,NODE7,CH39,-90.85,0,0.709,train,1
1,2,NODE8,CH39,-101.47,0,0.753,train,1
1,2,NODE1,CH40,-97.27,0,0.67,train,1
1,2,NODE2,CH40,-92.2,0,0.397,train,1
1,2,NODE3,CH40,-96.63,0,0.525,train,1
1,2,NODE4,CH40,-94.51,0,0.788,train,1
1,2,NODE5,CH40,-96.57,0,0.351,train,1
1,2,NODE6,CH40,-98.26,0,0.412,train,1
1,2,NODE7,CH40,-97.06,0,0.714,train,1
1,2,NODE8,CH40,-97.6,0,0.834,train,1
1,3,NODE1,CH21,-97.74,0,0.737,train,1
1,3,NODE2,CH21,-93.63,0,0.437,train,1
1,3,NODE3,CH21,-99.3,0,0.478,train,1
1,3,NODE4,CH21,-100.38,0,0.768,train,1
1,3,NODE5,CH21,-92.72,0,0.367,train,1
1,3,NODE6,CH21,-96.81,0,0.366,train,1
1,3,NODE7,CH21,-96.19,0,0.73,train,1
1,3,NODE8,CH21,-94.58,0,0.785,train,1
1,3,NODE1,CH22,-95.97,0,0.688,train,1
1,3,NODE2,CH22,-104.27,0,0.402,train,1
1,3,NODE3,CH22,-96.71,0,0.488,train,1
1,3,NODE4,CH22,-97.55,0,0.78,train,1
1,3,NODE5,CH22,-97.41,0,0.439,train,1
1,3,NODE6,CH22,-103.59,0,0.442,train,1
1,3,NODE7,CH22,-92.33,0,0.792,train,1
1,3,NODE8,CH22,-99.42,0,0.813,train,1
1,3,NODE1,CH23,-95.49,0,0.68,train,1
1,3,NODE2,CH23,-98.48,0,0.434,train,1
1,3,NODE3,CH23,-99.86,0,0.51,train,1
1,3,NODE4,CH23,-94.51,0,0.811,train,1
1,3,NODE5,CH23,-97.29,0,0.435,train,1
1,3,NODE6,CH23,-102.46,0,0.362,train,1
1,3,NODE7,CH23,-96.92,0,0.705,train,1
1,3,NODE8,CH23,-97.98,0,0.818,train,1
1,3,NODE1,CH24,-98.08,0,0.0,train,1
1,3,NODE2,CH24,-97.55,0,0.388,train,1
1,3,NODE3,CH24,-95.49,0,0.0,train,1
1,3,NODE4,CH24,-99.12,0,0.828,train,1
1,3,NODE5,CH24,-99.32,0,0.35,train,1
1,3,NODE6,CH24,-96.43,0,0.411,train,1
1,3,NODE7,CH24,-94.02,0,0.726,train,1
1,3,NODE8,CH24,-94.79,0,0.81,train,1
1,3,NODE1,CH25,-98.33,0,0.707,train,1
1,3,NODE2,CH25,-96.97,0,0.414,train,1
1,3,NODE3,CH25,-97.57,0,0.487,train,1
1,3,NODE4,CH25,-100.77,0,0.804,train,1
1,3,NODE5,CH25,-95.12,0,0.42,train,1
1,3,NODE6,CH25,-100.78,0,0.384,train,1
1,3,NODE7,CH25,-93.06,0,0.759,train,1
1,3,NODE8,CH25,-97.71,0,0.837,train,1
1,3,NODE1,CH26,-96.89,0,0.697,train,1
1,3,NODE2,CH26,-98.0,0,0.422,train,1
1,3,NODE3,CH26,-95.19,0,0.506,train,1
1,3,NODE4,CH26,-97.16,0,0.768,train,1
1,3,NODE5,CH26,-98.58,0,0.411,train,1
1,3,NODE6,CH26,-93.75,0,0.399,train,1
1,3,NODE7,CH26,-96.44,0,0.719,train,1
1,3,NODE8,CH26,-97.28,0,0.79,train,1
1,3,NODE1,CH27,-92.59,0,0.747,train,1
1,3,NODE2,CH27,-93.36,0,0.404,train,1
1,3,NODE3,CH27,-95.82,0,0.48,train,1
1,3,NODE4,CH27,-101.76,0,0.745,train,1
1,3,NODE5,CH27,-101.76,0,0.426,train,1
1,3,NODE6,CH27,-103.1,0,0.418,train,1
1,3,NODE7,CH27,-95.61,0,0.722,train,1
1,3,NODE8,CH27,-99.38,0,0.786,train,1
1,3,NODE1,CH28,-95.94,0,0.674,train,1
1,3,NODE2,CH28,-96.03,0,0.421,train,1
1,3,NODE3,CH28,-103.33,0,0.568,train,1
1,3,NODE4,CH28,-96.07,0,0.762,train,1
1,3,NODE5,CH28,-98.66,0,0.379,train,1
1,3,NODE6,CH28,-96.35,0,0.396,train,1
1,3,NODE7,CH28,-97.96,0,0.74,train,1
1,3,NODE8,CH28,-100.11,0,0.809,train,1
1,3,NODE1,CH29,-96.74,0,0.637,train,1
1,3,NODE2,CH29,-96.59,0,0.382,train,1
1,3,NODE3,CH29,-97.0,0,0.505,train,1
1,3,NODE4,CH29,-93.08,0,0.805,train,1
1,3,NODE5,CH29,-95.67,0,0.398,train,1
1,3,NODE6,CH29,-98.98,0,0.384,train,1
1,3,NODE7,CH29,-92.24,0,0.738,train,1
1,3,NODE8,CH29,-94.7,0,0.777,train,1
1,3,NODE1,CH30,-91.93,0,0.685,train,1
1,3,NODE2,CH30,-94.22,0,0.45,train,1
1,3,NODE3,CH30,-100.35,0,0.514,train,1
1,3,NODE4,CH30,-98.6,0,0.796,train,1
1,3,NODE5,CH30,-97.13,0,0.373,train,1
1,3,NODE6,CH30,-98.1,0,0.372,train,1
1,3,NODE7,CH30,-96.47,0,0.689,train,1
1,3,NODE8,CH30,-89.94,0,0.764,train,1
1,3,NODE1,CH31,-102.04,0,0.764,train,1
1,3,NODE2,CH31,-97.05,0,0.0,train,1
1,3,NODE3,CH31,-103.59,0,0.439,train,1
1,3,NODE4,CH31,-90.68,0,0.79,train,1
1,3,NODE5,CH31,-96.09,0,0.397,train,1
1,3,NODE6,CH31,-89.85,0,0.43,train,1
1,3,NODE7,CH31,-93.17,0,0.736,train,1
1,3,NODE8,CH31,-96.36,0,0.824,train,1
1,3,NODE1,CH32,-100.25,0,0.678,train,1
1,3,NODE2,CH32,-99.65,0,0.361,train,1
1,3,NODE3,CH32,-97.51,0,0.518,train,1
1,3,NODE4,CH32,-96.79,0,0.771,train,1
1,3,NODE5,CH32,-96.31,0,0.398,train,1
1,3,NODE6,CH32,-97.85,0,0.468,train,1
1,3,NODE7,CH32,-91.57,0,0.715,train,1
1,3,NODE8,CH32,-102.16,0,0.762,train,1
1,3,NODE1,CH33,-95.9,0,0.707,train,1
1,3,NODE2,CH33,-94.54,0,0.376,train,1
1,3,NODE3,CH33,-92.87,0,0.462,train,1
1,3,NODE4,CH33,-94.57,0,0.712,train,1
1,3,NODE5,CH33,-95.54,0,0.344,train,1
1,3,NODE6,CH33,-104.05,0,0.405,train,1
1,3,NODE7,CH33,-94.12,0,0.647,train,1
1,3,NODE8,CH33,-97.94,0,0.78,train,1
1,3,NODE1,CH34,-95.24,0,0.735,train,1
1,3,NODE2,CH34,-98.25,0,0.441,train,1
1,3,NODE3,CH34,-94.36,0,0.48,train,1
1,3,NODE4,CH34,-96.61,0,0.771,train,1
1,3,NODE5,CH34,-97.98,0,0.43,train,1
1,3,NODE6,CH34,-101.18,0,0.404,train,1
1,3,NODE7,CH34,-95.35,0,0.693,train,1
1,3,NODE8,CH34,-100.62,0,0.813,train,1
1,3,NODE1,CH35,-94.94,0,0.629,train,1
1,3,NODE2,CH35,-98.19,0,0.38,train,1
1,3,NODE3,CH35,-99.09,0,0.5,train,1
1,3,NODE4,CH35,-95.27,0,0.741,train,1
1,3,NODE5,CH35,-100.24,0,0.407,train,1
1,3,NODE6,CH35,-97.48,0,0.408,train,1
1,3,NODE7,CH35,-91.16,0,0.743,train,1
1,3,NODE8,CH35,-93.13,0,0.796,train,1
1,3,NODE1,CH36,-103.55,0,0.674,train,1
1,3,NODE2,CH36,-99.25,0,0.419,train,1
1,3,NODE3,CH36,-93.14,0,0.487,train,1
1,3,NODE4,CH36,-92.69,0,0.828,train,1
1,3,NODE5,CH36,-100.38,0,0.383,train,1
1,3,NODE6,CH36,-100.9,0,0.406,train,1
1,3,NODE7,CH36,-99.93,0,0.717,train,1
1,3,NODE8,CH36,-93.5,0,0.798,train,1
1,3,NODE1,CH37,-98.19,0,0.723,train,1
1,3,NODE2,CH37,-106.24,0,0.374,train,1
1,3,NODE3,CH37,-99.63,0,0.508,train,1
1,3,NODE4,CH37,-94.54,0,0.769,train,1
1,3,NODE5,CH37,-97.38,0,0.471,train,1
1,3,NODE6,CH37,-98.45,0,0.433,train,1
1,3,NODE7,CH37,-101.11,0,0.76,train,1
1,3,NODE8,CH37,-94.66,0,0.796,train,1
1,3,NODE1,CH38,-99.08,0,0.668,train,1
1,3,NODE2,CH38,-97.25,0,0.45,train,1
1,3,NODE3,CH38,-93.64,0,0.495,train,1
1,3,NODE4,CH38,-94.03,0,0.77,train,1
1,3,NODE5,CH38,-101.19,0,0.421,train,1
1,3,NODE6,CH38,-97.72,0,0.419,train,1
1,3,NODE7,CH38,-98.83,0,0.688,train,1
1,3,NODE8,CH38,-90.74,0,0.827,train,1
1,3,NODE1,CH39,-93.17,0,0.675,train,1
1,3,NODE2,CH39,-99.77,0,0.364,train,1
1,3,NODE3,CH39,-102.94,0,0.492,train,1
1,3,NODE4,CH39,-95.72,0,0.779,train,1
1,3,NODE5,CH39,-101.91,0,0.389,train,1
1,3,NODE6,CH39,-104.2,0,0.402,train,1
1,3,NODE7,CH39,-93.07,0,0.728,train,1
1,3,NODE8,CH39,-99.78,0,0.81,train,1
1,3,NODE1,CH40,-99.26,0,0.676,train,1
1,3,NODE2,CH40,-97.87,0,0.417,train,1
1,3,NODE3,CH40,-96.16,0,0.569,train,1
1,3,NODE4,CH40,-93.16,0,0.809,train,1
1,3,NODE5,CH40,-95.22,0,0.374,train,1
1,3,NODE6,CH40,-93.58,0,0.357,train,1
1,3,NODE7,CH40,-100.56,0,0.74,train,1
1,3,NODE8,CH40,-93.56,0,0.798,train,1
1,4,NODE1,CH21,-41.01,1,0.756,train,1
1,4,NODE2,CH21,-51.02,1,0.381,train,1
1,4,NODE3,CH21,-44.83,1,0.51,train,1
1,4,NODE4,CH21,-37.48,1,0.776,train,1
1,4,NODE5,CH21,-51.74,1,0.4,train,1
1,4,NODE6,CH21,-47.75,1,0.412,train,1
1,4,NODE7,CH21,-44.23,1,0.72,train,1
1,4,NODE8,CH21,-41.26,1,0.859,train,1
1,4,NODE1,CH22,-98.79,0,0.742,train,1
1,4,NODE2,CH22,-97.29,0,0.442,train,1
1,4,NODE3,CH22,-98.21,0,0.48,train,1
1,4,NODE4,CH22,-97.34,0,0.747,train,1
1,4,NODE5,CH22,-98.38,0,0.412,train,1
1,4,NODE6,CH22,-98.65,0,0.437,train,1
1,4,NODE7,CH22,-96.53,0,0.736,train,1
1,4,NODE8,CH22,-95.85,0,0.799,train,1
1,4,NODE1,CH23,-98.31,0,0.719,train,1
1,4,NODE2,CH23,-96.4,0,0.414,train,1
1,4,NODE3,CH23,-96.9,0,0.513,train,1
1,4,NODE4,CH23,-96.1,0,0.824,train,1
1,4,NODE5,CH23,-102.89,0,0.362,train,1
1,4,NODE6,CH23,-99.37,0,0.47,train,1
1,4,NODE7,CH23,-99.24,0,0.729,train,1
1,4,NODE8,CH23,-96.41,0,0.798,train,1
1,4,NODE1,CH24,-94.47,0,0.612,train,1
1,4,NODE2,CH24,-94.01,0,0.352,train,1
1,4,NODE3,CH24,-101.16,0,0.518,train,1
1,4,NODE4,CH24,-94.28,0,0.748,train,1
1,4,NODE5,CH24,-101.69,0,0.403,train,1
1,4,NODE6,CH24,-96.49,0,0.424,train,1
1,4,NODE7,CH24,-97.38,0,0.754,train,1
1,4,NODE8,CH24,-97.84,0,0.828,train,1
1,4,NODE1,CH25,-92.02,0,0.705,train,1
1,4,NODE2,CH25,-98.15,0,0.387,train,1
1,4,NODE3,CH25,-96.52,0,0.469,train,1
1,4,NODE4,CH25,-99.8,0,0.755,train,1
1,4,NODE5,CH25,-97.6,0,0.438,train,1
1,4,NODE6,CH25,-98.53,0,0.383,train,1
1,4,NODE7,CH25,-96.89,0,0.72,train,1
1,4,NODE8,CH25,-96.77,0,0.848,train,1
1,4,NODE1,CH26,-97.21,0,0.646,train,1
1,4,NODE2,CH26,-100.13,0,0.391,train,1
1,4,NODE3,CH26,-95.39,0,0.511,train,1
1,4,NODE4,CH26,-95.75,0,0.775,train,1
1,4,NODE5,CH26,-101.85,0,0.41,train,1
1,4,NODE6,CH26,-97.28,0,0.398,train,1
1,4,NODE7,CH26,-95.5,0,0.721,train,1
1,4,NODE8,CH26,-98.99,0,0.844,train,1
1,4,NODE1,CH27,-98.6,0,0.676,train,1
1,4,NODE2,CH27,-99.42,0,0.401,train,1
1,4,NODE3,CH27,-98.11,0,0.507,train,1
1,4,NODE4,CH27,-95.97,0,0.79,train,1
1,4,NODE5,CH27,-92.77,0,0.37,train,1
1,4,NODE6,CH27,-97.59,0,0.493,train,1
1,4,NODE7,CH27,-98.58,0,0.729,train,1
1,4,NODE8,CH27,-100.75,0,0.792,train,1
1,4,NODE1,CH28,-95.13,0,0.655,train,1
1,4,NODE2,CH28,-99.22,0,0.404,train,1
1,4,NODE3,CH28,-100.48,0,0.487,train,1
1,4,NODE4,CH28,-96.5,0,0.809,train,1
1,4,NODE5,CH28,-96.04,0,0.404,train,1
1,4,NODE6,CH28,-99.38,0,0.427,train,1
1,4,NODE7,CH28,-98.75,0,0.75,train,1
1,4,NODE8,CH28,-91.91,0,0.797,train,1
1,4,NODE1,CH29,-41.43,1,0.624,train,1
1,4,NODE2,CH29,-48.01,1,0.405,train,1
1,4,NODE3,CH29,-46.54,1,0.511,train,1
1,4,NODE4,CH29,-41.92,1,0.831,train,1
1,4,NODE5,CH29,-49.96,1,0.343,train,1
1,4,NODE6,CH29,-47.8,1,0.425,train,1
1,4,NODE7,CH29,-40.58,1,0.711,train,1
1,4,NODE8,CH29,-39.89,1,0.787,train,1
1,4,NODE1,CH30,-42.65,1,0.664,train,1
1,4,NODE2,CH30,-47.99,1,0.381,train,1
1,4,NODE3,CH30,-49.71,1,0.508,train,1
1,4,NODE4,CH30,-41.42,1,0.815,train,1
1,4,NODE5,CH30,-52.47,1,0.378,train,1
1,4,NODE6,CH30,-49.55,1,0.385,train,1
1,4,NODE7,CH30,-43.13,1,0.709,train,1
1,4,NODE8,CH30,-40.27,1,0.777,train,1
1,4,NODE1,CH31,-90.24,0,0.687,train,1
1,4,NODE2,CH31,-95.96,0,0.358,train,1
1,4,NODE3,CH31,-99.78,0,0.513,train,1
1,4,NODE4,CH31,-91.74,0,0.789,train,1
1,4,NODE5,CH31,-95.85,0,0.347,train,1
1,4,NODE6,CH31,-98.96,0,0.397,train,1
1,4,NODE7,CH31,-103.61,0,0.0,train,1
1,4,NODE8,CH31,-93.95,0,0.75,train,1
1,4,NODE1,CH32,-43.67,1,0.733,train,1
1,4,NODE2,CH32,-48.95,1,0.392,train,1
1,4,NODE3,CH32,-47.95,1,0.0,train,1
1,4,NODE4,CH32,-41.06,1,0.79,train,1
1,4,NODE5,CH32,-52.08,1,0.363,train,1
1,4,NODE6,CH32,-49.78,1,0.465,train,1
1,4,NODE7,CH32,-41.58,1,0.731,train,1
1,4,NODE8,CH32,-41.72,1,0.817,train,1
1,4,NODE1,CH33,-98.88,0,0.721,train,1
1,4,NODE2,CH33,-91.22,0,0.414,train,1
1,4,NODE3,CH33,-94.91,0,0.489,train,1
1,4,NODE4,CH33,-94.84,0,0.766,train,1
1,4,NODE5,CH33,-92.61,0,0.417,train,1
1,4,NODE6,CH33,-99.4,0,0.425,train,1
1,4,NODE7,CH33,-96.39,0,0.732,train,1
1,4,NODE8,CH33,-97.69,0,0.805,train,1
1,4,NODE1,CH34,-42.71,1,0.677,train,1
1,4,NODE2,CH34,-48.91,1,0.341,train,1
1,4,NODE3,CH34,-45.48,1,0.5,train,1
1,4,NODE4,CH34,-42.21,1,0.794,train,1
1,4,NODE5,CH34,-50.97,1,0.375,train,1
1,4,NODE6,CH34,-49.71,1,0.431,train,1
1,4,NODE7,CH34,-43.85,1,0.686,train,1
1,4,NODE8,CH34,-41.22,1,0.816,train,1
1,4,NODE1,CH35,-102.29,0,0.713,train,1
1,4,NODE2,CH35,-96.77,0,0.377,train,1
1,4,NODE3,CH35,-98.2,0,0.531,train,1
1,4,NODE4,CH35,-97.35,0,0.798,train,1
1,4,NODE5,CH35,-97.9,0,0.454,train,1
1,4,NODE6,CH35,-95.5,0,0.458,train,1
1,4,NODE7,CH35,-97.17,0,0.791,train,1
1,4,NODE8,CH35,-95.94,0,0.762,train,1
1,4,NODE1,CH36,-98.11,0,0.694,train,1
1,4,NODE2,CH36,-96.46,0,0.409,train,1
1,4,NODE3,CH36,-100.3,0,0.519,train,1
1,4,NODE4,CH36,-95.74,0,0.749,train,1
1,4,NODE5,CH36,-100.72,0,0.399,train,1
1,4,NODE6,CH36,-95.44,0,0.477,train,1
1,4,NODE7,CH36,-95.38,0,0.717,train,1
1,4,NODE8,CH36,-91.48,0,0.778,train,1
1,4,NODE1,CH37,-96.38,0,0.737,train,1
1,4,NODE2,CH37,-100.32,0,0.348,train,1
1,4,NODE3,CH37,-90.7,0,0.508,train,1
1,4,NODE4,CH37,-97.0,0,0.784,train,1
1,4,NODE5,CH37,-103.18,0,0.444,train,1
1,4,NODE6,CH37,-99.38,0,0.386,train,1
1,4,NODE7,CH37,-95.34,0,0.76,train,1
1,4,NODE8,CH37,-96.68,0,0.771,train,1
1,4,NODE1,CH38,-98.04,0,0.655,train,1
1,4,NODE2,CH38,-97.46,0,0.391,train,1
1,4,NODE3,CH38,-97.86,0,0.568,train,1
1,4,NODE4,CH38,-93.78,0,0.809,train,1
1,4,NODE5,CH38,-98.12,0,0.464,train,1
1,4,NODE6,CH38,-99.41,0,0.387,train,1
1,4,NODE7,CH38,-95.1,0,0.662,train,1
1,4,NODE8,CH38,-95.45,0,0.791,train,1
1,4,NODE1,CH39,-100.75,0,0.707,train,1
1,4,NODE2,CH39,-94.21,0,0.425,train,1
1,4,NODE3,CH39,-95.0,0,0.426,train,1
1,4,NODE4,CH39,-98.85,0,0.84,train,1
1,4,NODE5,CH39,-103.33,0,0.352,train,1
1,4,NODE6,CH39,-99.11,0,0.458,train,1
1,4,NODE7,CH39,-93.43,0,0.7,train,1
1,4,NODE8,CH39,-99.05,0,0.794,train,1
1,4,NODE1,CH40,-93.71,0,0.678,train,1
1,4,NODE2,CH40,-96.17,0,0.366,train,1
1,4,NODE3,CH40,-97.2,0,0.528,train,1
1,4,NODE4,CH40,-101.59,0,0.815,train,1
1,4,NODE5,CH40,-95.86,0,0.413,train,1
1,4,NODE6,CH40,-91.97,0,0.392,train,1
1,4,NODE7,CH40,-99.49,0,0.696,train,1
1,4,NODE8,CH40,-98.48,0,0.749,train,1
1,5,NODE1,CH21,-43.6,1,0.632,train,1
1,5,NODE2,CH21,-51.0,1,0.408,train,1
1,5,NODE3,CH21,-44.26,1,0.52,train,1
1,5,NODE4,CH21,-39.73,1,0.737,train,1
1,5,NODE5,CH21,-48.83,1,0.442,train,1
1,5,NODE6,CH21,-48.56,1,0.404,train,1
1,5,NODE7,CH21,-41.3,1,0.72,train,1
1,5,NODE8,CH21,-37.5,1,0.811,train,1
1,5,NODE1,CH22,-96.14,0,0.652,train,1
1,5,NODE2,CH22,-96.61,0,0.435,train,1
1,5,NODE3,CH22,-97.54,0,0.504,train,1
1,5,NODE4,CH22,-98.59,0,0.747,train,1
1,5,NODE5,CH22,-100.05,0,0.418,train,1
1,5,NODE6,CH22,-93.43,0,0.436,train,1
1,5,NODE7,CH22,-96.43,0,0.673,train,1
1,5,NODE8,CH22,-96.51,0,0.806,train,1
1,5,NODE1,CH23,-43.4,1,0.666,train,1
1,5,NODE2,CH23,-49.66,1,0.39,train,1
1,5,NODE3,CH23,-47.02,1,0.459,train,1
1,5,NODE4,CH23,-40.02,1,0.818,train,1
1,5,NODE5,CH23,-49.42,1,0.479,train,1
1,5,NODE6,CH23,-49.67,1,0.407,train,1
1,5,NODE7,CH23,-39.52,1,0.637,train,1
1,5,NODE8,CH23,-39.17,1,0.878,train,1
1,5,NODE1,CH24,-99.84,0,0.687,train,1
1,5,NODE2,CH24,-100.54,0,0.398,train,1
1,5,NODE3,CH24,-97.67,0,0.51,train,1
1,5,NODE4,CH24,-92.88,0,0.83,train,1
1,5,NODE5,CH24,-94.41,0,0.414,train,1
1,5,NODE6,CH24,-96.31,0,0.418,train,1
1,5,NODE7,CH24,-98.41,0,0.676,train,1
1,5,NODE8,CH24,-97.36,0,0.81,train,1
1,5,NODE1,CH25,-96.44,0,0.653,train,1
1,5,NODE2,CH25,-99.74,0,0.402,train,1
1,5,NODE3,CH25,-95.7,0,0.452,train,1
1,5,NODE4,CH25,-91.34,0,0.778,train,1
1,5,NODE5,CH25,-95.43,0,0.396,train,1
1,5,NODE6,CH25,-93.54,0,0.474,train,1
1,5,NODE7,CH25,-95.19,0,0.729,train,1
1,5,NODE8,CH25,-91.08,0,0.818,train,1
1,5,NODE1,CH26,-95.04,0,0.656,train,1
1,5,NODE2,CH26,-97.73,0,0.393,train,1
1,5,NODE3,CH26,-101.81,0,0.466,train,1
1,5,NODE4,CH26,-97.82,0,0.773,train,1
1,5,NODE5,CH26,-103.05,0,0.355,train,1
1,5,NODE6,CH26,-96.63,0,0.452,train,1
1,5,NODE7,CH26,-97.47,0,0.728,train,1
1,5,NODE8,CH26,-93.67,0,0.798,train,1
1,5,NODE1,CH27,-100.15,0,0.728,train,1
1,5,NODE2,CH27,-97.24,0,0.429,train,1
1,5,NODE3,CH27,-101.34,0,0.45,train,1
1,5,NODE4,CH27,-95.19,0,0.796,train,1
1,5,NODE5,CH27,-104.05,0,0.392,train,1
1,5,NODE6,CH27,-95.88,0,0.381,train,1
1,5,NODE7,CH27,-96.42,0,0.746,train,1
1,5,NODE8,CH27,-94.59,0,0.843,train,1
1,5,NODE1,CH28,-87.46,0,0.705,train,1
1,5,NODE2,CH28,-110.03,0,0.371,train,1
1,5,NODE3,CH28,-97.03,0,0.521,train,1
1,5,NODE4,CH28,-96.26,0,0.763,train,1
1,5,NODE5,CH28,-97.65,0,0.378,train,1
1,5,NODE6,CH28,-96.29,0,0.448,train,1
1,5,NODE7,CH28,-94.75,0,0.719,train,1
1,5,NODE8,CH28,-94.87,0,0.832,train,1
1,5,NODE1,CH29,-44.5,1,0.661,train,1
1,5,NODE2,CH29,-48.53,1,0.395,train,1
1,5,NODE3,CH29,-48.04,1,0.493,train,1
1,5,NODE4,CH29,-41.62,1,0.76,train,1
1,5,NODE5,CH29,-48.93,1,0.409,train,1
1,5,NODE6,CH29,-48.87,1,0.432,train,1
1,5,NODE7,CH29,-42.14,1,0.714,train,1
1,5,NODE8,CH29,-40.32,1,0.793,train,1
1,5,NODE1,CH30,-100.03,0,0.717,train,1
1,5,NODE2,CH30,-102.63,0,0.409,train,1
1,5,NODE3,CH30,-103.03,0,0.523,train,1
1,5,NODE4,CH30,-97.22,0,0.743,train,1
1,5,NODE5,CH30,-99.16,0,0.414,train,1
1,5,NODE6,CH30,-101.65,0,0.379,train,1
1,5,NODE7,CH30,-101.66,0,0.764,train,1
1,5,NODE8,CH30,-98.6,0,0.781,train,1
1,5,NODE1,CH31,-43.7,1,0.686,train,1
1,5,NODE2,CH31,-51.19,1,0.416,train,1
1,5,NODE3,CH31,-46.01,1,0.457,train,1
1,5,NODE4,CH31,-44.04,1,0.803,train,1
1,5,NODE5,CH31,-47.67,1,0.374,train,1
1,5,NODE6,CH31,-47.6,1,0.41,train,1
1,5,NODE7,CH31,-41.37,1,0.714,train,1
1,5,NODE8,CH31,-41.4,1,0.753,train,1
1,5,NODE1,CH32,-40.65,1,0.66,train,1
1,5,NODE2,CH32,-48.93,1,0.396,train,1
1,5,NODE3,CH32,-47.75,1,0.438,train,1
1,5,NODE4,CH32,-39.77,1,0.778,train,1
1,5,NODE5,CH32,-49.55,1,0.406,train,1
1,5,NODE6,CH32,-48.72,1,0.407,train,1
1,5,NODE7,CH32,-42.34,1,0.771,train,1
1,5,NODE8,CH32,-37.74,1,0.733,train,1
1,5,NODE1,CH33,-92.34,0,0.655,train,1
1,5,NODE2,CH33,-100.16,0,0.444,train,1
1,5,NODE3,CH33,-98.1,0,0.498,train,1
1,5,NODE4,CH33,-92.64,0,0.766,train,1
1,5,NODE5,CH33,-97.93,0,0.372,train,1
1,5,NODE6,CH33,-95.89,0,0.351,train,1
1,5,NODE7,CH33,-96.58,0,0.692,train,1
1,5,NODE8,CH33,-90.89,0,0.753,train,1
1,5,NODE1,CH34,-41.66,1,0.685,train,1
1,5,NODE2,CH34,-50.65,1,0.372,train,1
1,5,NODE3,CH34,-47.03,1,0.494,train,1
1,5,NODE4,CH34,-40.43,1,0.759,train,1
1,5,NODE5,CH34,-52.36,1,0.426,train,1
1,5,NODE6,CH34,-48.81,1,0.439,train,1
1,5,NODE7,CH34,-42.03,1,0.711,train,1
1,5,NODE8,CH34,-40.55,1,0.746,train,1
1,5,NODE1,CH35,-98.26,0,0.663,train,1
1,5,NODE2,CH35,-95.31,0,0.391,train,1
1,5,NODE3,CH35,-96.35,0,0.468,train,1
1,5,NODE4,CH35,-99.16,0,0.763,train,1
1,5,NODE5,CH35,-98.84,0,0.432,train,1
1,5,NODE6,CH35,-94.43,0,0.434,train,1
1,5,NODE7,CH35,-97.84,0,0.665,train,1
1,5,NODE8,CH35,-99.99,0,0.808,train,1
1,5,NODE1,CH36,-94.17,0,0.673,train,1
1,5,NODE2,CH36,-100.38,0,0.418,train,1
1,5,NODE3,CH36,-92.41,0,0.502,train,1
1,5,NODE4,CH36,-95.65,0,0.754,train,1
1,5,NODE5,CH36,-97.63,0,0.336,train,1
1,5,NODE6,CH36,-98.56,0,0.0,train,1
1,5,NODE7,CH36,-93.64,0,0.689,train,1
1,5,NODE8,CH36,-91.16,0,0.762,train,1
1,5,NODE1,CH37,-93.51,0,0.63,train,1
1,5,NODE2,CH37,-100.43,0,0.373,train,1
1,5,NODE3,CH37,-99.64,0,0.49,train,1
1,5,NODE4,CH37,-96.44,0,0.758,train,1
1,5,NODE5,CH37,-99.37,0,0.411,train,1
1,5,NODE6,CH37,-92.23,0,0.391,train,1
1,5,NODE7,CH37,-97.7,0,0.72,train,1
1,5,NODE8,CH37,-93.33,0,0.825,train,1
1,5,NODE1,CH38,-41.59,1,0.692,train,1
1,5,NODE2,CH38,-48.64,1,0.385,train,1
1,5,NODE3,CH38,-47.91,1,0.521,train,1
1,5,NODE4,CH38,-39.27,1,0.836,train,1
1,5,NODE5,CH38,-49.03,1,0.431,train,1
1,5,NODE6,CH38,-50.03,1,0.405,train,1
1,5,NODE7,CH38,-43.22,1,0.729,train,1
1,5,NODE8,CH38,-41.57,1,0.889,train,1
1,5,NODE1,CH39,-44.18,1,0.681,train,1
1,5,NODE2,CH39,-49.09,1,0.398,train,1
1,5,NODE3,CH39,-47.64,1,0.525,train,1
1,5,NODE4,CH39,-40.93,1,0.762,train,1
1,5,NODE5,CH39,-51.84,1,0.406,train,1
1,5,NODE6,CH39,-49.76,1,0.385,train,1
1,5,NODE7,CH39,-41.68,1,0.732,train,1
1,5,NODE8,CH39,-39.59,1,0.782,train,1
1,5,NODE1,CH40,-44.88,1,0.7,train,1
1,5,NODE2,CH40,-52.47,1,0.405,train,1
1,5,NODE3,CH40,-48.26,1,0.475,train,1
1,5,NODE4,CH40,-39.18,1,0.76,train,1
1,5,NODE5,CH40,-51.98,1,0.4,train,1
1,5,NODE6,CH40,-49.91,1,0.422,train,1
1,5,NODE7,CH40,-39.93,1,0.727,train,1
1,5,NODE8,CH40,-40.33,1,0.793,train,1
1,6,NODE1,CH21,-42.51,1,0.646,train,1
1,6,NODE2,CH21,-50.39,1,0.4,train,1
1,6,NODE3,CH21,-46.47,1,0.496,train,1
1,6,NODE4,CH21,-39.5,1,0.749,train,1
1,6,NODE5,CH21,-52.95,1,0.364,train,1
1,6,NODE6,CH21,-49.92,1,0.348,train,1
1,6,NODE7,CH21,-41.33,1,0.697,train,1
1,6,NODE8,CH21,-41.91,1,0.792,train,1
1,6,NODE1,CH22,-39.76,1,0.746,train,1
1,6,NODE2,CH22,-48.66,1,0.441,train,1
1,6,NODE3,CH22,-47.78,1,0.497,train,1
1,6,NODE4,CH22,-42.82,1,0.806,train,1
1,6,NODE5,CH22,-49.75,1,0.434,train,1
1,6,NODE6,CH22,-50.47,1,0.49,train,1
1,6,NODE7,CH22,-44.95,1,0.712,train,1
1,6,NODE8,CH22,-40.91,1,0.781,train,1
1,6,NODE1,CH23,-42.57,1,0.68,train,1
1,6,NODE2,CH23,-52.11,1,0.404,train,1
1,6,NODE3,CH23,-48.8,1,0.445,train,1
1,6,NODE4,CH23,-42.55,1,0.777,train,1
1,6,NODE5,CH23,-49.56,1,0.394,train,1
1,6,NODE6,CH23,-48.69,1,0.391,train,1
1,6,NODE7,CH23,-43.07,1,0.717,train,1
1,6,NODE8,CH23,-37.53,1,0.801,train,1
1,6,NODE1,CH24,-96.24,0,0.683,train,1
1,6,NODE2,CH24,-98.31,0,0.428,train,1
1,6,NODE3,CH24,-101.83,0,0.491,train,1
1,6,NODE4,CH24,-94.45,0,0.822,train,1
1,6,NODE5,CH24,-96.19,0,0.328,train,1
1,6,NODE6,CH24,-93.31,0,0.46,train,1
1,6,NODE7,CH24,-93.77,0,0.746,train,1
1,6,NODE8,CH24,-94.44,0,0.799,train,1
1,6,NODE1,CH25,-98.24,0,0.745,train,1
1,6,NODE2,CH25,-97.28,0,0.406,train,1
1,6,NODE3,CH25,-98.56,0,0.495,train,1
1,6,NODE4,CH25,-95.16,0,0.755,train,1
1,6,NODE5,CH25,-99.04,0,0.458,train,1
1,6,NODE6,CH25,-103.47,0,0.452,train,1
1,6,NODE7,CH25,-96.41,0,0.767,train,1
1,6,NODE8,CH25,-89.76,0,0.832,train,1
1,6,NODE1,CH26,-95.77,0,0.674,train,1
1,6,NODE2,CH26,-92.33,0,0.416,train,1
1,6,NODE3,CH26,-95.11,0,0.518,train,1
1,6,NODE4,CH26,-99.26,0,0.744,train,1
1,6,NODE5,CH26,-101.58,0,0.424,train,1
1,6,NODE6,CH26,-98.99,0,0.438,train,1
1,6,NODE7,CH26,-93.66,0,0.717,train,1
1,6,NODE8,CH26,-98.12,0,0.809,train,1
1,6,NODE1,CH27,-93.47,0,0.723,train,1
1,6,NODE2,CH27,-100.56,0,0.434,train,1
1,6,NODE3,CH27,-94.69,0,0.467,train,1
1,6,NODE4,CH27,-94.05,0,0.774,train,1
1,6,NODE5,CH27,-98.15,0,0.415,train,1
1,6,NODE6,CH27,-95.65,0,0.392,train,1
1,6,NODE7,CH27,-98.11,0,0.745,train,1
1,6,NODE8,CH27,-102.79,0,0.806,train,1
1,6,NODE1,CH28,-44.18,1,0.662,train,1
1,6,NODE2,CH28,-50.29,1,0.389,train,1
1,6,NODE3,CH28,-45.72,1,0.45,train,1
1,6,NODE4,CH28,-39.08,1,0.782,train,1
1,6,NODE5,CH28,-49.28,1,0.408,train,1
1,6,NODE6,CH28,-49.59,1,0.451,train,1
1,6,NODE7,CH28,-39.42,1,0.721,train,1
1,6,NODE8,CH28,-37.44,1,0.812,train,1
1,6,NODE1,CH29,-43.92,1,0.689,train,1
1,6,NODE2,CH29,-51.73,1,0.388,train,1
1,6,NODE3,CH29,-44.79,1,0.486,train,1
1,6,NODE4,CH29,-44.93,1,0.779,train,1
1,6,NODE5,CH29,-51.18,1,0.399,train,1
1,6,NODE6,CH29,-48.81,1,0.366,train,1
1,6,NODE7,CH29,-40.05,1,0.805,train,1
1,6,NODE8,CH29,-37.62,1,0.777,train,1
1,6,NODE1,CH30,-96.44,0,0.689,train,1
1,6,NODE2,CH30,-98.5,0,0.388,train,1
1,6,NODE3,CH30,-95.5,0,0.51,train,1
1,6,NODE4,CH30,-95.2,0,0.788,train,1
1,6,NODE5,CH30,-99.19,0,0.362,train,1
1,6,NODE6,CH30,-99.56,0,0.382,train,1
1,6,NODE7,CH30,-95.06,0,0.716,train,1
1,6,NODE8,CH30,-98.03,0,0.795,train,1
1,6,NODE1,CH31,-44.61,1,0.646,train,1
1,6,NODE2,CH31,-48.87,1,0.429,train,1
1,6,NODE3,CH31,-47.45,1,0.511,train,1
1,6,NODE4,CH31,-41.23,1,0.71,train,1
1,6,NODE5,CH31,-49.91,1,0.4,train,1
1,6,NODE6,CH31,-48.73,1,0.406,train,1
1,6,NODE7,CH31,-43.5,1,0.743,train,1
1,6,NODE8,CH31,-38.26,1,0.861,train,1
1,6,NODE1,CH32,-45.93,1,0.666,train,1
1,6,NODE2,CH32,-47.83,1,0.412,train,1
1,6,NODE3,CH32,-46.52,1,0.485,train,1
1,6,NODE4,CH32,-41.09,1,0.763,train,1
1,6,NODE5,CH32,-49.16,1,0.355,train,1
1,6,NODE6,CH32,-47.39,1,0.42,train,1
1,6,NODE7,CH32,-41.37,1,0.688,train,1
1,6,NODE8,CH32,-40.07,1,0.808,train,1
1,6,NODE1,CH33,-95.87,0,0.654,train,1
1,6,NODE2,CH33,-100.7,0,0.354,train,1
1,6,NODE3,CH33,-98.11,0,0.488,train,1
1,6,NODE4,CH33,-97.84,0,0.79,train,1
1,6,NODE5,CH33,-98.84,0,0.444,train,1
1,6,NODE6,CH33,-95.04,0,0.352,train,1
1,6,NODE7,CH33,-98.35,0,0.748,train,1
1,6,NODE8,CH33,-99.83,0,0.811,train,1
1,6,NODE1,CH34,-43.89,1,0.656,train,1
1,6,NODE2,CH34,-49.07,1,0.384,train,1
1,6,NODE3,CH34,-46.71,1,0.544,train,1
1,6,NODE4,CH34,-40.83,1,0.798,train,1
1,6,NODE5,CH34,-49.3,1,0.424,train,1
1,6,NODE6,CH34,-47.89,1,0.431,train,1
1,6,NODE7,CH34,-42.23,1,0.696,train,1
1,6,NODE8,CH34,-39.66,1,0.757,train,1
1,6,NODE1,CH35,-102.35,0,0.7,train,1
1,6,NODE2,CH35,-94.07,0,0.38,train,1
1,6,NODE3,CH35,-94.33,0,0.496,train,1
1,6,NODE4,CH35,-96.98,0,0.823,train,1
1,6,NODE5,CH35,-96.56,0,0.408,train,1
1,6,NODE6,CH35,-97.17,0,0.422,train,1
1,6,NODE7,CH35,-96.18,0,0.691,train,1
1,6,NODE8,CH35,-92.46,0,0.809,train,1
1,6,NODE1,CH36,-96.8,0,0.709,train,1
1,6,NODE2,CH36,-100.19,0,0.385,train,1
1,6,NODE3,CH36,-98.1,0,0.513,train,1
1,6,NODE4,CH36,-93.16,0,0.754,train,1
1,6,NODE5,CH36,-102.43,0,0.398,train,1
1,6,NODE6,CH36,-100.2,0,0.412,train,1
1,6,NODE7,CH36,-94.19,0,0.684,train,1
1,6,NODE8,CH36,-98.56,0,0.797,train,1
1,6,NODE1,CH37,-101.13,0,0.604,train,1
1,6,NODE2,CH37,-98.69,0,0.435,train,1
1,6,NODE3,CH37,-98.16,0,0.502,train,1
1,6,NODE4,CH37,-94.56,0,0.771,train,1
1,6,NODE5,CH37,-95.76,0,0.395,train,1
1,6,NODE6,CH37,-96.3,0,0.419,train,1
1,6,NODE7,CH37,-92.44,0,0.703,train,1
1,6,NODE8,CH37,-96.91,0,0.735,train,1
1,6,NODE1,CH38,-41.7,1,0.68,train,1
1,6,NODE2,CH38,-48.48,1,0.411,train,1
1,6,NODE3,CH38,-48.32,1,0.45,train,1
1,6,NODE4,CH38,-39.61,1,0.829,train,1
1,6,NODE5,CH38,-48.94,1,0.423,train,1
1,6,NODE6,CH38,-50.29,1,0.414,train,1
1,6,NODE7,CH38,-41.87,1,0.759,train,1
1,6,NODE8,CH38,-38.96,1,0.828,train,1
1,6,NODE1,CH39,-96.41,0,0.701,train,1
1,6,NODE2,CH39,-99.64,0,0.372,train,1
1,6,NODE3,CH39,-99.75,0,0.484,train,1
1,6,NODE4,CH39,-99.76,0,0.752,train,1
1,6,NODE5,CH39,-93.42,0,0.439,train,1
1,6,NODE6,CH39,-99.49,0,0.419,train,1
1,6,NODE7,CH39,-94.9,0,0.698,train,1
1,6,NODE8,CH39,-92.24,0,0.782,train,1
1,6,NODE1,CH40,-94.76,0,0.736,train,1
1,6,NODE2,CH40,-95.4,0,0.424,train,1
1,6,NODE3,CH40,-96.62,0,0.525,train,1
1,6,NODE4,CH40,-99.75,0,0.737,train,1
1,6,NODE5,CH40,-100.4,0,0.412,train,1
1,6,NODE6,CH40,-98.74,0,0.397,train,1
1,6,NODE7,CH40,-98.45,0,0.705,train,1
1,6,NODE8,CH40,-95.38,0,0.83,train,1
1,7,NODE1,CH21,-42.0,1,0.649,train,1
1,7,NODE2,CH21,-50.42,1,0.378,train,1
1,7,NODE3,CH21,-48.32,1,0.478,train,1
1,7,NODE4,CH21,-39.85,1,0.773,train,1
1,7,NODE5,CH21,-48.71,1,0.432,train,1
1,7,NODE6,CH21,-48.13,1,0.432,train,1
1,7,NODE7,CH21,-44.7,1,0.696,train,1
1,7,NODE8,CH21,-40.22,1,0.785,train,1
1,7,NODE1,CH22,-46.99,1,0.68,train,1
1,7,NODE2,CH22,-51.34,1,0.418,train,1
1,7,NODE3,CH22,-46.59,1,0.485,train,1
1,7,NODE4,CH22,-39.9,1,0.823,train,1
1,7,NODE5,CH22,-50.7,1,0.352,train,1
1,7,NODE6,CH22,-49.51,1,0.372,train,1
1,7,NODE7,CH22,-42.69,1,0.759,train,1
1,7,NODE8,CH22,-39.14,1,0.793,train,1
1,7,NODE1,CH23,-102.19,0,0.689,train,1
1,7,NODE2,CH23,-99.33,0,0.403,train,1
1,7,NODE3,CH23,-100.7,0,0.511,train,1
1,7,NODE4,CH23,-97.68,0,0.733,train,1
1,7,NODE5,CH23,-102.97,0,0.385,train,1
1,7,NODE6,CH23,-101.04,0,0.425,train,1
1,7,NODE7,CH23,-101.74,0,0.749,train,1
1,7,NODE8,CH23,-88.79,0,0.802,train,1
1,7,NODE1,CH24,-103.49,0,0.647,train,1
1,7,NODE2,CH24,-98.54,0,0.424,train,1
1,7,NODE3,CH24,-94.23,0,0.476,train,1
1,7,NODE4,CH24,-92.83,0,0.768,train,1
1,7,NODE5,CH24,-97.6,0,0.382,train,1
1,7,NODE6,CH24,-105.46,0,0.411,train,1
1,7,NODE7,CH24,-93.83,0,0.735,train,1
1,7,NODE8,CH24,-90.33,0,0.803,train,1
1,7,NODE1,CH25,-100.36,0,0.644,train,1
1,7,NODE2,CH25,-97.34,0,0.394,train,1
1,7,NODE3,CH25,-99.73,0,0.558,train,1
1,7,NODE4,CH25,-96.32,0,0.792,train,1
1,7,NODE5,CH25,-94.53,0,0.381,train,1
1,7,NODE6,CH25,-97.97,0,0.442,train,1
1,7,NODE7,CH25,-99.79,0,0.728,train,1
1,7,NODE8,CH25,-98.2,0,0.743,train,1
1,7,NODE1,CH26,-96.39,0,0.765,train,1
1,7,NODE2,CH26,-96.48,0,0.385,train,1
1,7,NODE3,CH26,-98.12,0,0.5,train,1
1,7,NODE4,CH26,-92.85,0,0.74,train,1
1,7,NODE5,CH26,-98.42,0,0.403,train,1
1,7,NODE6,CH26,-96.63,0,0.437,train,1
1,7,NODE7,CH26,-96.86,0,0.738,train,1
1,7,NODE8,CH26,-96.92,0,0.793,train,1
1,7,NODE1,CH27,-96.74,0,0.693,train,1
1,7,NODE2,CH27,-94.6,0,0.354,train,1
1,7,NODE3,CH27,-95.89,0,0.482,train,1
1,7,NODE4,CH27,-97.8,0,0.786,train,1
1,7,NODE5,CH27,-95.25,0,0.403,train,1
1,7,NODE6,CH27,-100.74,0,0.363,train,1
1,7,NODE7,CH27,-101.73,0,0.742,train,1
1,7,NODE8,CH27,-97.09,0,0.816,train,1
1,7,NODE1,CH28,-38.17,1,0.692,train,1
1,7,NODE2,CH28,-51.62,1,0.381,train,1
1,7,NODE3,CH28,-49.28,1,0.484,train,1
1,7,NODE4,CH28,-40.97,1,0.799,train,1
1,7,NODE5,CH28,-50.66,1,0.412,train,1
1,7,NODE6,CH28,-47.38,1,0.436,train,1
1,7,NODE7,CH28,-45.61,1,0.744,train,1
1,7,NODE8,CH28,-43.02,1,0.856,train,1
1,7,NODE1,CH29,-42.07,1,0.719,train,1
1,7,NODE2,CH29,-50.91,1,0.401,train,1
1,7,NODE3,CH29,-49.45,1,0.562,train,1
1,7,NODE4,CH29,-43.75,1,0.817,train,1
1,7,NODE5,CH29,-50.54,1,0.399,train,1
1,7,NODE6,CH29,-49.69,1,0.468,train,1
1,7,NODE7,CH29,-39.85,1,0.0,train,1
1,7,NODE8,CH29,-41.24,1,0.772,train,1
1,7,NODE1,CH30,-94.64,0,0.636,train,1
1,7,NODE2,CH30,-102.41,0,0.438,train,1
1,7,NODE3,CH30,-95.41,0,0.498,train,1
1,7,NODE4,CH30,-97.04,0,0.815,train,1
1,7,NODE5,CH30,-97.27,0,0.377,train,1
1,7,NODE6,CH30,-103.1,0,0.436,train,1
1,7,NODE7,CH30,-99.89,0,0.708,train,1
1,7,NODE8,CH30,-102.9,0,0.79,train,1
1,7,NODE1,CH31,-41.45,1,0.663,train,1
1,7,NODE2,CH31,-47.47,1,0.38,train,1
1,7,NODE3,CH31,-47.62,1,0.5,train,1
1,7,NODE4,CH31,-39.93,1,0.759,train,1
1,7,NODE5,CH31,-52.74,1,0.35,train,1
1,7,NODE6,CH31,-49.3,1,0.375,train,1
1,7,NODE7,CH31,-41.86,1,0.752,train,1
1,7,NODE8,CH31,-37.38,1,0.817,train,1
1,7,NODE1,CH32,-41.66,1,0.72,train,1
1,7,NODE2,CH32,-52.56,1,0.364,train,1
1,7,NODE3,CH32,-47.69,1,0.502,train,1
1,7,NODE4,CH32,-43.21,1,0.721,train,1
1,7,NODE5,CH32,-48.92,1,0.402,train,1
1,7,NODE6,CH32,-46.34,1,0.467,train,1
1,7,NODE7,CH32,-41.73,1,0.762,train,1
1,7,NODE8,CH32,-41.04,1,0.786,train,1
1,7,NODE1,CH33,-96.11,0,0.665,train,1
1,7,NODE2,CH33,-95.42,0,0.384,train,1
1,7,NODE3,CH33,-97.3,0,0.475,train,1
1,7,NODE4,CH33,-97.42,0,0.712,train,1
1,7,NODE5,CH33,-96.59,0,0.397,train,1
1,7,NODE6,CH33,-102.12,0,0.361,train,1
1,7,NODE7,CH33,-94.77,0,0.713,train,1
1,7,NODE8,CH33,-101.47,0,0.76,train,1
1,7,NODE1,CH34,-100.22,0,0.681,train,1
1,7,NODE2,CH34,-96.37,0,0.421,train,1
1,7,NODE3,CH34,-93.38,0,0.521,train,1
1,7,NODE4,CH34,-97.04,0,0.752,train,1
1,7,NODE5,CH34,-94.55,0,0.416,train,1
1,7,NODE6,CH34,-90.44,0,0.453,train,1
1,7,NODE7,CH34,-93.01,0,0.748,train,1
1,7,NODE8,CH34,-100.72,0,0.801,train,1
1,7,NODE1,CH35,-41.74,1,0.647,train,1
1,7,NODE2,CH35,-50.54,1,0.397,train,1
1,7,NODE3,CH35,-45.29,1,0.501,train,1
1,7,NODE4,CH35,-40.94,1,0.736,train,1
1,7,NODE5,CH35,-49.79,1,0.418,train,1
1,7,NODE6,CH35,-48.18,1,0.405,train,1
1,7,NODE7,CH35,-43.84,1,0.657,train,1
1,7,NODE8,CH35,-39.69,1,0.826,train,1
1,7,NODE1,CH36,-91.33,0,0.759,train,1
1,7,NODE2,CH36,-98.45,0,0.411,train,1
1,7,NODE3,CH36,-98.05,0,0.528,train,1
1,7,NODE4,CH36,-100.38,0,0.739,train,1
1,7,NODE5,CH36,-97.16,0,0.357,train,1
1,7,NODE6,CH36,-92.62,0,0.431,train,1
1,7,NODE7,CH36,-94.09,0,0.704,train,1
1,7,NODE8,CH36,-91.66,0,0.779,train,1
1,7,NODE1,CH37,-42.4,1,0.705,train,1
1,7,NODE2,CH37,-48.57,1,0.335,train,1
1,7,NODE3,CH37,-46.34,1,0.481,train,1
1,7,NODE4,CH37,-41.68,1,0.76,train,1
1,7,NODE5,CH37,-50.36,1,0.389,train,1
1,7,NODE6,CH37,-48.05,1,0.432,train,1
1,7,NODE7,CH37,-40.58,1,0.72,train,1
1,7,NODE8,CH37,-38.35,1,0.786,train,1
1,7,NODE1,CH38,-41.82,1,0.656,train,1
1,7,NODE2,CH38,-48.31,1,0.404,train,1
1,7,NODE3,CH38,-50.08,1,0.502,train,1
1,7,NODE4,CH38,-41.59,1,0.787,train,1
1,7,NODE5,CH38,-50.91,1,0.388,train,1
1,7,NODE6,CH38,-48.51,1,0.416,train,1
1,7,NODE7,CH38,-42.23,1,0.772,train,1
1,7,NODE8,CH38,-43.23,1,0.816,train,1
1,7,NODE1,CH39,-42.58,1,0.687,train,1
1,7,NODE2,CH39,-51.22,1,0.369,train,1
1,7,NODE3,CH39,-45.87,1,0.479,train,1
1,7,NODE4,CH39,-39.82,1,0.777,train,1
1,7,NODE5,CH39,-53.08,1,0.453,train,1
1,7,NODE6,CH39,-47.62,1,0.434,train,1
1,7,NODE7,CH39,-43.31,1,0.722,train,1
1,7,NODE8,CH39,-39.8,1,0.75,train,1
1,7,NODE1,CH40,-41.42,1,0.654,train,1
1,7,NODE2,CH40,-51.37,1,0.402,train,1
1,7,NODE3,CH40,-50.84,1,0.535,train,1
1,7,NODE4,CH40,-38.3,1,0.83,train,1
1,7,NODE5,CH40,-50.71,1,0.393,train,1
1,7,NODE6,CH40,-49.45,1,0.424,train,1
1,7,NODE7,CH40,-39.58,1,0.646,train,1
1,7,NODE8,CH40,-38.54,1,0.853,train,1
1,8,NODE1,CH21,-94.6,0,0.73,train,1
1,8,NODE2,CH21,-100.52,0,0.443,train,1
1,8,NODE3,CH21,-99.95,0,0.483,train,1
1,8,NODE4,CH21,-95.17,0,0.833,train,1
1,8,NODE5,CH21,-101.26,0,0.304,train,1
1,8,NODE6,CH21,-101.0,0,0.4,train,1
1,8,NODE7,CH21,-92.24,0,0.71,train,1
1,8,NODE8,CH21,-95.65,0,0.821,train,1
1,8,NODE1,CH22,-43.69,1,0.683,train,1
1,8,NODE2,CH22,-50.41,1,0.421,train,1
1,8,NODE3,CH22,-47.77,1,0.464,train,1
1,8,NODE4,CH22,-38.77,1,0.792,train,1
1,8,NODE5,CH22,-48.7,1,0.417,train,1
1,8,NODE6,CH22,-50.08,1,0.364,train,1
1,8,NODE7,CH22,-41.77,1,0.7,train,1
1,8,NODE8,CH22,-42.04,1,0.797,train,1
1,8,NODE1,CH23,-44.61,1,0.696,train,1
1,8,NODE2,CH23,-48.9,1,0.414,train,1
1,8,NODE3,CH23,-46.97,1,0.452,train,1
1,8,NODE4,CH23,-38.5,1,0.82,train,1
1,8,NODE5,CH23,-48.9,1,0.395,train,1
1,8,NODE6,CH23,-48.72,1,0.422,train,1
1,8,NODE7,CH23,-41.29,1,0.712,train,1
1,8,NODE8,CH23,-40.03,1,0.817,train,1
1,8,NODE1,CH24,-42.87,1,0.708,train,1
1,8,NODE2,CH24,-48.14,1,0.411,train,1
1,8,NODE3,CH24,-46.88,1,0.526,train,1
1,8,NODE4,CH24,-41.67,1,0.766,train,1
1,8,NODE5,CH24,-51.34,1,0.383,train,1
1,8,NODE6,CH24,-50.04,1,0.438,train,1
1,8,NODE7,CH24,-41.89,1,0.717,train,1
1,8,NODE8,CH24,-38.5,1,0.822,train,1
1,8,NODE1,CH25,-42.96,1,0.642,train,1
1,8,NODE2,CH25,-50.22,1,0.385,train,1
1,8,NODE3,CH25,-48.47,1,0.475,train,1
1,8,NODE4,CH25,-42.81,1,0.756,train,1
1,8,NODE5,CH25,-50.4,1,0.391,train,1
1,8,NODE6,CH25,-49.31,1,0.431,train,1
1,8,NODE7,CH25,-41.83,1,0.683,train,1
1,8,NODE8,CH25,-38.19,1,0.768,train,1
1,8,NODE1,CH26,-43.25,1,0.642,train,1
1,8,NODE2,CH26,-50.88,1,0.392,train,1
1,8,NODE3,CH26,-45.62,1,0.494,train,1
1,8,NODE4,CH26,-42.78,1,0.782,train,1
1,8,NODE5,CH26,-50.81,1,0.407,train,1
1,8,NODE6,CH26,-47.76,1,0.432,train,1
1,8,NODE7,CH26,-41.95,1,0.72,train,1
1,8,NODE8,CH26,-41.85,1,0.793,train,1
1,8,NODE1,CH27,-100.22,0,0.664,train,1
1,8,NODE2,CH27,-99.01,0,0.372,train,1
1,8,NODE3,CH27,-94.69,0,0.451,train,1
1,8,NODE4,CH27,-94.0,0,0.826,train,1
1,8,NODE5,CH27,-96.94,0,0.381,train,1
1,8,NODE6,CH27,-97.2,0,0.379,train,1
1,8,NODE7,CH27,-95.7,0,0.7,train,1
1,8,NODE8,CH27,-96.67,0,0.773,train,1
1,8,NODE1,CH28,-105.1,0,0.686,train,1
1,8,NODE2,CH28,-92.5,0,0.404,train,1
1,8,NODE3,CH28,-96.94,0,0.491,train,1
1,8,NODE4,CH28,-102.17,0,0.811,train,1
1,8,NODE5,CH28,-101.94,0,0.406,train,1
1,8,NODE6,CH28,-98.06,0,0.435,train,1
1,8,NODE7,CH28,-98.31,0,0.697,train,1
1,8,NODE8,CH28,-96.44,0,0.777,train,1
1,8,NODE1,CH29,-96.28,0,0.693,train,1
1,8,NODE2,CH29,-97.05,0,0.384,train,1
1,8,NODE3,CH29,-95.81,0,0.495,train,1
1,8,NODE4,CH29,-99.71,0,0.792,train,1
1,8,NODE5,CH29,-105.12,0,0.481,train,1
1,8,NODE6,CH29,-99.59,0,0.387,train,1
1,8,NODE7,CH29,-94.66,0,0.702,train,1
1,8,NODE8,CH29,-98.7,0,0.835,train,1
1,8,NODE1,CH30,-95.67,0,0.727,train,1
1,8,NODE2,CH30,-97.9,0,0.384,train,1
1,8,NODE3,CH30,-101.72,0,0.542,train,1
1,8,NODE4,CH30,-99.06,0,0.718,train,1
1,8,NODE5,CH30,-97.31,0,0.409,train,1
1,8,NODE6,CH30,-99.58,0,0.417,train,1
1,8,NODE7,CH30,-92.92,0,0.652,train,1
1,8,NODE8,CH30,-97.33,0,0.76,train,1
1,8,NODE1,CH31,-97.81,0,0.711,train,1
1,8,NODE2,CH31,-97.8,0,0.363,train,1
1,8,NODE3,CH31,-96.38,0,0.432,train,1
1,8,NODE4,CH31,-93.43,0,0.757,train,1
1,8,NODE5,CH31,-100.7,0,0.41,train,1
1,8,NODE6,CH31,-94.27,0,0.366,train,1
1,8,NODE7,CH31,-89.97,0,0.689,train,1
1,8,NODE8,CH31,-92.98,0,0.827,train,1
1,8,NODE1,CH32,-43.19,1,0.619,train,1
1,8,NODE2,CH32,-48.18,1,0.385,train,1
1,8,NODE3,CH32,-48.82,1,0.476,train,1
1,8,NODE4,CH32,-44.05,1,0.773,train,1
1,8,NODE5,CH32,-51.82,1,0.399,train,1
1,8,NODE6,CH32,-50.69,1,0.434,train,1
1,8,NODE7,CH32,-42.79,1,0.743,train,1
1,8,NODE8,CH32,-40.48,1,0.765,train,1
1,8,NODE1,CH33,-42.69,1,0.688,train,1
1,8,NODE2,CH33,-49.81,1,0.418,train,1
1,8,NODE3,CH33,-46.23,1,0.517,train,1
1,8,NODE4,CH33,-40.92,1,0.731,train,1
1,8,NODE5,CH33,-49.31,1,0.434,train,1
1,8,NODE6,CH33,-48.14,1,0.403,train,1
1,8,NODE7,CH33,-43.24,1,0.707,train,1
1,8,NODE8,CH33,-39.53,1,0.792,train,1
1,8,NODE1,CH34,-92.31,0,0.718,train,1
1,8,NODE2,CH34,-96.61,0,0.4,train,1
1,8,NODE3,CH34,-93.43,0,0.514,train,1
1,8,NODE4,CH34,-95.0,0,0.757,train,1
1,8,NODE5,CH34,-102.63,0,0.403,train,1
1,8,NODE6,CH34,-96.36,0,0.471,train,1
1,8,NODE7,CH34,-96.6,0,0.755,train,1
1,8,NODE8,CH34,-87.94,0,0.769,train,1
1,8,NODE1,CH35,-44.51,1,0.711,train,1
1,8,NODE2,CH35,-49.99,1,0.365,train,1
1,8,NODE3,CH35,-48.93,1,0.47,train,1
1,8,NODE4,CH35,-38.6,1,0.817,train,1
1,8,NODE5,CH35,-48.52,1,0.382,train,1
1,8,NODE6,CH35,-50.54,1,0.423,train,1
1,8,NODE7,CH35,-45.08,1,0.71,train,1
1,8,NODE8,CH35,-40.47,1,0.824,train,1
1,8,NODE1,CH36,-102.09,0,0.681,train,1
1,8,NODE2,CH36,-94.04,0,0.402,train,1
1,8,NODE3,CH36,-94.08,0,0.474,train,1
1,8,NODE4,CH36,-95.23,0,0.773,train,1
1,8,NODE5,CH36,-98.02,0,0.391,train,1
1,8,NODE6,CH36,-92.85,0,0.463,train,1
1,8,NODE7,CH36,-91.32,0,0.717,train,1
1,8,NODE8,CH36,-94.06,0,0.809,train,1
1,8,NODE1,CH37,-43.08,1,0.662,train,1
1,8,NODE2,CH37,-50.95,1,0.47,train,1
1,8,NODE3,CH37,-45.78,1,0.525,train,1
1,8,NODE4,CH37,-40.86,1,0.796,train,1
1,8,NODE5,CH37,-51.27,1,0.435,train,1
1,8,NODE6,CH37,-51.07,1,0.471,train,1
1,8,NODE7,CH37,-40.3,1,0.703,train,1
1,8,NODE8,CH37,-40.93,1,0.739,train,1
1,8,NODE1,CH38,-44.38,1,0.67,train,1
1,8,NODE2,CH38,-49.25,1,0.351,train,1
1,8,NODE3,CH38,-49.82,1,0.505,train,1
1,8,NODE4,CH38,-40.15,1,0.777,train,1
1,8,NODE5,CH38,-50.2,1,0.421,train,1
1,8,NODE6,CH38,-49.14,1,0.449,train,1
1,8,NODE7,CH38,-41.34,1,0.705,train,1
1,8,NODE8,CH38,-38.27,1,0.821,train,1
1,8,NODE1,CH39,-43.33,1,0.689,train,1
1,8,NODE2,CH39,-52.22,1,0.367,train,1
1,8,NODE3,CH39,-46.11,1,0.461,train,1
1,8,NODE4,CH39,-41.69,1,0.78,train,1
1,8,NODE5,CH39,-47.21,1,0.366,train,1
1,8,NODE6,CH39,-48.65,1,0.472,train,1
1,8,NODE7,CH39,-42.5,1,0.71,train,1
1,8,NODE8,CH39,-42.68,1,0.741,train,1
1,8,NODE1,CH40,-43.67,1,0.716,train,1
1,8,NODE2,CH40,-49.61,1,0.429,train,1
1,8,NODE3,CH40,-48.13,1,0.495,train,1
1,8,NODE4,CH40,-39.3,1,0.802,train,1
1,8,NODE5,CH40,-51.66,1,0.388,train,1
1,8,NODE6,CH40,-51.48,1,0.479,train,1
1,8,NODE7,CH40,-45.52,1,0.709,train,1
1,8,NODE8,CH40,-40.15,1,0.757,train,1
1,9,NODE1,CH21,-42.3,1,0.679,train,1
1,9,NODE2,CH21,-49.26,1,0.391,train,1
1,9,NODE3,CH21,-44.98,1,0.476,train,1
1,9,NODE4,CH21,-40.57,1,0.77,train,1
1,9,NODE5,CH21,-49.38,1,0.424,train,1
1,9,NODE6,CH21,-50.54,1,0.444,train,1
1,9,NODE7,CH21,-40.03,1,0.7,train,1
1,9,NODE8,CH21,-40.1,1,0.779,train,1
1,9,NODE1,CH22,-41.68,1,0.657,train,1
1,9,NODE2,CH22,-53.75,1,0.412,train,1
1,9,NODE3,CH22,-47.23,1,0.54,train,1
1,9,NODE4,CH22,-40.49,1,0.829,train,1
1,9,NODE5,CH22,-50.21,1,0.378,train,1
1,9,NODE6,CH22,-54.29,1,0.379,train,1
1,9,NODE7,CH22,-42.22,1,0.686,train,1
1,9,NODE8,CH22,-40.29,1,0.805,train,1
1,9,NODE1,CH23,-45.33,1,0.658,train,1
1,9,NODE2,CH23,-48.67,1,0.47,train,1
1,9,NODE3,CH23,-44.77,1,0.496,train,1
1,9,NODE4,CH23,-42.49,1,0.799,train,1
1,9,NODE5,CH23,-49.45,1,0.382,train,1
1,9,NODE6,CH23,-49.4,1,0.415,train,1
1,9,NODE7,CH23,-42.1,1,0.719,train,1
1,9,NODE8,CH23,-38.57,1,0.808,train,1
1,9,NODE1,CH24,-42.9,1,0.65,train,1
1,9,NODE2,CH24,-50.44,1,0.428,train,1
1,9,NODE3,CH24,-47.42,1,0.488,train,1
1,9,NODE4,CH24,-41.13,1,0.751,train,1
1,9,NODE5,CH24,-50.53,1,0.381,train,1
1,9,NODE6,CH24,-48.79,1,0.478,train,1
1,9,NODE7,CH24,-41.45,1,0.679,train,1
1,9,NODE8,CH24,-41.07,1,0.773,train,1
1,9,NODE1,CH25,-98.85,0,0.665,train,1
1,9,NODE2,CH25,-91.37,0,0.418,train,1
1,9,NODE3,CH25,-99.87,0,0.484,train,1
1,9,NODE4,CH25,-95.04,0,0.766,train,1
1,9,NODE5,CH25,-101.39,0,0.435,train,1
1,9,NODE6,CH25,-97.14,0,0.411,train,1
1,9,NODE7,CH25,-91.9,0,0.721,train,1
1,9,NODE8,CH25,-96.99,0,0.751,train,1
1,9,NODE1,CH26,-100.3,0,0.698,train,1
1,9,NODE2,CH26,-99.05,0,0.394,train,1
1,9,NODE3,CH26,-95.58,0,0.513,train,1
1,9,NODE4,CH26,-94.17,0,0.762,train,1
1,9,NODE5,CH26,-95.08,0,0.418,train,1
1,9,NODE6,CH26,-101.95,0,0.455,train,1
1,9,NODE7,CH26,-96.95,0,0.728,train,1
1,9,NODE8,CH26,-96.18,0,0.763,train,1
1,9,NODE1,CH27,-45.76,1,0.715,train,1
1,9,NODE2,CH27,-51.07,1,0.393,train,1
1,9,NODE3,CH27,-45.79,1,0.475,train,1
1,9,NODE4,CH27,-41.1,1,0.791,train,1
1,9,NODE5,CH27,-52.86,1,0.425,train,1
1,9,NODE6,CH27,-48.41,1,0.401,train,1
1,9,NODE7,CH27,-42.6,1,0.706,train,1
1,9,NODE8,CH27,-39.16,1,0.794,train,1
1,9,NODE1,CH28,-42.77,1,0.798,train,1
1,9,NODE2,CH28,-49.83,1,0.385,train,1
1,9,NODE3,CH28,-50.45,1,0.492,train,1
1,9,NODE4,CH28,-43.45,1,0.765,train,1
1,9,NODE5,CH28,-49.75,1,0.438,train,1
1,9,NODE6,CH28,-48.35,1,0.44,train,1
1,9,NODE7,CH28,-43.4,1,0.73,train,1
1,9,NODE8,CH28,-40.6,1,0.748,train,1
1,9,NODE1,CH29,-95.06,0,0.685,train,1
1,9,NODE2,CH29,-100.68,0,0.384,train,1
1,9,NODE3,CH29,-98.69,0,0.493,train,1
1,9,NODE4,CH29,-96.54,0,0.76,train,1
1,9,NODE5,CH29,-97.12,0,0.4,train,1
1,9,NODE6,CH29,-95.89,0,0.425,train,1
1,9,NODE7,CH29,-92.89,0,0.737,train,1
1,9,NODE8,CH29,-94.36,0,0.791,train,1
1,9,NODE1,CH30,-42.86,1,0.68,train,1
1,9,NODE2,CH30,-52.02,1,0.416,train,1
1,9,NODE3,CH30,-48.45,1,0.526,train,1
1,9,NODE4,CH30,-38.41,1,0.764,train,1
1,9,NODE5,CH30,-48.3,1,0.437,train,1
1,9,NODE6,CH30,-52.03,1,0.398,train,1
1,9,NODE7,CH30,-42.05,1,0.725,train,1
1,9,NODE8,CH30,-39.98,1,0.805,train,1
1,9,NODE1,CH31,-42.3,1,0.0,train,1
1,9,NODE2,CH31,-53.39,1,0.408,train,1
1,9,NODE3,CH31,-47.65,1,0.494,train,1
1,9,NODE4,CH31,-41.12,1,0.764,train,1
1,9,NODE5,CH31,-49.99,1,0.416,train,1
1,9,NODE6,CH31,-49.89,1,0.408,train,1
1,9,NODE7,CH31,-41.11,1,0.724,train,1
1,9,NODE8,CH31,-37.96,1,0.786,train,1
1,9,NODE1,CH32,-42.75,1,0.729,train,1
1,9,NODE2,CH32,-49.2,1,0.0,train,1
1,9,NODE3,CH32,-47.21,1,0.44,train,1
1,9,NODE4,CH32,-39.81,1,0.761,train,1
1,9,NODE5,CH32,-47.65,1,0.408,train,1
1,9,NODE6,CH32,-49.47,1,0.429,train,1
1,9,NODE7,CH32,-42.74,1,0.694,train,1
1,9,NODE8,CH32,-38.36,1,0.776,train,1
1,9,NODE1,CH33,-94.38,0,0.734,train,1
1,9,NODE2,CH33,-97.97,0,0.426,train,1
1,9,NODE3,CH33,-101.61,0,0.494,train,1
1,9,NODE4,CH33,-101.08,0,0.774,train,1
1,9,NODE5,CH33,-95.66,0,0.337,train,1
1,9,NODE6,CH33,-101.61,0,0.437,train,1
1,9,NODE7,CH33,-99.76,0,0.654,train,1
1,9,NODE8,CH33,-96.37,0,0.802,train,1
1,9,NODE1,CH34,-39.35,1,0.641,train,1
1,9,NODE2,CH34,-50.53,1,0.361,train,1
1,9,NODE3,CH34,-45.16,1,0.481,train,1
1,9,NODE4,CH34,-38.29,1,0.731,train,1
1,9,NODE5,CH34,-50.36,1,0.375,train,1
1,9,NODE6,CH34,-50.55,1,0.394,train,1
1,9,NODE7,CH34,-41.99,1,0.711,train,1
1,9,NODE8,CH34,-39.72,1,0.813,train,1
1,9,NODE1,CH35,-42.05,1,0.664,train,1
1,9,NODE2,CH35,-50.83,1,0.42,train,1
1,9,NODE3,CH35,-46.97,1,0.469,train,1
1,9,NODE4,CH35,-40.75,1,0.802,train,1
1,9,NODE5,CH35,-50.29,1,0.442,train,1
1,9,NODE6,CH35,-52.37,1,0.431,train,1
1,9,NODE7,CH35,-40.62,1,0.731,train,1
1,9,NODE8,CH35,-38.38,1,0.778,train,1
1,9,NODE1,CH36,-43.48,1,0.691,train,1
1,9,NODE2,CH36,-50.02,1,0.447,train,1
1,9,NODE3,CH36,-46.85,1,0.0,train,1
1,9,NODE4,CH36,-40.13,1,0.786,train,1
1,9,NODE5,CH36,-51.08,1,0.403,train,1
1,9,NODE6,CH36,-48.46,1,0.389,train,1
1,9,NODE7,CH36,-41.01,1,0.704,train,1
1,9,NODE8,CH36,-39.86,1,0.779,train,1
1,9,NODE1,CH37,-43.44,1,0.669,train,1
1,9,NODE2,CH37,-49.78,1,0.411,train,1
1,9,NODE3,CH37,-51.3,1,0.497,train,1
1,9,NODE4,CH37,-40.93,1,0.771,train,1
1,9,NODE5,CH37,-50.22,1,0.4,train,1
1,9,NODE6,CH37,-48.64,1,0.414,train,1
1,9,NODE7,CH37,-41.46,1,0.76,train,1
1,9,NODE8,CH37,-39.32,1,0.782,train,1
1,9,NODE1,CH38,-43.13,1,0.625,train,1
1,9,NODE2,CH38,-49.08,1,0.419,train,1
1,9,NODE3,CH38,-46.8,1,0.511,train,1
1,9,NODE4,CH38,-40.6,1,0.803,train,1
1,9,NODE5,CH38,-48.48,1,0.382,train,1
1,9,NODE6,CH38,-50.59,1,0.433,train,1
1,9,NODE7,CH38,-42.63,1,0.668,train,1
1,9,NODE8,CH38,-39.83,1,0.782,train,1
1,9,NODE1,CH39,-42.55,1,0.722,train,1
1,9,NODE2,CH39,-49.19,1,0.428,train,1
1,9,NODE3,CH39,-50.15,1,0.46,train,1
1,9,NODE4,CH39,-42.27,1,0.741,train,1
1,9,NODE5,CH39,-50.16,1,0.362,train,1
1,9,NODE6,CH39,-47.56,1,0.398,train,1
1,9,NODE7,CH39,-44.6,1,0.715,train,1
1,9,NODE8,CH39,-39.3,1,0.791,train,1
1,9,NODE1,CH40,-41.72,1,0.705,train,1
1,9,NODE2,CH40,-49.32,1,0.407,train,1
1,9,NODE3,CH40,-50.7,1,0.547,train,1
1,9,NODE4,CH40,-42.47,1,0.842,train,1
1,9,NODE5,CH40,-50.59,1,0.393,train,1
1,9,NODE6,CH40,-49.36,1,0.461,train,1
1,9,NODE7,CH40,-41.86,1,0.722,train,1
1,9,NODE8,CH40,-40.34,1,0.83,train,1
1,10,NODE1,CH21,-99.61,0,0.72,train,1
1,10,NODE2,CH21,-105.46,0,0.395,train,1
1,10,NODE3,CH21,-99.17,0,0.512,train,1
1,10,NODE4,CH21,-96.53,0,0.768,train,1
1,10,NODE5,CH21,-97.81,0,0.417,train,1
1,10,NODE6,CH21,-96.76,0,0.393,train,1
1,10,NODE7,CH21,-100.04,0,0.758,train,1
1,10,NODE8,CH21,-100.61,0,0.815,train,1
1,10,NODE1,CH22,-42.43,1,0.708,train,1
1,10,NODE2,CH22,-50.52,1,0.0,train,1
1,10,NODE3,CH22,-49.71,1,0.467,train,1
1,10,NODE4,CH22,-40.13,1,0.79,train,1
1,10,NODE5,CH22,-51.13,1,0.38,train,1
1,10,NODE6,CH22,-48.79,1,0.367,train,1
1,10,NODE7,CH22,-42.41,1,0.684,train,1
1,10,NODE8,CH22,-40.58,1,0.78,train,1
1,10,NODE1,CH23,-43.15,1,0.0,train,1
1,10,NODE2,CH23,-49.32,1,0.403,train,1
1,10,NODE3,CH23,-48.61,1,0.468,train,1
1,10,NODE4,CH23,-39.12,1,0.76,train,1
1,10,NODE5,CH23,-51.33,1,0.425,train,1
1,10,NODE6,CH23,-48.53,1,0.435,train,1
1,10,NODE7,CH23,-44.64,1,0.697,train,1
1,10,NODE8,CH23,-41.04,1,0.714,train,1
1,10,NODE1,CH24,-45.44,1,0.693,train,1
1,10,NODE2,CH24,-49.44,1,0.355,train,1
1,10,NODE3,CH24,-49.58,1,0.499,train,1
1,10,NODE4,CH24,-41.95,1,0.778,train,1
1,10,NODE5,CH24,-49.81,1,0.38,train,1
1,10,NODE6,CH24,-50.76,1,0.427,train,1
1,10,NODE7,CH24,-43.52,1,0.696,train,1
1,10,NODE8,CH24,-41.18,1,0.742,train,1
1,10,NODE1,CH25,-43.48,1,0.671,train,1
1,10,NODE2,CH25,-49.26,1,0.414,train,1
1,10,NODE3,CH25,-49.93,1,0.484,train,1
1,10,NODE4,CH25,-40.24,1,0.828,train,1
1,10,NODE5,CH25,-48.38,1,0.395,train,1
1,10,NODE6,CH25,-48.15,1,0.44,train,1
1,10,NODE7,CH25,-40.7,1,0.737,train,1
1,10,NODE8,CH25,-39.96,1,0.764,train,1
1,10,NODE1,CH26,-45.09,1,0.7,train,1
1,10,NODE2,CH26,-51.65,1,0.407,train,1
1,10,NODE3,CH26,-49.29,1,0.458,train,1
1,10,NODE4,CH26,-42.64,1,0.804,train,1
1,10,NODE5,CH26,-49.96,1,0.433,train,1
1,10,NODE6,CH26,-50.81,1,0.382,train,1
1,10,NODE7,CH26,-42.53,1,0.709,train,1
1,10,NODE8,CH26,-39.53,1,0.809,train,1
1,10,NODE1,CH27,-42.53,1,0.707,train,1
1,10,NODE2,CH27,-50.95,1,0.458,train,1
1,10,NODE3,CH27,-46.94,1,0.489,train,1
1,10,NODE4,CH27,-41.7,1,0.754,train,1
1,10,NODE5,CH27,-50.28,1,0.361,train,1
1,10,NODE6,CH27,-50.02,1,0.398,train,1
1,10,NODE7,CH27,-44.39,1,0.719,train,1
1,10,NODE8,CH27,-40.72,1,0.802,train,1
1,10,NODE1,CH28,-43.32,1,0.74,train,1
1,10,NODE2,CH28,-50.7,1,0.394,train,1
1,10,NODE3,CH28,-48.25,1,0.504,train,1
1,10,NODE4,CH28,-39.89,1,0.754,train,1
1,10,NODE5,CH28,-48.2,1,0.375,train,1
1,10,NODE6,CH28,-48.68,1,0.374,train,1
1,10,NODE7,CH28,-41.36,1,0.678,train,1
1,10,NODE8,CH28,-39.3,1,0.801,train,1
1,10,NODE1,CH29,-94.76,0,0.698,train,1
1,10,NODE2,CH29,-95.84,0,0.414,train,1
1,10,NODE3,CH29,-104.48,0,0.522,train,1
1,10,NODE4,CH29,-95.79,0,0.746,train,1
1,10,NODE5,CH29,-97.42,0,0.402,train,1
1,10,NODE6,CH29,-93.14,0,0.363,train,1
1,10,NODE7,CH29,-97.67,0,0.74,train,1
1,10,NODE8,CH29,-93.6,0,0.799,train,1
1,10,NODE1,CH30,-41.83,1,0.652,train,1
1,10,NODE2,CH30,-48.69,1,0.394,train,1
1,10,NODE3,CH30,-46.41,1,0.518,train,1
1,10,NODE4,CH30,-40.86,1,0.777,train,1
1,10,NODE5,CH30,-49.86,1,0.378,train,1
1,10,NODE6,CH30,-48.75,1,0.445,train,1
1,10,NODE7,CH30,-41.66,1,0.79,train,1
1,10,NODE8,CH30,-39.14,1,0.775,train,1
1,10,NODE1,CH31,-97.57,0,0.712,train,1
1,10,NODE2,CH31,-93.77,0,0.405,train,1
1,10,NODE3,CH31,-99.88,0,0.497,train,1
1,10,NODE4,CH31,-96.42,0,0.707,train,1
1,10,NODE5,CH31,-99.86,0,0.401,train,1
1,10,NODE6,CH31,-90.29,0,0.457,train,1
1,10,NODE7,CH31,-97.12,0,0.716,train,1
1,10,NODE8,CH31,-95.26,0,0.824,train,1
1,10,NODE1,CH32,-44.39,1,0.708,train,1
1,10,NODE2,CH32,-50.45,1,0.41,train,1
1,10,NODE3,CH32,-45.52,1,0.47,train,1
1,10,NODE4,CH32,-38.38,1,0.807,train,1
1,10,NODE5,CH32,-50.37,1,0.447,train,1
1,10,NODE6,CH32,-49.51,1,0.377,train,1
1,10,NODE7,CH32,-39.42,1,0.715,train,1
1,10,NODE8,CH32,-40.18,1,0.797,train,1
1,10,NODE1,CH33,-41.93,1,0.659,train,1
1,10,NODE2,CH33,-48.54,1,0.396,train,1
1,10,NODE3,CH33,-47.19,1,0.509,train,1
1,10,NODE4,CH33,-44.13,1,0.798,train,1
1,10,NODE5,CH33,-50.29,1,0.413,train,1
1,10,NODE6,CH33,-49.14,1,0.431,train,1
1,10,NODE7,CH33,-42.85,1,0.751,train,1
1,10,NODE8,CH33,-40.36,1,0.836,train,1
1,10,NODE1,CH34,-42.71,1,0.684,train,1
1,10,NODE2,CH34,-50.49,1,0.363,train,1
1,10,NODE3,CH34,-47.0,1,0.475,train,1
1,10,NODE4,CH34,-44.26,1,0.801,train,1
1,10,NODE5,CH34,-48.73,1,0.403,train,1
1,10,NODE6,CH34,-51.48,1,0.408,train,1
1,10,NODE7,CH34,-42.44,1,0.738,train,1
1,10,NODE8,CH34,-38.78,1,0.802,train,1
1,10,NODE1,CH35,-40.53,1,0.717,train,1
1,10,NODE2,CH35,-49.02,1,0.433,train,1
1,10,NODE3,CH35,-47.03,1,0.508,train,1
1,10,NODE4,CH35,-39.79,1,0.762,train,1
1,10,NODE5,CH35,-49.46,1,0.351,train,1
1,10,NODE6,CH35,-51.2,1,0.434,train,1
1,10,NODE7,CH35,-43.06,1,0.728,train,1
1,10,NODE8,CH35,-41.74,1,0.75,train,1
1,10,NODE1,CH36,-43.07,1,0.644,train,1
1,10,NODE2,CH36,-50.77,1,0.452,train,1
1,10,NODE3,CH36,-47.48,1,0.512,train,1
1,10,NODE4,CH36,-38.21,1,0.732,train,1
1,10,NODE5,CH36,-51.21,1,0.391,train,1
1,10,NODE6,CH36,-45.72,1,0.412,train,1
1,10,NODE7,CH36,-42.68,1,0.694,train,1
1,10,NODE8,CH36,-41.29,1,0.834,train,1
1,10,NODE1,CH37,-96.31,0,0.677,train,1
1,10,NODE2,CH37,-92.97,0,0.318,train,1
1,10,NODE3,CH37,-97.76,0,0.444,train,1
1,10,NODE4,CH37,-94.53,0,0.726,train,1
1,10,NODE5,CH37,-97.36,0,0.384,train,1
1,10,NODE6,CH37,-95.02,0,0.389,train,1
1,10,NODE7,CH37,-95.67,0,0.77,train,1
1,10,NODE8,CH37,-98.5,0,0.766,train,1
1,10,NODE1,CH38,-46.35,1,0.653,train,1
1,10,NODE2,CH38,-49.2,1,0.41,train,1
1,10,NODE3,CH38,-49.6,1,0.549,train,1
1,10,NODE4,CH38,-37.89,1,0.797,train,1
1,10,NODE5,CH38,-48.27,1,0.459,train,1
1,10,NODE6,CH38,-51.15,1,0.413,train,1
1,10,NODE7,CH38,-43.01,1,0.715,train,1
1,10,NODE8,CH38,-40.18,1,0.764,train,1
1,10,NODE1,CH39,-40.87,1,0.681,train,1
1,10,NODE2,CH39,-51.26,1,0.434,train,1
1,10,NODE3,CH39,-46.45,1,0.508,train,1
1,10,NODE4,CH39,-41.99,1,0.704,train,1
1,10,NODE5,CH39,-49.05,1,0.426,train,1
1,10,NODE6,CH39,-49.92,1,0.415,train,1
1,10,NODE7,CH39,-40.15,1,0.778,train,1
1,10,NODE8,CH39,-42.0,1,0.801,train,1
1,10,NODE1,CH40,-43.4,1,0.727,train,1
1,10,NODE2,CH40,-50.62,1,0.411,train,1
1,10,NODE3,CH40,-47.62,1,0.495,train,1
1,10,NODE4,CH40,-40.91,1,0.782,train,1
1,10,NODE5,CH40,-50.05,1,0.408,train,1
1,10,NODE6,CH40,-50.86,1,0.427,train,1
1,10,NODE7,CH40,-41.03,1,0.686,train,1
1,10,NODE8,CH40,-41.81,1,0.789,train,1
1,11,NODE1,CH21,-43.02,1,0.67,train,1
1,11,NODE2,CH21,-49.14,1,0.43,train,1
1,11,NODE3,CH21,-47.03,1,0.491,train,1
1,11,NODE4,CH21,-41.35,1,0.764,train,1
1,11,NODE5,CH21,-52.95,1,0.347,train,1
1,11,NODE6,CH21,-48.52,1,0.374,train,1
1,11,NODE7,CH21,-41.45,1,0.699,train,1
1,11,NODE8,CH21,-38.9,1,0.747,train,1
1,11,NODE1,CH22,-41.19,1,0.665,train,1
1,11,NODE2,CH22,-50.75,1,0.378,train,1
1,11,NODE3,CH22,-47.78,1,0.494,train,1
1,11,NODE4,CH22,-39.3,1,0.762,train,1
1,11,NODE5,CH22,-51.04,1,0.391,train,1
1,11,NODE6,CH22,-49.9,1,0.402,train,1
1,11,NODE7,CH22,-42.92,1,0.711,train,1
1,11,NODE8,CH22,-38.73,1,0.8,train,1
1,11,NODE1,CH23,-41.44,1,0.724,train,1
1,11,NODE2,CH23,-50.53,1,0.405,train,1
1,11,NODE3,CH23,-51.05,1,0.498,train,1
1,11,NODE4,CH23,-39.68,1,0.793,train,1
1,11,NODE5,CH23,-48.35,1,0.421,train,1
1,11,NODE6,CH23,-48.24,1,0.368,train,1
1,11,NODE7,CH23,-42.98,1,0.66,train,1
1,11,NODE8,CH23,-37.75,1,0.753,train,1
1,11,NODE1,CH24,-40.35,1,0.68,train,1
1,11,NODE2,CH24,-50.44,1,0.38,train,1
1,11,NODE3,CH24,-48.49,1,0.482,train,1
1,11,NODE4,CH24,-42.55,1,0.769,train,1
1,11,NODE5,CH24,-49.34,1,0.41,train,1
1,11,NODE6,CH24,-49.48,1,0.4,train,1
1,11,NODE7,CH24,-40.27,1,0.722,train,1
1,11,NODE8,CH24,-37.55,1,0.798,train,1
1,11,NODE1,CH25,-41.48,1,0.598,train,1
1,11,NODE2,CH25,-49.62,1,0.344,train,1
1,11,NODE3,CH25,-46.05,1,0.502,train,1
1,11,NODE4,CH25,-44.49,1,0.817,train,1
1,11,NODE5,CH25,-51.3,1,0.403,train,1
1,11,NODE6,CH25,-49.46,1,0.369,train,1
1,11,NODE7,CH25,-43.07,1,0.736,train,1
1,11,NODE8,CH25,-39.2,1,0.832,train,1
1,11,NODE1,CH26,-45.12,1,0.701,train,1
1,11,NODE2,CH26,-49.99,1,0.403,train,1
1,11,NODE3,CH26,-47.5,1,0.443,train,1
1,11,NODE4,CH26,-40.57,1,0.765,train,1
1,11,NODE5,CH26,-50.65,1,0.361,train,1
1,11,NODE6,CH26,-51.32,1,0.455,train,1
1,11,NODE7,CH26,-42.61,1,0.74,train,1
1,11,NODE8,CH26,-40.1,1,0.792,train,1
1,11,NODE1,CH27,-42.92,1,0.593,train,1
1,11,NODE2,CH27,-50.91,1,0.364,train,1
1,11,NODE3,CH27,-48.33,1,0.519,train,1
1,11,NODE4,CH27,-42.48,1,0.818,train,1
1,11,NODE5,CH27,-50.83,1,0.377,train,1
1,11,NODE6,CH27,-47.21,1,0.465,train,1
1,11,NODE7,CH27,-40.95,1,0.706,train,1
1,11,NODE8,CH27,-41.28,1,0.815,train,1
1,11,NODE1,CH28,-43.47,1,0.712,train,1
1,11,NODE2,CH28,-51.1,1,0.442,train,1
1,11,NODE3,CH28,-47.26,1,0.491,train,1
1,11,NODE4,CH28,-40.59,1,0.801,train,1
1,11,NODE5,CH28,-49.01,1,0.436,train,1
1,11,NODE6,CH28,-50.48,1,0.411,train,1
1,11,NODE7,CH28,-40.15,1,0.778,train,1
1,11,NODE8,CH28,-40.24,1,0.8,train,1
1,11,NODE1,CH29,-42.64,1,0.665,train,1
1,11,NODE2,CH29,-50.39,1,0.389,train,1
1,11,NODE3,CH29,-47.76,1,0.498,train,1
1,11,NODE4,CH29,-38.34,1,0.782,train,1
1,11,NODE5,CH29,-52.02,1,0.435,train,1
1,11,NODE6,CH29,-50.79,1,0.408,train,1
1,11,NODE7,CH29,-40.19,1,0.706,train,1
1,11,NODE8,CH29,-39.8,1,0.798,train,1
1,11,NODE1,CH30,-42.63,1,0.702,train,1
1,11,NODE2,CH30,-53.37,1,0.448,train,1
1,11,NODE3,CH30,-46.26,1,0.564,train,1
1,11,NODE4,CH30,-41.73,1,0.731,train,1
1,11,NODE5,CH30,-49.45,1,0.409,train,1
1,11,NODE6,CH30,-49.95,1,0.475,train,1
1,11,NODE7,CH30,-42.48,1,0.748,train,1
1,11,NODE8,CH30,-39.23,1,0.826,train,1
1,11,NODE1,CH31,-95.72,0,0.648,train,1
1,11,NODE2,CH31,-93.18,0,0.406,train,1
1,11,NODE3,CH31,-95.03,0,0.531,train,1
1,11,NODE4,CH31,-97.24,0,0.777,train,1
1,11,NODE5,CH31,-97.01,0,0.404,train,1
1,11,NODE6,CH31,-92.84,0,0.421,train,1
1,11,NODE7,CH31,-94.87,0,0.721,train,1
1,11,NODE8,CH31,-91.93,0,0.787,train,1
1,11,NODE1,CH32,-43.71,1,0.659,train,1
1,11,NODE2,CH32,-50.29,1,0.391,train,1
1,11,NODE3,CH32,-48.94,1,0.509,train,1
1,11,NODE4,CH32,-41.24,1,0.754,train,1
1,11,NODE5,CH32,-48.73,1,0.36,train,1
1,11,NODE6,CH32,-47.87,1,0.0,train,1
1,11,NODE7,CH32,-39.67,1,0.788,train,1
1,11,NODE8,CH32,-40.37,1,0.808,train,1
1,11,NODE1,CH33,-95.59,0,0.686,train,1
1,11,NODE2,CH33,-99.18,0,0.355,train,1
1,11,NODE3,CH33,-94.34,0,0.476,train,1
1,11,NODE4,CH33,-93.91,0,0.799,train,1
1,11,NODE5,CH33,-100.73,0,0.35,train,1
1,11,NODE6,CH33,-94.67,0,0.365,train,1
1,11,NODE7,CH33,-97.3,0,0.0,train,1
1,11,NODE8,CH33,-95.91,0,0.773,train,1
1,11,NODE1,CH34,-101.68,0,0.691,train,1
1,11,NODE2,CH34,-97.77,0,0.376,train,1
1,11,NODE3,CH34,-95.67,0,0.532,train,1
1,11,NODE4,CH34,-96.63,0,0.774,train,1
1,11,NODE5,CH34,-102.86,0,0.405,train,1
1,11,NODE6,CH34,-91.81,0,0.449,train,1
1,11,NODE7,CH34,-100.61,0,0.702,train,1
1,11,NODE8,CH34,-97.9,0,0.82,train,1
1,11,NODE1,CH35,-42.91,1,0.729,train,1
1,11,NODE2,CH35,-51.5,1,0.386,train,1
1,11,NODE3,CH35,-47.54,1,0.497,train,1
1,11,NODE4,CH35,-38.84,1,0.784,train,1
1,11,NODE5,CH35,-45.69,1,0.463,train,1
1,11,NODE6,CH35,-50.06,1,0.494,train,1
1,11,NODE7,CH35,-43.74,1,0.718,train,1
1,11,NODE8,CH35,-37.43,1,0.788,train,1
1,11,NODE1,CH36,-41.91,1,0.692,train,1
1,11,NODE2,CH36,-50.73,1,0.373,train,1
1,11,NODE3,CH36,-48.76,1,0.491,train,1
1,11,NODE4,CH36,-40.13,1,0.819,train,1
1,11,NODE5,CH36,-50.17,1,0.38,train,1
1,11,NODE6,CH36,-48.52,1,0.44,train,1
1,11,NODE7,CH36,-38.9,1,0.761,train,1
1,11,NODE8,CH36,-40.8,1,0.811,train,1
1,11,NODE1,CH37,-104.04,0,0.65,train,1
1,11,NODE2,CH37,-97.5,0,0.421,train,1
1,11,NODE3,CH37,-94.7,0,0.47,train,1
1,11,NODE4,CH37,-93.36,0,0.747,train,1
1,11,NODE5,CH37,-93.38,0,0.402,train,1
1,11,NODE6,CH37,-98.05,0,0.425,train,1
1,11,NODE7,CH37,-91.78,0,0.714,train,1
1,11,NODE8,CH37,-93.92,0,0.777,train,1
1,11,NODE1,CH38,-97.93,0,0.725,train,1
1,11,NODE2,CH38,-100.04,0,0.378,train,1
1,11,NODE3,CH38,-97.41,0,0.433,train,1
1,11,NODE4,CH38,-95.18,0,0.801,train,1
1,11,NODE5,CH38,-96.44,0,0.432,train,1
1,11,NODE6,CH38,-90.35,0,0.424,train,1
1,11,NODE7,CH38,-101.81,0,0.721,train,1
1,11,NODE8,CH38,-98.62,0,0.765,train,1
1,11,NODE1,CH39,-43.51,1,0.693,train,1
1,11,NODE2,CH39,-49.07,1,0.367,train,1
1,11,NODE3,CH39,-46.53,1,0.469,train,1
1,11,NODE4,CH39,-39.1,1,0.79,train,1
1,11,NODE5,CH39,-51.36,1,0.322,train,1
1,11,NODE6,CH39,-50.16,1,0.419,train,1
1,11,NODE7,CH39,-44.25,1,0.737,train,1
1,11,NODE8,CH39,-38.51,1,0.794,train,1
1,11,NODE1,CH40,-96.28,0,0.704,train,1
1,11,NODE2,CH40,-95.82,0,0.446,train,1
1,11,NODE3,CH40,-91.95,0,0.467,train,1
1,11,NODE4,CH40,-95.04,0,0.841,train,1
1,11,NODE5,CH40,-102.17,0,0.397,train,1
1,11,NODE6,CH40,-95.15,0,0.361,train,1
1,11,NODE7,CH40,-94.14,0,0.692,train,1
1,11,NODE8,CH40,-97.5,0,0.751,train,1
1,12,NODE1,CH21,-44.43,1,0.756,train,1
1,12,NODE2,CH21,-48.19,1,0.383,train,1
1,12,NODE3,CH21,-46.26,1,0.461,train,1
1,12,NODE4,CH21,-43.48,1,0.754,train,1
1,12,NODE5,CH21,-50.93,1,0.377,train,1
1,12,NODE6,CH21,-50.1,1,0.415,train,1
1,12,NODE7,CH21,-40.54,1,0.692,train,1
1,12,NODE8,CH21,-39.58,1,0.814,train,1
1,12,NODE1,CH22,-42.32,1,0.685,train,1
1,12,NODE2,CH22,-48.73,1,0.454,train,1
1,12,NODE3,CH22,-49.93,1,0.559,train,1
1,12,NODE4,CH22,-40.16,1,0.767,train,1
1,12,NODE5,CH22,-50.87,1,0.473,train,1
1,12,NODE6,CH22,-50.18,1,0.427,train,1
1,12,NODE7,CH22,-41.27,1,0.746,train,1
1,12,NODE8,CH22,-37.13,1,0.797,train,1
1,12,NODE1,CH23,-42.04,1,0.644,train,1
1,12,NODE2,CH23,-48.96,1,0.383,train,1
1,12,NODE3,CH23,-48.43,1,0.523,train,1
1,12,NODE4,CH23,-40.04,1,0.761,train,1
1,12,NODE5,CH23,-47.98,1,0.391,train,1
1,12,NODE6,CH23,-47.84,1,0.427,train,1
1,12,NODE7,CH23,-41.46,1,0.72,train,1
1,12,NODE8,CH23,-41.12,1,0.783,train,1
1,12,NODE1,CH24,-96.64,0,0.686,train,1
1,12,NODE2,CH24,-100.06,0,0.408,train,1
1,12,NODE3,CH24,-98.16,0,0.513,train,1
1,12,NODE4,CH24,-95.09,0,0.722,train,1
1,12,NODE5,CH24,-96.46,0,0.431,train,1
1,12,NODE6,CH24,-91.93,0,0.458,train,1
1,12,NODE7,CH24,-93.11,0,0.689,train,1
1,12,NODE8,CH24,-99.14,0,0.78,train,1
1,12,NODE1,CH25,-42.26,1,0.623,train,1
1,12,NODE2,CH25,-52.61,1,0.374,train,1
1,12,NODE3,CH25,-46.99,1,0.499,train,1
1,12,NODE4,CH25,-40.08,1,0.784,train,1
1,12,NODE5,CH25,-46.66,1,0.437,train,1
1,12,NODE6,CH25,-52.73,1,0.42,train,1
1,12,NODE7,CH25,-41.76,1,0.713,train,1
1,12,NODE8,CH25,-43.09,1,0.798,train,1
1,12,NODE1,CH26,-45.26,1,0.655,train,1
1,12,NODE2,CH26,-47.95,1,0.383,train,1
1,12,NODE3,CH26,-47.4,1,0.476,train,1
1,12,NODE4,CH26,-41.68,1,0.743,train,1
1,12,NODE5,CH26,-48.01,1,0.4,train,1
1,12,NODE6,CH26,-48.47,1,0.449,train,1
1,12,NODE7,CH26,-40.33,1,0.698,train,1
1,12,NODE8,CH26,-39.38,1,0.858,train,1
1,12,NODE1,CH27,-44.62,1,0.617,train,1
1,12,NODE2,CH27,-48.62,1,0.418,train,1
1,12,NODE3,CH27,-45.33,1,0.529,train,1
1,12,NODE4,CH27,-40.97,1,0.73,train,1
1,12,NODE5,CH27,-49.89,1,0.419,train,1
1,12,NODE6,CH27,-50.66,1,0.385,train,1
1,12,NODE7,CH27,-44.02,1,0.658,train,1
1,12,NODE8,CH27,-38.48,1,0.77,train,1
1,12,NODE1,CH28,-43.52,1,0.691,train,1
1,12,NODE2,CH28,-49.61,1,0.385,train,1
1,12,NODE3,CH28,-48.9,1,0.493,train,1
1,12,NODE4,CH28,-42.49,1,0.723,train,1
1,12,NODE5,CH28,-47.32,1,0.415,train,1
1,12,NODE6,CH28,-51.91,1,0.401,train,1
1,12,NODE7,CH28,-42.73,1,0.701,train,1
1,12,NODE8,CH28,-40.38,1,0.762,train,1
1,12,NODE1,CH29,-98.49,0,0.712,train,1
1,12,NODE2,CH29,-94.1,0,0.445,train,1
1,12,NODE3,CH29,-98.4,0,0.48,train,1
1,12,NODE4,CH29,-99.74,0,0.752,train,1
1,12,NODE5,CH29,-102.57,0,0.43,train,1
1,12,NODE6,CH29,-94.59,0,0.383,train,1
1,12,NODE7,CH29,-97.43,0,0.726,train,1
1,12,NODE8,CH29,-94.04,0,0.824,train,1
1,12,NODE1,CH30,-43.13,1,0.747,train,1
1,12,NODE2,CH30,-48.36,1,0.374,train,1
1,12,NODE3,CH30,-48.88,1,0.457,train,1
1,12,NODE4,CH30,-40.21,1,0.742,train,1
1,12,NODE5,CH30,-51.3,1,0.415,train,1
1,12,NODE6,CH30,-48.34,1,0.389,train,1
1,12,NODE7,CH30,-42.58,1,0.734,train,1
1,12,NODE8,CH30,-43.62,1,0.852,train,1
1,12,NODE1,CH31,-41.2,1,0.654,train,1
1,12,NODE2,CH31,-49.76,1,0.327,train,1
1,12,NODE3,CH31,-49.18,1,0.438,train,1
1,12,NODE4,CH31,-42.74,1,0.793,train,1
1,12,NODE5,CH31,-47.88,1,0.413,train,1
1,12,NODE6,CH31,-49.23,1,0.406,train,1
1,12,NODE7,CH31,-40.5,1,0.685,train,1
1,12,NODE8,CH31,-40.4,1,0.792,train,1
1,12,NODE1,CH32,-42.27,1,0.671,train,1
1,12,NODE2,CH32,-51.58,1,0.482,train,1
1,12,NODE3,CH32,-48.8,1,0.476,train,1
1,12,NODE4,CH32,-42.17,1,0.739,train,1
1,12,NODE5,CH32,-50.64,1,0.338,train,1
1,12,NODE6,CH32,-49.14,1,0.0,train,1
1,12,NODE7,CH32,-41.71,1,0.706,train,1
1,12,NODE8,CH32,-42.56,1,0.788,train,1
1,12,NODE1,CH33,-44.04,1,0.702,train,1
1,12,NODE2,CH33,-51.57,1,0.379,train,1
1,12,NODE3,CH33,-46.8,1,0.479,train,1
1,12,NODE4,CH33,-42.0,1,0.773,train,1
1,12,NODE5,CH33,-51.06,1,0.425,train,1
1,12,NODE6,CH33,-51.14,1,0.424,train,1
1,12,NODE7,CH33,-44.6,1,0.735,train,1
1,12,NODE8,CH33,-43.21,1,0.779,train,1
1,12,NODE1,CH34,-97.02,0,0.652,train,1
1,12,NODE2,CH34,-96.84,0,0.397,train,1
1,12,NODE3,CH34,-97.98,0,0.514,train,1
1,12,NODE4,CH34,-95.82,0,0.767,train,1
1,12,NODE5,CH34,-97.57,0,0.391,train,1
1,12,NODE6,CH34,-96.06,0,0.41,train,1
1,12,NODE7,CH34,-95.41,0,0.69,train,1
1,12,NODE8,CH34,-100.21,0,0.806,train,1
1,12,NODE1,CH35,-41.06,1,0.699,train,1
1,12,NODE2,CH35,-49.85,1,0.37,train,1
1,12,NODE3,CH35,-46.77,1,0.492,train,1
1,12,NODE4,CH35,-43.94,1,0.752,train,1
1,12,NODE5,CH35,-50.05,1,0.374,train,1
1,12,NODE6,CH35,-48.96,1,0.414,train,1
1,12,NODE7,CH35,-41.62,1,0.777,train,1
1,12,NODE8,CH35,-41.94,1,0.835,train,1
1,12,NODE1,CH36,-44.16,1,0.708,train,1
1,12,NODE2,CH36,-51.95,1,0.362,train,1
1,12,NODE3,CH36,-46.43,1,0.547,train,1
1,12,NODE4,CH36,-40.4,1,0.749,train,1
1,12,NODE5,CH36,-48.94,1,0.383,train,1
1,12,NODE6,CH36,-48.41,1,0.44,train,1
1,12,NODE7,CH36,-43.37,1,0.758,train,1
1,12,NODE8,CH36,-41.98,1,0.78,train,1
1,12,NODE1,CH37,-93.52,0,0.678,train,1
1,12,NODE2,CH37,-107.08,0,0.364,train,1
1,12,NODE3,CH37,-95.32,0,0.539,train,1
1,12,NODE4,CH37,-98.66,0,0.784,train,1
1,12,NODE5,CH37,-96.31,0,0.415,train,1
1,12,NODE6,CH37,-99.72,0,0.438,train,1
1,12,NODE7,CH37,-97.49,0,0.758,train,1
1,12,NODE8,CH37,-92.15,0,0.765,train,1
1,12,NODE1,CH38,-44.54,1,0.727,train,1
1,12,NODE2,CH38,-49.48,1,0.332,train,1
1,12,NODE3,CH38,-50.19,1,0.517,train,1
1,12,NODE4,CH38,-39.74,1,0.762,train,1
1,12,NODE5,CH38,-48.83,1,0.367,train,1
1,12,NODE6,CH38,-48.4,1,0.409,train,1
1,12,NODE7,CH38,-41.3,1,0.741,train,1
1,12,NODE8,CH38,-40.74,1,0.783,train,1
1,12,NODE1,CH39,-43.16,1,0.637,train,1
1,12,NODE2,CH39,-48.25,1,0.327,train,1
1,12,NODE3,CH39,-48.62,1,0.473,train,1
1,12,NODE4,CH39,-38.52,1,0.808,train,1
1,12,NODE5,CH39,-53.92,1,0.388,train,1
1,12,NODE6,CH39,-49.33,1,0.409,train,1
1,12,NODE7,CH39,-41.86,1,0.706,train,1
1,12,NODE8,CH39,-42.17,1,0.811,train,1
1,12,NODE1,CH40,-95.48,0,0.674,train,1
1,12,NODE2,CH40,-96.87,0,0.331,train,1
1,12,NODE3,CH40,-101.16,0,0.506,train,1
1,12,NODE4,CH40,-101.85,0,0.811,train,1
1,12,NODE5,CH40,-100.41,0,0.393,train,1
1,12,NODE6,CH40,-97.3,0,0.451,train,1
1,12,NODE7,CH40,-90.5,0,0.702,train,1
1,12,NODE8,CH40,-100.44,0,0.752,train,1
1,13,NODE1,CH21,-95.55,0,0.755,train,1
1,13,NODE2,CH21,-94.76,0,0.353,train,1
1,13,NODE3,CH21,-97.5,0,0.518,train,1
1,13,NODE4,CH21,-88.83,0,0.844,train,1
1,13,NODE5,CH21,-96.57,0,0.372,train,1
1,13,NODE6,CH21,-95.4,0,0.407,train,1
1,13,NODE7,CH21,-96.7,0,0.771,train,1
1,13,NODE8,CH21,-92.93,0,0.777,train,1
1,13,NODE1,CH22,-96.11,0,0.684,train,1
1,13,NODE2,CH22,-101.32,0,0.398,train,1
1,13,NODE3,CH22,-99.17,0,0.509,train,1
1,13,NODE4,CH22,-94.98,0,0.798,train,1
1,13,NODE5,CH22,-96.41,0,0.452,train,1
1,13,NODE6,CH22,-106.42,0,0.426,train,1
1,13,NODE7,CH22,-95.92,0,0.707,train,1
1,13,NODE8,CH22,-98.62,0,0.748,train,1
1,13,NODE1,CH23,-43.89,1,0.692,train,1
1,13,NODE2,CH23,-49.86,1,0.458,train,1
1,13,NODE3,CH23,-45.3,1,0.48,train,1
1,13,NODE4,CH23,-39.77,1,0.77,train,1
1,13,NODE5,CH23,-50.1,1,0.361,train,1
1,13,NODE6,CH23,-48.58,1,0.369,train,1
1,13,NODE7,CH23,-44.23,1,0.732,train,1
1,13,NODE8,CH23,-40.22,1,0.803,train,1
1,13,NODE1,CH24,-43.41,1,0.632,train,1
1,13,NODE2,CH24,-52.88,1,0.367,train,1
1,13,NODE3,CH24,-48.09,1,0.477,train,1
1,13,NODE4,CH24,-40.94,1,0.76,train,1
1,13,NODE5,CH24,-48.68,1,0.398,train,1
1,13,NODE6,CH24,-50.38,1,0.397,train,1
1,13,NODE7,CH24,-42.13,1,0.73,train,1
1,13,NODE8,CH24,-41.03,1,0.819,train,1
1,13,NODE1,CH25,-41.58,1,0.682,train,1
1,13,NODE2,CH25,-52.02,1,0.411,train,1
1,13,NODE3,CH25,-47.86,1,0.504,train,1
1,13,NODE4,CH25,-40.45,1,0.781,train,1
1,13,NODE5,CH25,-51.6,1,0.407,train,1
1,13,NODE6,CH25,-48.93,1,0.456,train,1
1,13,NODE7,CH25,-44.62,1,0.709,train,1
1,13,NODE8,CH25,-40.51,1,0.795,train,1
1,13,NODE1,CH26,-42.53,1,0.692,train,1
1,13,NODE2,CH26,-50.03,1,0.364,train,1
1,13,NODE3,CH26,-48.42,1,0.486,train,1
1,13,NODE4,CH26,-41.59,1,0.748,train,1
1,13,NODE5,CH26,-52.05,1,0.395,train,1
1,13,NODE6,CH26,-49.68,1,0.412,train,1
1,13,NODE7,CH26,-43.79,1,0.688,train,1
1,13,NODE8,CH26,-37.84,1,0.746,train,1
1,13,NODE1,CH27,-42.28,1,0.643,train,1
1,13,NODE2,CH27,-48.01,1,0.387,train,1
1,13,NODE3,CH27,-45.75,1,0.51,train,1
1,13,NODE4,CH27,-41.13,1,0.729,train,1
1,13,NODE5,CH27,-50.58,1,0.432,train,1
1,13,NODE6,CH27,-48.93,1,0.42,train,1
1,13,NODE7,CH27,-40.7,1,0.696,train,1
1,13,NODE8,CH27,-41.54,1,0.815,train,1
1,13,NODE1,CH28,-41.85,1,0.721,train,1
1,13,NODE2,CH28,-48.19,1,0.422,train,1
1,13,NODE3,CH28,-46.57,1,0.516,train,1
1,13,NODE4,CH28,-39.35,1,0.781,train,1
1,13,NODE5,CH28,-52.0,1,0.399,train,1
1,13,NODE6,CH28,-50.13,1,0.37,train,1
1,13,NODE7,CH28,-44.65,1,0.743,train,1
1,13,NODE8,CH28,-40.09,1,0.72,train,1
1,13,NODE1,CH29,-95.85,0,0.702,train,1
1,13,NODE2,CH29,-94.6,0,0.388,train,1
1,13,NODE3,CH29,-100.28,0,0.455,train,1
1,13,NODE4,CH29,-93.32,0,0.793,train,1
1,13,NODE5,CH29,-99.03,0,0.39,train,1
1,13,NODE6,CH29,-103.48,0,0.426,train,1
1,13,NODE7,CH29,-94.75,0,0.715,train,1
1,13,NODE8,CH29,-94.1,0,0.8,train,1
1,13,NODE1,CH30,-43.44,1,0.666,train,1
1,13,NODE2,CH30,-49.51,1,0.345,train,1
1,13,NODE3,CH30,-48.05,1,0.429,train,1
1,13,NODE4,CH30,-41.87,1,0.761,train,1
1,13,NODE5,CH30,-47.89,1,0.394,train,1
1,13,NODE6,CH30,-47.76,1,0.42,train,1
1,13,NODE7,CH30,-41.68,1,0.664,train,1
1,13,NODE8,CH30,-41.1,1,0.803,train,1
1,13,NODE1,CH31,-42.41,1,0.698,train,1
1,13,NODE2,CH31,-51.58,1,0.356,train,1
1,13,NODE3,CH31,-47.3,1,0.466,train,1
1,13,NODE4,CH31,-42.91,1,0.779,train,1
1,13,NODE5,CH31,-50.21,1,0.389,train,1
1,13,NODE6,CH31,-48.61,1,0.475,train,1
1,13,NODE7,CH31,-44.29,1,0.719,train,1
1,13,NODE8,CH31,-41.59,1,0.804,train,1
1,13,NODE1,CH32,-40.78,1,0.651,train,1
1,13,NODE2,CH32,-48.53,1,0.404,train,1
1,13,NODE3,CH32,-47.13,1,0.541,train,1
1,13,NODE4,CH32,-39.34,1,0.763,train,1
1,13,NODE5,CH32,-50.36,1,0.417,train,1
1,13,NODE6,CH32,-50.58,1,0.437,train,1
1,13,NODE7,CH32,-44.59,1,0.717,train,1
1,13,NODE8,CH32,-38.47,1,0.791,train,1
1,13,NODE1,CH33,-42.66,1,0.701,train,1
1,13,NODE2,CH33,-47.59,1,0.413,train,1
1,13,NODE3,CH33,-49.94,1,0.493,train,1
1,13,NODE4,CH33,-39.38,1,0.749,train,1
1,13,NODE5,CH33,-48.83,1,0.439,train,1
1,13,NODE6,CH33,-49.88,1,0.417,train,1
1,13,NODE7,CH33,-42.13,1,0.724,train,1
1,13,NODE8,CH33,-38.62,1,0.8,train,1
1,13,NODE1,CH34,-42.99,1,0.667,train,1
1,13,NODE2,CH34,-51.3,1,0.357,train,1
1,13,NODE3,CH34,-47.64,1,0.462,train,1
1,13,NODE4,CH34,-43.03,1,0.803,train,1
1,13,NODE5,CH34,-48.17,1,0.358,train,1
1,13,NODE6,CH34,-49.42,1,0.475,train,1
1,13,NODE7,CH34,-40.78,1,0.778,train,1
1,13,NODE8,CH34,-40.54,1,0.796,train,1
1,13,NODE1,CH35,-45.41,1,0.647,train,1
1,13,NODE2,CH35,-47.89,1,0.396,train,1
1,13,NODE3,CH35,-48.34,1,0.503,train,1
1,13,NODE4,CH35,-41.03,1,0.832,train,1
1,13,NODE5,CH35,-51.59,1,0.439,train,1
1,13,NODE6,CH35,-49.11,1,0.408,train,1
1,13,NODE7,CH35,-43.72,1,0.739,train,1
1,13,NODE8,CH35,-43.32,1,0.783,train,1
1,13,NODE1,CH36,-43.45,1,0.686,train,1
1,13,NODE2,CH36,-50.22,1,0.425,train,1
1,13,NODE3,CH36,-46.71,1,0.534,train,1
1,13,NODE4,CH36,-40.06,1,0.777,train,1
1,13,NODE5,CH36,-52.38,1,0.438,train,1
1,13,NODE6,CH36,-52.74,1,0.426,train,1
1,13,NODE7,CH36,-41.17,1,0.734,train,1
1,13,NODE8,CH36,-38.22,1,0.725,train,1
1,13,NODE1,CH37,-44.01,1,0.744,train,1
1,13,NODE2,CH37,-52.29,1,0.4,train,1
1,13,NODE3,CH37,-47.85,1,0.509,train,1
1,13,NODE4,CH37,-40.98,1,0.736,train,1
1,13,NODE5,CH37,-50.58,1,0.364,train,1
1,13,NODE6,CH37,-50.35,1,0.388,train,1
1,13,NODE7,CH37,-41.85,1,0.697,train,1
1,13,NODE8,CH37,-39.59,1,0.828,train,1
1,13,NODE1,CH38,-94.74,0,0.682,train,1
1,13,NODE2,CH38,-104.77,0,0.403,train,1
1,13,NODE3,CH38,-96.27,0,0.513,train,1
1,13,NODE4,CH38,-95.11,0,0.74,train,1
1,13,NODE5,CH38,-102.89,0,0.363,train,1
1,13,NODE6,CH38,-96.62,0,0.495,train,1
1,13,NODE7,CH38,-93.88,0,0.706,train,1
1,13,NODE8,CH38,-99.71,0,0.802,train,1
1,13,NODE1,CH39,-88.79,0,0.685,train,1
1,13,NODE2,CH39,-96.2,0,0.408,train,1
1,13,NODE3,CH39,-100.2,0,0.542,train,1
1,13,NODE4,CH39,-98.41,0,0.78,train,1
1,13,NODE5,CH39,-96.3,0,0.376,train,1
1,13,NODE6,CH39,-98.49,0,0.349,train,1
1,13,NODE7,CH39,-94.44,0,0.723,train,1
1,13,NODE8,CH39,-96.37,0,0.827,train,1
1,13,NODE1,CH40,-38.74,1,0.725,train,1
1,13,NODE2,CH40,-49.6,1,0.448,train,1
1,13,NODE3,CH40,-46.67,1,0.491,train,1
1,13,NODE4,CH40,-42.66,1,0.79,train,1
1,13,NODE5,CH40,-52.69,1,0.421,train,1
1,13,NODE6,CH40,-49.57,1,0.401,train,1
1,13,NODE7,CH40,-44.96,1,0.704,train,1
1,13,NODE8,CH40,-39.35,1,0.751,train,1
1,14,NODE1,CH21,-39.7,1,0.691,train,1
1,14,NODE2,CH21,-50.95,1,0.386,train,1
1,14,NODE3,CH21,-46.68,1,0.489,train,1
1,14,NODE4,CH21,-40.08,1,0.773,train,1
1,14,NODE5,CH21,-49.07,1,0.367,train,1
1,14,NODE6,CH21,-49.35,1,0.405,train,1
1,14,NODE7,CH21,-43.5,1,0.709,train,1
1,14,NODE8,CH21,-41.23,1,0.76,train,1
1,14,NODE1,CH22,-41.77,1,0.697,train,1
1,14,NODE2,CH22,-51.62,1,0.387,train,1
1,14,NODE3,CH22,-49.63,1,0.491,train,1
1,14,NODE4,CH22,-40.85,1,0.798,train,1
1,14,NODE5,CH22,-52.36,1,0.4,train,1
1,14,NODE6,CH22,-47.83,1,0.367,train,1
1,14,NODE7,CH22,-39.21,1,0.694,train,1
1,14,NODE8,CH22,-39.33,1,0.825,train,1
1,14,NODE1,CH23,-39.96,1,0.715,train,1
1,14,NODE2,CH23,-51.33,1,0.345,train,1
1,14,NODE3,CH23,-47.89,1,0.486,train,1
1,14,NODE4,CH23,-40.3,1,0.803,train,1
1,14,NODE5,CH23,-52.19,1,0.419,train,1
1,14,NODE6,CH23,-48.9,1,0.406,train,1
1,14,NODE7,CH23,-40.84,1,0.761,train,1
1,14,NODE8,CH23,-41.19,1,0.814,train,1
1,14,NODE1,CH24,-43.86,1,0.735,train,1
1,14,NODE2,CH24,-48.33,1,0.389,train,1
1,14,NODE3,CH24,-46.67,1,0.497,train,1
1,14,NODE4,CH24,-41.22,1,0.754,train,1
1,14,NODE5,CH24,-50.17,1,0.426,train,1
1,14,NODE6,CH24,-47.46,1,0.457,train,1
1,14,NODE7,CH24,-40.87,1,0.738,train,1
1,14,NODE8,CH24,-42.81,1,0.776,train,1
1,14,NODE1,CH25,-41.79,1,0.672,train,1
1,14,NODE2,CH25,-50.07,1,0.436,train,1
1,14,NODE3,CH25,-49.53,1,0.465,train,1
1,14,NODE4,CH25,-42.16,1,0.753,train,1
1,14,NODE5,CH25,-49.65,1,0.408,train,1
1,14,NODE6,CH25,-50.25,1,0.399,train,1
1,14,NODE7,CH25,-44.62,1,0.696,train,1
1,14,NODE8,CH25,-42.55,1,0.803,train,1
1,14,NODE1,CH26,-40.69,1,0.663,train,1
1,14,NODE2,CH26,-49.35,1,0.446,train,1
1,14,NODE3,CH26,-48.84,1,0.506,train,1
1,14,NODE4,CH26,-42.58,1,0.771,train,1
1,14,NODE5,CH26,-49.89,1,0.391,train,1
1,14,NODE6,CH26,-48.03,1,0.439,train,1
1,14,NODE7,CH26,-44.42,1,0.746,train,1
1,14,NODE8,CH26,-42.98,1,0.766,train,1
1,14,NODE1,CH27,-45.09,1,0.644,train,1
1,14,NODE2,CH27,-49.27,1,0.383,train,1
1,14,NODE3,CH27,-47.37,1,0.488,train,1
1,14,NODE4,CH27,-41.67,1,0.75,train,1
1,14,NODE5,CH27,-50.81,1,0.432,train,1
1,14,NODE6,CH27,-49.21,1,0.469,train,1
1,14,NODE7,CH27,-42.6,1,0.684,train,1
1,14,NODE8,CH27,-40.35,1,0.784,train,1
1,14,NODE1,CH28,-91.69,0,0.655,train,1
1,14,NODE2,CH28,-97.01,0,0.419,train,1
1,14,NODE3,CH28,-93.59,0,0.488,train,1
1,14,NODE4,CH28,-93.43,0,0.785,train,1
1,14,NODE5,CH28,-94.45,0,0.394,train,1
1,14,NODE6,CH28,-92.95,0,0.44,train,1
1,14,NODE7,CH28,-97.53,0,0.687,train,1
1,14,NODE8,CH28,-97.49,0,0.799,train,1
1,14,NODE1,CH29,-41.46,1,0.676,train,1
1,14,NODE2,CH29,-49.13,1,0.402,train,1
1,14,NODE3,CH29,-49.53,1,0.492,train,1
1,14,NODE4,CH29,-42.9,1,0.738,train,1
1,14,NODE5,CH29,-51.64,1,0.391,train,1
1,14,NODE6,CH29,-50.17,1,0.451,train,1
1,14,NODE7,CH29,-42.81,1,0.703,train,1
1,14,NODE8,CH29,-40.71,1,0.81,train,1
1,14,NODE1,CH30,-42.31,1,0.698,train,1
1,14,NODE2,CH30,-48.76,1,0.445,train,1
1,14,NODE3,CH30,-47.1,1,0.508,train,1
1,14,NODE4,CH30,-39.3,1,0.801,train,1
1,14,NODE5,CH30,-48.14,1,0.408,train,1
1,14,NODE6,CH30,-50.41,1,0.442,train,1
1,14,NODE7,CH30,-43.52,1,0.682,train,1
1,14,NODE8,CH30,-42.38,1,0.818,train,1
1,14,NODE1,CH31,-41.24,1,0.706,train,1
1,14,NODE2,CH31,-50.41,1,0.398,train,1
1,14,NODE3,CH31,-48.52,1,0.466,train,1
1,14,NODE4,CH31,-41.21,1,0.834,train,1
1,14,NODE5,CH31,-50.79,1,0.415,train,1
1,14,NODE6,CH31,-49.14,1,0.501,train,1
1,14,NODE7,CH31,-41.67,1,0.682,train,1
1,14,NODE8,CH31,-41.96,1,0.801,train,1
1,14,NODE1,CH32,-42.02,1,0.663,train,1
1,14,NODE2,CH32,-46.47,1,0.417,train,1
1,14,NODE3,CH32,-48.91,1,0.481,train,1
1,14,NODE4,CH32,-38.75,1,0.688,train,1
1,14,NODE5,CH32,-50.26,1,0.342,train,1
1,14,NODE6,CH32,-51.25,1,0.387,train,1
1,14,NODE7,CH32,-43.67,1,0.701,train,1
1,14,NODE8,CH32,-41.69,1,0.836,train,1
1,14,NODE1,CH33,-104.82,0,0.633,train,1
1,14,NODE2,CH33,-98.48,0,0.418,train,1
1,14,NODE3,CH33,-97.46,0,0.469,train,1
1,14,NODE4,CH33,-95.75,0,0.756,train,1
1,14,NODE5,CH33,-98.92,0,0.381,train,1
1,14,NODE6,CH33,-96.15,0,0.412,train,1
1,14,NODE7,CH33,-92.24,0,0.745,train,1
1,14,NODE8,CH33,-99.15,0,0.787,train,1
1,14,NODE1,CH34,-43.54,1,0.661,train,1
1,14,NODE2,CH34,-47.6,1,0.434,train,1
1,14,NODE3,CH34,-48.43,1,0.477,train,1
1,14,NODE4,CH34,-42.2,1,0.78,train,1
1,14,NODE5,CH34,-48.14,1,0.372,train,1
1,14,NODE6,CH34,-48.57,1,0.432,train,1
1,14,NODE7,CH34,-40.81,1,0.75,train,1
1,14,NODE8,CH34,-40.48,1,0.804,train,1
1,14,NODE1,CH35,-42.29,1,0.727,train,1
1,14,NODE2,CH35,-51.51,1,0.383,train,1
1,14,NODE3,CH35,-46.68,1,0.531,train,1
1,14,NODE4,CH35,-41.27,1,0.747,train,1
1,14,NODE5,CH35,-51.68,1,0.424,train,1
1,14,NODE6,CH35,-47.17,1,0.39,train,1
1,14,NODE7,CH35,-42.26,1,0.696,train,1
1,14,NODE8,CH35,-36.61,1,0.757,train,1
1,14,NODE1,CH36,-42.33,1,0.666,train,1
1,14,NODE2,CH36,-49.54,1,0.371,train,1
1,14,NODE3,CH36,-47.74,1,0.443,train,1
1,14,NODE4,CH36,-40.29,1,0.798,train,1
1,14,NODE5,CH36,-50.17,1,0.398,train,1
1,14,NODE6,CH36,-50.8,1,0.442,train,1
1,14,NODE7,CH36,-43.16,1,0.768,train,1
1,14,NODE8,CH36,-39.69,1,0.788,train,1
1,14,NODE1,CH37,-93.54,0,0.642,train,1
1,14,NODE2,CH37,-99.47,0,0.402,train,1
1,14,NODE3,CH37,-98.87,0,0.512,train,1
1,14,NODE4,CH37,-99.42,0,0.803,train,1
1,14,NODE5,CH37,-101.56,0,0.399,train,1
1,14,NODE6,CH37,-98.14,0,0.449,train,1
1,14,NODE7,CH37,-95.94,0,0.738,train,1
1,14,NODE8,CH37,-98.79,0,0.796,train,1
1,14,NODE1,CH38,-101.38,0,0.725,train,1
1,14,NODE2,CH38,-96.19,0,0.408,train,1
1,14,NODE3,CH38,-101.22,0,0.482,train,1
1,14,NODE4,CH38,-101.01,0,0.784,train,1
1,14,NODE5,CH38,-100.96,0,0.443,train,1
1,14,NODE6,CH38,-99.3,0,0.372,train,1
1,14,NODE7,CH38,-97.46,0,0.708,train,1
1,14,NODE8,CH38,-96.22,0,0.788,train,1
1,14,NODE1,CH39,-43.76,1,0.701,train,1
1,14,NODE2,CH39,-48.33,1,0.413,train,1
1,14,NODE3,CH39,-49.48,1,0.499,train,1
1,14,NODE4,CH39,-43.76,1,0.771,train,1
1,14,NODE5,CH39,-51.15,1,0.408,train,1
1,14,NODE6,CH39,-46.57,1,0.39,train,1
1,14,NODE7,CH39,-40.71,1,0.748,train,1
1,14,NODE8,CH39,-42.53,1,0.814,train,1
1,14,NODE1,CH40,-41.07,1,0.655,train,1
1,14,NODE2,CH40,-49.54,1,0.397,train,1
1,14,NODE3,CH40,-45.06,1,0.515,train,1
1,14,NODE4,CH40,-39.09,1,0.782,train,1
1,14,NODE5,CH40,-50.1,1,0.384,train,1
1,14,NODE6,CH40,-48.76,1,0.423,train,1
1,14,NODE7,CH40,-42.55,1,0.704,train,1
1,14,NODE8,CH40,-40.32,1,0.763,train,1
1,15,NODE1,CH21,-46.65,1,0.737,train,1
1,15,NODE2,CH21,-49.7,1,0.336,train,1
1,15,NODE3,CH21,-49.08,1,0.481,train,1
1,15,NODE4,CH21,-42.46,1,0.773,train,1
1,15,NODE5,CH21,-52.48,1,0.378,train,1
1,15,NODE6,CH21,-47.88,1,0.344,train,1
1,15,NODE7,CH21,-46.23,1,0.714,train,1
1,15,NODE8,CH21,-41.0,1,0.796,train,1
1,15,NODE1,CH22,-43.02,1,0.66,train,1
1,15,NODE2,CH22,-49.89,1,0.421,train,1
1,15,NODE3,CH22,-49.51,1,0.501,train,1
1,15,NODE4,CH22,-41.84,1,0.752,train,1
1,15,NODE5,CH22,-50.85,1,0.375,train,1
1,15,NODE6,CH22,-48.01,1,0.437,train,1
1,15,NODE7,CH22,-39.32,1,0.74,train,1
1,15,NODE8,CH22,-41.04,1,0.808,train,1
1,15,NODE1,CH23,-43.1,1,0.705,train,1
1,15,NODE2,CH23,-49.33,1,0.379,train,1
1,15,NODE3,CH23,-47.77,1,0.509,train,1
1,15,NODE4,CH23,-40.8,1,0.837,train,1
1,15,NODE5,CH23,-47.49,1,0.39,train,1
1,15,NODE6,CH23,-48.71,1,0.36,train,1
1,15,NODE7,CH23,-41.64,1,0.747,train,1
1,15,NODE8,CH23,-40.3,1,0.807,train,1
1,15,NODE1,CH24,-42.12,1,0.696,train,1
1,15,NODE2,CH24,-49.92,1,0.399,train,1
1,15,NODE3,CH24,-47.84,1,0.476,train,1
1,15,NODE4,CH24,-42.75,1,0.785,train,1
1,15,NODE5,CH24,-49.0,1,0.405,train,1
1,15,NODE6,CH24,-49.52,1,0.395,train,1
1,15,NODE7,CH24,-41.46,1,0.701,train,1
1,15,NODE8,CH24,-41.35,1,0.761,train,1
1,15,NODE1,CH25,-42.78,1,0.709,train,1
1,15,NODE2,CH25,-51.3,1,0.423,train,1
1,15,NODE3,CH25,-49.45,1,0.522,train,1
1,15,NODE4,CH25,-42.09,1,0.779,train,1
1,15,NODE5,CH25,-48.74,1,0.362,train,1
1,15,NODE6,CH25,-51.11,1,0.447,train,1
1,15,NODE7,CH25,-42.82,1,0.67,train,1
1,15,NODE8,CH25,-37.44,1,0.768,train,1
1,15,NODE1,CH26,-100.71,0,0.664,train,1
1,15,NODE2,CH26,-100.1,0,0.384,train,1
1,15,NODE3,CH26,-99.17,0,0.526,train,1
1,15,NODE4,CH26,-100.58,0,0.776,train,1
1,15,NODE5,CH26,-101.17,0,0.418,train,1
1,15,NODE6,CH26,-102.2,0,0.391,train,1
1,15,NODE7,CH26,-97.66,0,0.682,train,1
1,15,NODE8,CH26,-95.96,0,0.752,train,1
1,15,NODE1,CH27,-42.91,1,0.711,train,1
1,15,NODE2,CH27,-49.37,1,0.396,train,1
1,15,NODE3,CH27,-46.41,1,0.527,train,1
1,15,NODE4,CH27,-39.36,1,0.799,train,1
1,15,NODE5,CH27,-48.7,1,0.389,train,1
1,15,NODE6,CH27,-49.08,1,0.459,train,1
1,15,NODE7,CH27,-39.45,1,0.744,train,1
1,15,NODE8,CH27,-37.6,1,0.823,train,1
1,15,NODE1,CH28,-44.57,1,0.642,train,1
1,15,NODE2,CH28,-48.63,1,0.38,train,1
1,15,NODE3,CH28,-48.18,1,0.491,train,1
1,15,NODE4,CH28,-41.65,1,0.738,train,1
1,15,NODE5,CH28,-49.69,1,0.389,train,1
1,15,NODE6,CH28,-51.92,1,0.432,train,1
1,15,NODE7,CH28,-39.17,1,0.651,train,1
1,15,NODE8,CH28,-39.14,1,0.792,train,1
1,15,NODE1,CH29,-42.65,1,0.625,train,1
1,15,NODE2,CH29,-49.46,1,0.397,train,1
1,15,NODE3,CH29,-47.68,1,0.493,train,1
1,15,NODE4,CH29,-42.65,1,0.741,train,1
1,15,NODE5,CH29,-49.98,1,0.434,train,1
1,15,NODE6,CH29,-50.54,1,0.379,train,1
1,15,NODE7,CH29,-42.72,1,0.656,train,1
1,15,NODE8,CH29,-39.77,1,0.834,train,1
1,15,NODE1,CH30,-43.71,1,0.708,train,1
1,15,NODE2,CH30,-46.57,1,0.425,train,1
1,15,NODE3,CH30,-45.57,1,0.509,train,1
1,15,NODE4,CH30,-39.7,1,0.709,train,1
1,15,NODE5,CH30,-51.9,1,0.403,train,1
1,15,NODE6,CH30,-49.34,1,0.0,train,1
1,15,NODE7,CH30,-40.13,1,0.696,train,1
1,15,NODE8,CH30,-40.06,1,0.785,train,1
1,15,NODE1,CH31,-43.76,1,0.763,train,1
1,15,NODE2,CH31,-50.6,1,0.425,train,1
1,15,NODE3,CH31,-49.09,1,0.488,train,1
1,15,NODE4,CH31,-44.04,1,0.762,train,1
1,15,NODE5,CH31,-50.64,1,0.464,train,1
1,15,NODE6,CH31,-52.12,1,0.426,train,1
1,15,NODE7,CH31,-41.19,1,0.718,train,1
1,15,NODE8,CH31,-40.63,1,0.779,train,1
1,15,NODE1,CH32,-95.63,0,0.706,train,1
1,15,NODE2,CH32,-95.06,0,0.42,train,1
1,15,NODE3,CH32,-96.74,0,0.524,train,1
1,15,NODE4,CH32,-91.15,0,0.823,train,1
1,15,NODE5,CH32,-98.67,0,0.394,train,1
1,15,NODE6,CH32,-96.81,0,0.444,train,1
1,15,NODE7,CH32,-95.76,0,0.763,train,1
1,15,NODE8,CH32,-98.53,0,0.789,train,1
1,15,NODE1,CH33,-44.09,1,0.697,train,1
1,15,NODE2,CH33,-51.31,1,0.451,train,1
1,15,NODE3,CH33,-46.26,1,0.457,train,1
1,15,NODE4,CH33,-41.48,1,0.74,train,1
1,15,NODE5,CH33,-51.27,1,0.397,train,1
1,15,NODE6,CH33,-46.88,1,0.433,train,1
1,15,NODE7,CH33,-41.19,1,0.695,train,1
1,15,NODE8,CH33,-39.28,1,0.762,train,1
1,15,NODE1,CH34,-43.33,1,0.728,train,1
1,15,NODE2,CH34,-49.21,1,0.424,train,1
1,15,NODE3,CH34,-49.16,1,0.513,train,1
1,15,NODE4,CH34,-40.79,1,0.732,train,1
1,15,NODE5,CH34,-50.16,1,0.37,train,1
1,15,NODE6,CH34,-50.16,1,0.432,train,1
1,15,NODE7,CH34,-41.42,1,0.741,train,1
1,15,NODE8,CH34,-38.49,1,0.789,train,1
1,15,NODE1,CH35,-41.22,1,0.741,train,1
1,15,NODE2,CH35,-49.68,1,0.353,train,1
1,15,NODE3,CH35,-49.21,1,0.0,train,1
1,15,NODE4,CH35,-42.17,1,0.778,train,1
1,15,NODE5,CH35,-51.39,1,0.404,train,1
1,15,NODE6,CH35,-51.75,1,0.456,train,1
1,15,NODE7,CH35,-43.19,1,0.692,train,1
1,15,NODE8,CH35,-40.45,1,0.809,train,1
1,15,NODE1,CH36,-43.63,1,0.686,train,1
1,15,NODE2,CH36,-51.73,1,0.437,train,1
1,15,NODE3,CH36,-46.89,1,0.525,train,1
1,15,NODE4,CH36,-42.24,1,0.781,train,1
1,15,NODE5,CH36,-51.74,1,0.372,train,1
1,15,NODE6,CH36,-49.48,1,0.394,train,1
1,15,NODE7,CH36,-43.2,1,0.684,train,1
1,15,NODE8,CH36,-38.84,1,0.791,train,1
1,15,NODE1,CH37,-43.75,1,0.726,train,1
1,15,NODE2,CH37,-50.32,1,0.412,train,1
1,15,NODE3,CH37,-49.13,1,0.569,train,1
1,15,NODE4,CH37,-42.17,1,0.815,train,1
1,15,NODE5,CH37,-48.26,1,0.453,train,1
1,15,NODE6,CH37,-47.43,1,0.448,train,1
1,15,NODE7,CH37,-39.59,1,0.708,train,1
1,15,NODE8,CH37,-41.43,1,0.841,train,1
1,15,NODE1,CH38,-95.21,0,0.622,train,1
1,15,NODE2,CH38,-95.47,0,0.39,train,1
1,15,NODE3,CH38,-97.93,0,0.547,train,1
1,15,NODE4,CH38,-94.32,0,0.798,train,1
1,15,NODE5,CH38,-95.09,0,0.403,train,1
1,15,NODE6,CH38,-93.39,0,0.416,train,1
1,15,NODE7,CH38,-97.78,0,0.735,train,1
1,15,NODE8,CH38,-97.31,0,0.817,train,1
1,15,NODE1,CH39,-40.86,1,0.682,train,1
1,15,NODE2,CH39,-49.97,1,0.403,train,1
1,15,NODE3,CH39,-47.96,1,0.553,train,1
1,15,NODE4,CH39,-41.33,1,0.744,train,1
1,15,NODE5,CH39,-51.11,1,0.407,train,1
1,15,NODE6,CH39,-50.41,1,0.378,train,1
1,15,NODE7,CH39,-41.08,1,0.677,train,1
1,15,NODE8,CH39,-38.77,1,0.788,train,1
1,15,NODE1,CH40,-40.58,1,0.675,train,1
1,15,NODE2,CH40,-48.4,1,0.383,train,1
1,15,NODE3,CH40,-47.04,1,0.496,train,1
1,15,NODE4,CH40,-41.45,1,0.759,train,1
1,15,NODE5,CH40,-49.0,1,0.401,train,1
1,15,NODE6,CH40,-49.91,1,0.363,train,1
1,15,NODE7,CH40,-42.29,1,0.73,train,1
1,15,NODE8,CH40,-38.59,1,0.787,train,1
1,16,NODE1,CH21,-43.5,1,0.736,train,1
1,16,NODE2,CH21,-51.32,1,0.446,train,1
1,16,NODE3,CH21,-49.09,1,0.439,train,1
1,16,NODE4,CH21,-37.78,1,0.792,train,1
1,16,NODE5,CH21,-50.59,1,0.389,train,1
1,16,NODE6,CH21,-47.48,1,0.431,train,1
1,16,NODE7,CH21,-41.53,1,0.751,train,1
1,16,NODE8,CH21,-42.3,1,0.777,train,1
1,16,NODE1,CH22,-93.67,0,0.665,train,1
1,16,NODE2,CH22,-93.18,0,0.344,train,1
1,16,NODE3,CH22,-102.24,0,0.516,train,1
1,16,NODE4,CH22,-99.66,0,0.844,train,1
1,16,NODE5,CH22,-96.27,0,0.313,train,1
1,16,NODE6,CH22,-99.57,0,0.389,train,1
1,16,NODE7,CH22,-93.6,0,0.769,train,1
1,16,NODE8,CH22,-99.54,0,0.777,train,1
1,16,NODE1,CH23,-94.52,0,0.647,train,1
1,16,NODE2,CH23,-95.79,0,0.426,train,1
1,16,NODE3,CH23,-94.32,0,0.513,train,1
1,16,NODE4,CH23,-92.34,0,0.754,train,1
1,16,NODE5,CH23,-98.12,0,0.442,train,1
1,16,NODE6,CH23,-99.81,0,0.427,train,1
1,16,NODE7,CH23,-97.06,0,0.722,train,1
1,16,NODE8,CH23,-95.31,0,0.856,train,1
1,16,NODE1,CH24,-103.09,0,0.664,train,1
1,16,NODE2,CH24,-98.28,0,0.406,train,1
1,16,NODE3,CH24,-101.18,0,0.463,train,1
1,16,NODE4,CH24,-95.28,0,0.776,train,1
1,16,NODE5,CH24,-96.41,0,0.426,train,1
1,16,NODE6,CH24,-103.96,0,0.455,train,1
1,16,NODE7,CH24,-99.25,0,0.695,train,1
1,16,NODE8,CH24,-97.24,0,0.769,train,1
1,16,NODE1,CH25,-45.38,1,0.708,train,1
1,16,NODE2,CH25,-51.55,1,0.434,train,1
1,16,NODE3,CH25,-46.89,1,0.522,train,1
1,16,NODE4,CH25,-39.21,1,0.825,train,1
1,16,NODE5,CH25,-51.04,1,0.389,train,1
1,16,NODE6,CH25,-47.43,1,0.434,train,1
1,16,NODE7,CH25,-43.14,1,0.708,train,1
1,16,NODE8,CH25,-39.45,1,0.805,train,1
1,16,NODE1,CH26,-40.92,1,0.651,train,1
1,16,NODE2,CH26,-48.49,1,0.38,train,1
1,16,NODE3,CH26,-47.37,1,0.505,train,1
1,16,NODE4,CH26,-40.89,1,0.816,train,1
1,16,NODE5,CH26,-47.04,1,0.361,train,1
1,16,NODE6,CH26,-49.61,1,0.435,train,1
1,16,NODE7,CH26,-43.01,1,0.714,train,1
1,16,NODE8,CH26,-40.49,1,0.812,train,1
1,16,NODE1,CH27,-42.06,1,0.716,train,1
1,16,NODE2,CH27,-50.83,1,0.384,train,1
1,16,NODE3,CH27,-49.04,1,0.491,train,1
1,16,NODE4,CH27,-39.97,1,0.781,train,1
1,16,NODE5,CH27,-51.08,1,0.38,train,1
1,16,NODE6,CH27,-49.42,1,0.448,train,1
1,16,NODE7,CH27,-44.02,1,0.732,train,1
1,16,NODE8,CH27,-41.04,1,0.763,train,1
1,16,NODE1,CH28,-43.65,1,0.737,train,1
1,16,NODE2,CH28,-51.28,1,0.431,train,1
1,16,NODE3,CH28,-48.89,1,0.0,train,1
1,16,NODE4,CH28,-39.25,1,0.764,train,1
1,16,NODE5,CH28,-47.7,1,0.381,train,1
1,16,NODE6,CH28,-49.03,1,0.422,train,1
1,16,NODE7,CH28,-41.19,1,0.698,train,1
1,16,NODE8,CH28,-41.06,1,0.801,train,1
1,16,NODE1,CH29,-43.92,1,0.736,train,1
1,16,NODE2,CH29,-49.34,1,0.413,train,1
1,16,NODE3,CH29,-47.73,1,0.494,train,1
1,16,NODE4,CH29,-42.01,1,0.818,train,1
1,16,NODE5,CH29,-49.87,1,0.398,train,1
1,16,NODE6,CH29,-48.87,1,0.445,train,1
1,16,NODE7,CH29,-40.51,1,0.73,train,1
1,16,NODE8,CH29,-41.27,1,0.829,train,1
1,16,NODE1,CH30,-43.36,1,0.628,train,1
1,16,NODE2,CH30,-50.59,1,0.362,train,1
1,16,NODE3,CH30,-47.89,1,0.481,train,1
1,16,NODE4,CH30,-41.92,1,0.742,train,1
1,16,NODE5,CH30,-49.88,1,0.447,train,1
1,16,NODE6,CH30,-49.05,1,0.432,train,1
1,16,NODE7,CH30,-42.32,1,0.714,train,1
1,16,NODE8,CH30,-41.7,1,0.772,train,1
1,16,NODE1,CH31,-43.07,1,0.72,train,1
1,16,NODE2,CH31,-49.11,1,0.414,train,1
1,16,NODE3,CH31,-45.64,1,0.495,train,1
1,16,NODE4,CH31,-42.03,1,0.757,train,1
1,16,NODE5,CH31,-48.92,1,0.319,train,1
1,16,NODE6,CH31,-48.56,1,0.424,train,1
1,16,NODE7,CH31,-42.81,1,0.696,train,1
1,16,NODE8,CH31,-36.84,1,0.727,train,1
1,16,NODE1,CH32,-40.64,1,0.726,train,1
1,16,NODE2,CH32,-49.06,1,0.457,train,1
1,16,NODE3,CH32,-46.95,1,0.459,train,1
1,16,NODE4,CH32,-42.03,1,0.772,train,1
1,16,NODE5,CH32,-49.15,1,0.365,train,1
1,16,NODE6,CH32,-48.85,1,0.456,train,1
1,16,NODE7,CH32,-41.65,1,0.727,train,1
1,16,NODE8,CH32,-43.34,1,0.842,train,1
1,16,NODE1,CH33,-41.73,1,0.643,train,1
1,16,NODE2,CH33,-49.1,1,0.384,train,1
1,16,NODE3,CH33,-47.74,1,0.471,train,1
1,16,NODE4,CH33,-37.96,1,0.772,train,1
1,16,NODE5,CH33,-50.37,1,0.416,train,1
1,16,NODE6,CH33,-47.91,1,0.42,train,1
1,16,NODE7,CH33,-44.78,1,0.733,train,1
1,16,NODE8,CH33,-40.18,1,0.874,train,1
1,16,NODE1,CH34,-42.05,1,0.666,train,1
1,16,NODE2,CH34,-48.07,1,0.411,train,1
1,16,NODE3,CH34,-49.16,1,0.47,train,1
1,16,NODE4,CH34,-38.3,1,0.756,train,1
1,16,NODE5,CH34,-47.98,1,0.401,train,1
1,16,NODE6,CH34,-47.85,1,0.437,train,1
1,16,NODE7,CH34,-43.1,1,0.667,train,1
1,16,NODE8,CH34,-40.81,1,0.81,train,1
1,16,NODE1,CH35,-43.4,1,0.675,train,1
1,16,NODE2,CH35,-48.57,1,0.409,train,1
1,16,NODE3,CH35,-47.14,1,0.446,train,1
1,16,NODE4,CH35,-38.78,1,0.765,train,1
1,16,NODE5,CH35,-50.5,1,0.418,train,1
1,16,NODE6,CH35,-50.95,1,0.463,train,1
1,16,NODE7,CH35,-44.46,1,0.708,train,1
1,16,NODE8,CH35,-40.86,1,0.751,train,1
1,16,NODE1,CH36,-43.89,1,0.667,train,1
1,16,NODE2,CH36,-46.88,1,0.438,train,1
1,16,NODE3,CH36,-48.42,1,0.502,train,1
1,16,NODE4,CH36,-40.49,1,0.745,train,1
1,16,NODE5,CH36,-49.33,1,0.376,train,1
1,16,NODE6,CH36,-50.13,1,0.454,train,1
1,16,NODE7,CH36,-44.23,1,0.725,train,1
1,16,NODE8,CH36,-42.03,1,0.783,train,1
1,16,NODE1,CH37,-44.71,1,0.705,train,1
1,16,NODE2,CH37,-49.52,1,0.406,train,1
1,16,NODE3,CH37,-46.64,1,0.518,train,1
1,16,NODE4,CH37,-40.79,1,0.816,train,1
1,16,NODE5,CH37,-50.17,1,0.375,train,1
1,16,NODE6,CH37,-52.18,1,0.418,train,1
1,16,NODE7,CH37,-39.66,1,0.719,train,1
1,16,NODE8,CH37,-39.22,1,0.834,train,1
1,16,NODE1,CH38,-93.08,0,0.658,train,1
1,16,NODE2,CH38,-100.52,0,0.399,train,1
1,16,NODE3,CH38,-102.21,0,0.524,train,1
1,16,NODE4,CH38,-91.68,0,0.741,train,1
1,16,NODE5,CH38,-97.08,0,0.359,train,1
1,16,NODE6,CH38,-99.96,0,0.425,train,1
1,16,NODE7,CH38,-94.52,0,0.752,train,1
1,16,NODE8,CH38,-95.79,0,0.764,train,1
1,16,NODE1,CH39,-45.0,1,0.751,train,1
1,16,NODE2,CH39,-50.48,1,0.0,train,1
1,16,NODE3,CH39,-45.91,1,0.507,train,1
1,16,NODE4,CH39,-43.17,1,0.735,train,1
1,16,NODE5,CH39,-49.82,1,0.393,train,1
1,16,NODE6,CH39,-49.28,1,0.434,train,1
1,16,NODE7,CH39,-41.91,1,0.751,train,1
1,16,NODE8,CH39,-39.89,1,0.773,train,1
1,16,NODE1,CH40,-42.05,1,0.0,train,1
1,16,NODE2,CH40,-50.23,1,0.396,train,1
1,16,NODE3,CH40,-49.63,1,0.541,train,1
1,16,NODE4,CH40,-39.34,1,0.774,train,1
1,16,NODE5,CH40,-48.7,1,0.0,train,1
1,16,NODE6,CH40,-49.81,1,0.426,train,1
1,16,NODE7,CH40,-41.53,1,0.668,train,1
1,16,NODE8,CH40,-38.41,1,0.808,train,1
1,17,NODE1,CH21,-95.53,0,0.656,train,1
1,17,NODE2,CH21,-101.26,0,0.388,train,1
1,17,NODE3,CH21,-94.43,0,0.486,train,1
1,17,NODE4,CH21,-97.04,0,0.759,train,1
1,17,NODE5,CH21,-93.93,0,0.399,train,1
1,17,NODE6,CH21,-96.24,0,0.429,train,1
1,17,NODE7,CH21,-98.85,0,0.72,train,1
1,17,NODE8,CH21,-96.01,0,0.0,train,1
1,17,NODE1,CH22,-41.65,1,0.691,train,1
1,17,NODE2,CH22,-51.28,1,0.351,train,1
1,17,NODE3,CH22,-46.75,1,0.496,train,1
1,17,NODE4,CH22,-41.78,1,0.73,train,1
1,17,NODE5,CH22,-52.7,1,0.413,train,1
1,17,NODE6,CH22,-48.47,1,0.412,train,1
1,17,NODE7,CH22,-42.39,1,0.0,train,1
1,17,NODE8,CH22,-42.09,1,0.789,train,1
1,17,NODE1,CH23,-42.24,1,0.684,train,1
1,17,NODE2,CH23,-48.37,1,0.408,train,1
1,17,NODE3,CH23,-46.75,1,0.478,train,1
1,17,NODE4,CH23,-38.25,1,0.77,train,1
1,17,NODE5,CH23,-50.2,1,0.366,train,1
1,17,NODE6,CH23,-45.62,1,0.439,train,1
1,17,NODE7,CH23,-42.1,1,0.773,train,1
1,17,NODE8,CH23,-39.34,1,0.779,train,1
1,17,NODE1,CH24,-42.71,1,0.663,train,1
1,17,NODE2,CH24,-51.73,1,0.435,train,1
1,17,NODE3,CH24,-48.29,1,0.499,train,1
1,17,NODE4,CH24,-41.69,1,0.834,train,1
1,17,NODE5,CH24,-49.1,1,0.398,train,1
1,17,NODE6,CH24,-48.31,1,0.407,train,1
1,17,NODE7,CH24,-43.76,1,0.754,train,1
1,17,NODE8,CH24,-40.42,1,0.793,train,1
1,17,NODE1,CH25,-41.69,1,0.655,train,1
1,17,NODE2,CH25,-49.87,1,0.392,train,1
1,17,NODE3,CH25,-49.22,1,0.544,train,1
1,17,NODE4,CH25,-39.31,1,0.753,train,1
1,17,NODE5,CH25,-49.64,1,0.414,train,1
1,17,NODE6,CH25,-50.14,1,0.41,train,1
1,17,NODE7,CH25,-43.68,1,0.751,train,1
1,17,NODE8,CH25,-40.07,1,0.78,train,1
1,17,NODE1,CH26,-42.47,1,0.658,train,1
1,17,NODE2,CH26,-48.95,1,0.402,train,1
1,17,NODE3,CH26,-47.83,1,0.47,train,1
1,17,NODE4,CH26,-40.67,1,0.781,train,1
1,17,NODE5,CH26,-51.65,1,0.361,train,1
1,17,NODE6,CH26,-48.33,1,0.41,train,1
1,17,NODE7,CH26,-44.88,1,0.751,train,1
1,17,NODE8,CH26,-40.13,1,0.777,train,1
1,17,NODE1,CH27,-95.56,0,0.712,train,1
1,17,NODE2,CH27,-102.34,0,0.408,train,1
1,17,NODE3,CH27,-100.84,0,0.541,train,1
1,17,NODE4,CH27,-100.09,0,0.777,train,1
1,17,NODE5,CH27,-98.81,0,0.389,train,1
1,17,NODE6,CH27,-99.39,0,0.445,train,1
1,17,NODE7,CH27,-103.2,0,0.749,train,1
1,17,NODE8,CH27,-99.84,0,0.772,train,1
1,17,NODE1,CH28,-95.47,0,0.678,train,1
1,17,NODE2,CH28,-97.68,0,0.379,train,1
1,17,NODE3,CH28,-98.33,0,0.517,train,1
1,17,NODE4,CH28,-98.37,0,0.0,train,1
1,17,NODE5,CH28,-97.82,0,0.373,train,1
1,17,NODE6,CH28,-97.09,0,0.416,train,1
1,17,NODE7,CH28,-99.16,0,0.662,train,1
1,17,NODE8,CH28,-97.19,0,0.793,train,1
1,17,NODE1,CH29,-94.41,0,0.689,train,1
1,17,NODE2,CH29,-94.96,0,0.391,train,1
1,17,NODE3,CH29,-97.15,0,0.474,train,1
1,17,NODE4,CH29,-99.55,0,0.76,train,1
1,17,NODE5,CH29,-97.09,0,0.423,train,1
1,17,NODE6,CH29,-98.78,0,0.413,train,1
1,17,NODE7,CH29,-94.3,0,0.726,train,1
1,17,NODE8,CH29,-100.76,0,0.805,train,1
1,17,NODE1,CH30,-96.66,0,0.688,train,1
1,17,NODE2,CH30,-95.86,0,0.394,train,1
1,17,NODE3,CH30,-95.38,0,0.441,train,1
1,17,NODE4,CH30,-100.68,0,0.8,train,1
1,17,NODE5,CH30,-98.48,0,0.405,train,1
1,17,NODE6,CH30,-98.89,0,0.479,train,1
1,17,NODE7,CH30,-102.18,0,0.718,train,1
1,17,NODE8,CH30,-102.38,0,0.768,train,1
1,17,NODE1,CH31,-91.74,0,0.679,train,1
1,17,NODE2,CH31,-98.89,0,0.368,train,1
1,17,NODE3,CH31,-97.41,0,0.515,train,1
1,17,NODE4,CH31,-99.59,0,0.761,train,1
1,17,NODE5,CH31,-100.99,0,0.431,train,1
1,17,NODE6,CH31,-93.06,0,0.5,train,1
1,17,NODE7,CH31,-92.71,0,0.683,train,1
1,17,NODE8,CH31,-99.52,0,0.821,train,1
1,17,NODE1,CH32,-43.48,1,0.663,train,1
1,17,NODE2,CH32,-48.94,1,0.408,train,1
1,17,NODE3,CH32,-45.79,1,0.49,train,1
1,17,NODE4,CH32,-40.23,1,0.76,train,1
1,17,NODE5,CH32,-50.87,1,0.388,train,1
1,17,NODE6,CH32,-52.36,1,0.397,train,1
1,17,NODE7,CH32,-41.37,1,0.695,train,1
1,17,NODE8,CH32,-41.65,1,0.78,train,1
1,17,NODE1,CH33,-39.93,1,0.689,train,1
1,17,NODE2,CH33,-50.57,1,0.337,train,1
1,17,NODE3,CH33,-50.08,1,0.0,train,1
1,17,NODE4,CH33,-41.41,1,0.833,train,1
1,17,NODE5,CH33,-49.94,1,0.373,train,1
1,17,NODE6,CH33,-51.9,1,0.413,train,1
1,17,NODE7,CH33,-45.31,1,0.72,train,1
1,17,NODE8,CH33,-43.42,1,0.818,train,1
1,17,NODE1,CH34,-95.99,0,0.705,train,1
1,17,NODE2,CH34,-100.28,0,0.435,train,1
1,17,NODE3,CH34,-99.01,0,0.508,train,1
1,17,NODE4,CH34,-93.93,0,0.733,train,1
1,17,NODE5,CH34,-98.09,0,0.428,train,1
1,17,NODE6,CH34,-99.61,0,0.409,train,1
1,17,NODE7,CH34,-100.04,0,0.678,train,1
1,17,NODE8,CH34,-99.77,0,0.767,train,1
1,17,NODE1,CH35,-42.6,1,0.659,train,1
1,17,NODE2,CH35,-51.96,1,0.421,train,1
1,17,NODE3,CH35,-46.01,1,0.475,train,1
1,17,NODE4,CH35,-38.53,1,0.765,train,1
1,17,NODE5,CH35,-49.59,1,0.0,train,1
1,17,NODE6,CH35,-53.17,1,0.434,train,1
1,17,NODE7,CH35,-41.38,1,0.757,train,1
1,17,NODE8,CH35,-41.26,1,0.824,train,1
1,17,NODE1,CH36,-44.14,1,0.708,train,1
1,17,NODE2,CH36,-48.24,1,0.42,train,1
1,17,NODE3,CH36,-49.3,1,0.471,train,1
1,17,NODE4,CH36,-41.89,1,0.753,train,1
1,17,NODE5,CH36,-49.36,1,0.358,train,1
1,17,NODE6,CH36,-50.22,1,0.366,train,1
1,17,NODE7,CH36,-39.1,1,0.75,train,1
1,17,NODE8,CH36,-38.51,1,0.738,train,1
1,17,NODE1,CH37,-98.4,0,0.686,train,1
1,17,NODE2,CH37,-97.1,0,0.415,train,1
1,17,NODE3,CH37,-101.98,0,0.51,train,1
1,17,NODE4,CH37,-94.76,0,0.812,train,1
1,17,NODE5,CH37,-95.09,0,0.364,train,1
1,17,NODE6,CH37,-94.86,0,0.453,train,1
1,17,NODE7,CH37,-95.58,0,0.709,train,1
1,17,NODE8,CH37,-96.06,0,0.772,train,1
1,17,NODE1,CH38,-100.71,0,0.677,train,1
1,17,NODE2,CH38,-99.09,0,0.399,train,1
1,17,NODE3,CH38,-98.97,0,0.482,train,1
1,17,NODE4,CH38,-94.09,0,0.767,train,1
1,17,NODE5,CH38,-101.39,0,0.409,train,1
1,17,NODE6,CH38,-95.36,0,0.415,train,1
1,17,NODE7,CH38,-99.02,0,0.717,train,1
1,17,NODE8,CH38,-91.42,0,0.748,train,1
1,17,NODE1,CH39,-40.21,1,0.68,train,1
1,17,NODE2,CH39,-51.75,1,0.387,train,1
1,17,NODE3,CH39,-48.39,1,0.508,train,1
1,17,NODE4,CH39,-39.24,1,0.849,train,1
1,17,NODE5,CH39,-49.15,1,0.402,train,1
1,17,NODE6,CH39,-51.9,1,0.445,train,1
1,17,NODE7,CH39,-43.0,1,0.75,train,1
1,17,NODE8,CH39,-40.63,1,0.825,train,1
1,17,NODE1,CH40,-40.42,1,0.682,train,1
1,17,NODE2,CH40,-50.8,1,0.403,train,1
1,17,NODE3,CH40,-48.51,1,0.523,train,1
1,17,NODE4,CH40,-41.55,1,0.772,train,1
1,17,NODE5,CH40,-49.09,1,0.388,train,1
1,17,NODE6,CH40,-49.39,1,0.385,train,1
1,17,NODE7,CH40,-40.99,1,0.721,train,1
1,17,NODE8,CH40,-41.8,1,0.799,train,1
1,18,NODE1,CH21,-96.73,0,0.64,train,1
1,18,NODE2,CH21,-95.58,0,0.376,train,1
1,18,NODE3,CH21,-102.65,0,0.449,train,1
1,18,NODE4,CH21,-94.44,0,0.722,train,1
1,18,NODE5,CH21,-91.02,0,0.421,train,1
1,18,NODE6,CH21,-95.74,0,0.428,train,1
1,18,NODE7,CH21,-96.49,0,0.722,train,1
1,18,NODE8,CH21,-95.29,0,0.839,train,1
1,18,NODE1,CH22,-39.67,1,0.688,train,1
1,18,NODE2,CH22,-51.78,1,0.402,train,1
1,18,NODE3,CH22,-47.48,1,0.503,train,1
1,18,NODE4,CH22,-42.17,1,0.734,train,1
1,18,NODE5,CH22,-50.43,1,0.413,train,1
1,18,NODE6,CH22,-47.6,1,0.458,train,1
1,18,NODE7,CH22,-42.29,1,0.738,train,1
1,18,NODE8,CH22,-37.7,1,0.837,train,1
1,18,NODE1,CH23,-102.1,0,0.68,train,1
1,18,NODE2,CH23,-102.47,0,0.409,train,1
1,18,NODE3,CH23,-100.99,0,0.532,train,1
1,18,NODE4,CH23,-96.4,0,0.781,train,1
1,18,NODE5,CH23,-96.14,0,0.507,train,1
1,18,NODE6,CH23,-99.79,0,0.468,train,1
1,18,NODE7,CH23,-98.89,0,0.708,train,1
1,18,NODE8,CH23,-93.98,0,0.809,train,1
1,18,NODE1,CH24,-42.68,1,0.662,train,1
1,18,NODE2,CH24,-49.87,1,0.405,train,1
1,18,NODE3,CH24,-47.93,1,0.464,train,1
1,18,NODE4,CH24,-41.14,1,0.732,train,1
1,18,NODE5,CH24,-50.44,1,0.374,train,1
1,18,NODE6,CH24,-50.43,1,0.453,train,1
1,18,NODE7,CH24,-39.73,1,0.72,train,1
1,18,NODE8,CH24,-39.17,1,0.838,train,1
1,18,NODE1,CH25,-93.75,0,0.676,train,1
1,18,NODE2,CH25,-99.21,0,0.376,train,1
1,18,NODE3,CH25,-97.36,0,0.508,train,1
1,18,NODE4,CH25,-95.56,0,0.771,train,1
1,18,NODE5,CH25,-96.4,0,0.358,train,1
1,18,NODE6,CH25,-97.96,0,0.444,train,1
1,18,NODE7,CH25,-89.96,0,0.712,train,1
1,18,NODE8,CH25,-95.21,0,0.79,train,1
1,18,NODE1,CH26,-43.14,1,0.654,train,1
1,18,NODE2,CH26,-51.33,1,0.353,train,1
1,18,NODE3,CH26,-45.45,1,0.473,train,1
1,18,NODE4,CH26,-41.1,1,0.816,train,1
1,18,NODE5,CH26,-48.92,1,0.364,train,1
1,18,NODE6,CH26,-50.6,1,0.449,train,1
1,18,NODE7,CH26,-43.04,1,0.717,train,1
1,18,NODE8,CH26,-40.87,1,0.786,train,1
1,18,NODE1,CH27,-41.95,1,0.66,train,1
1,18,NODE2,CH27,-45.27,1,0.353,train,1
1,18,NODE3,CH27,-47.98,1,0.504,train,1
1,18,NODE4,CH27,-39.58,1,0.796,train,1
1,18,NODE5,CH27,-51.68,1,0.414,train,1
1,18,NODE6,CH27,-46.45,1,0.471,train,1
1,18,NODE7,CH27,-42.88,1,0.724,train,1
1,18,NODE8,CH27,-43.69,1,0.758,train,1
1,18,NODE1,CH28,-89.05,0,0.603,train,1
1,18,NODE2,CH28,-97.94,0,0.369,train,1
1,18,NODE3,CH28,-99.63,0,0.518,train,1
1,18,NODE4,CH28,-98.39,0,0.772,train,1
1,18,NODE5,CH28,-101.35,0,0.394,train,1
1,18,NODE6,CH28,-104.13,0,0.474,train,1
1,18,NODE7,CH28,-104.06,0,0.703,train,1
1,18,NODE8,CH28,-95.39,0,0.751,train,1
1,18,NODE1,CH29,-98.77,0,0.649,train,1
1,18,NODE2,CH29,-98.26,0,0.418,train,1
1,18,NODE3,CH29,-100.25,0,0.457,train,1
1,18,NODE4,CH29,-96.53,0,0.818,train,1
1,18,NODE5,CH29,-96.83,0,0.414,train,1
1,18,NODE6,CH29,-93.78,0,0.403,train,1
1,18,NODE7,CH29,-97.3,0,0.706,train,1
1,18,NODE8,CH29,-94.49,0,0.838,train,1
1,18,NODE1,CH30,-42.58,1,0.701,train,1
1,18,NODE2,CH30,-47.47,1,0.431,train,1
1,18,NODE3,CH30,-46.32,1,0.478,train,1
1,18,NODE4,CH30,-42.03,1,0.759,train,1
1,18,NODE5,CH30,-51.09,1,0.406,train,1
1,18,NODE6,CH30,-49.22,1,0.407,train,1
1,18,NODE7,CH30,-43.33,1,0.714,train,1
1,18,NODE8,CH30,-41.86,1,0.774,train,1
1,18,NODE1,CH31,-43.86,1,0.701,train,1
1,18,NODE2,CH31,-49.98,1,0.375,train,1
1,18,NODE3,CH31,-47.15,1,0.467,train,1
1,18,NODE4,CH31,-39.13,1,0.769,train,1
1,18,NODE5,CH31,-47.29,1,0.4,train,1
1,18,NODE6,CH31,-53.61,1,0.442,train,1
1,18,NODE7,CH31,-43.31,1,0.696,train,1
1,18,NODE8,CH31,-40.92,1,0.775,train,1
1,18,NODE1,CH32,-40.05,1,0.701,train,1
1,18,NODE2,CH32,-50.36,1,0.453,train,1
1,18,NODE3,CH32,-49.13,1,0.489,train,1
1,18,NODE4,CH32,-38.45,1,0.766,train,1
1,18,NODE5,CH32,-50.85,1,0.432,train,1
1,18,NODE6,CH32,-50.28,1,0.434,train,1
1,18,NODE7,CH32,-42.15,1,0.712,train,1
1,18,NODE8,CH32,-40.14,1,0.756,train,1
1,18,NODE1,CH33,-41.91,1,0.722,train,1
1,18,NODE2,CH33,-49.23,1,0.383,train,1
1,18,NODE3,CH33,-48.65,1,0.51,train,1
1,18,NODE4,CH33,-40.97,1,0.778,train,1
1,18,NODE5,CH33,-48.76,1,0.327,train,1
1,18,NODE6,CH33,-52.69,1,0.399,train,1
1,18,NODE7,CH33,-38.44,1,0.722,train,1
1,18,NODE8,CH33,-42.03,1,0.77,train,1
1,18,NODE1,CH34,-41.98,1,0.708,train,1
1,18,NODE2,CH34,-51.6,1,0.428,train,1
1,18,NODE3,CH34,-48.83,1,0.465,train,1
1,18,NODE4,CH34,-40.37,1,0.799,train,1
1,18,NODE5,CH34,-48.99,1,0.375,train,1
1,18,NODE6,CH34,-48.92,1,0.402,train,1
1,18,NODE7,CH34,-44.91,1,0.683,train,1
1,18,NODE8,CH34,-37.61,1,0.773,train,1
1,18,NODE1,CH35,-96.65,0,0.654,train,1
1,18,NODE2,CH35,-96.85,0,0.333,train,1
1,18,NODE3,CH35,-97.61,0,0.433,train,1
1,18,NODE4,CH35,-95.95,0,0.809,train,1
1,18,NODE5,CH35,-101.95,0,0.339,train,1
1,18,NODE6,CH35,-94.62,0,0.433,train,1
1,18,NODE7,CH35,-93.23,0,0.737,train,1
1,18,NODE8,CH35,-91.58,0,0.773,train,1
1,18,NODE1,CH36,-42.46,1,0.696,train,1
1,18,NODE2,CH36,-48.56,1,0.374,train,1
1,18,NODE3,CH36,-48.09,1,0.486,train,1
1,18,NODE4,CH36,-40.25,1,0.743,train,1
1,18,NODE5,CH36,-51.69,1,0.412,train,1
1,18,NODE6,CH36,-47.75,1,0.349,train,1
1,18,NODE7,CH36,-42.99,1,0.757,train,1
1,18,NODE8,CH36,-37.87,1,0.737,train,1
1,18,NODE1,CH37,-91.77,0,0.688,train,1
1,18,NODE2,CH37,-98.09,0,0.399,train,1
1,18,NODE3,CH37,-98.73,0,0.51,train,1
1,18,NODE4,CH37,-97.21,0,0.75,train,1
1,18,NODE5,CH37,-97.12,0,0.395,train,1
1,18,NODE6,CH37,-98.34,0,0.398,train,1
1,18,NODE7,CH37,-98.17,0,0.718,train,1
1,18,NODE8,CH37,-90.01,0,0.806,train,1
1,18,NODE1,CH38,-44.45,1,0.692,train,1
1,18,NODE2,CH38,-50.9,1,0.414,train,1
1,18,NODE3,CH38,-44.93,1,0.503,train,1
1,18,NODE4,CH38,-40.19,1,0.804,train,1
1,18,NODE5,CH38,-48.27,1,0.431,train,1
1,18,NODE6,CH38,-47.19,1,0.393,train,1
1,18,NODE7,CH38,-42.09,1,0.725,train,1
1,18,NODE8,CH38,-42.83,1,0.75,train,1
1,18,NODE1,CH39,-93.78,0,0.665,train,1
1,18,NODE2,CH39,-99.64,0,0.0,train,1
1,18,NODE3,CH39,-99.05,0,0.557,train,1
1,18,NODE4,CH39,-98.11,0,0.742,train,1
1,18,NODE5,CH39,-103.03,0,0.383,train,1
1,18,NODE6,CH39,-102.04,0,0.414,train,1
1,18,NODE7,CH39,-100.43,0,0.711,train,1
1,18,NODE8,CH39,-99.89,0,0.851,train,1
1,18,NODE1,CH40,-98.25,0,0.699,train,1
1,18,NODE2,CH40,-98.06,0,0.36,train,1
1,18,NODE3,CH40,-99.11,0,0.487,train,1
1,18,NODE4,CH40,-96.04,0,0.783,train,1
1,18,NODE5,CH40,-98.61,0,0.37,train,1
1,18,NODE6,CH40,-100.12,0,0.437,train,1
1,18,NODE7,CH40,-100.21,0,0.706,train,1
1,18,NODE8,CH40,-95.92,0,0.775,train,1
1,19,NODE1,CH21,-97.26,0,0.67,train,1
1,19,NODE2,CH21,-99.19,0,0.443,train,1
1,19,NODE3,CH21,-99.1,0,0.506,train,1
1,19,NODE4,CH21,-97.18,0,0.814,train,1
1,19,NODE5,CH21,-97.49,0,0.409,train,1
1,19,NODE6,CH21,-92.46,0,0.423,train,1
1,19,NODE7,CH21,-98.89,0,0.707,train,1
1,19,NODE8,CH21,-100.25,0,0.732,train,1
1,19,NODE1,CH22,-45.35,1,0.692,train,1
1,19,NODE2,CH22,-50.13,1,0.42,train,1
1,19,NODE3,CH22,-48.37,1,0.567,train,1
1,19,NODE4,CH22,-39.88,1,0.814,train,1
1,19,NODE5,CH22,-48.97,1,0.432,train,1
1,19,NODE6,CH22,-51.72,1,0.444,train,1
1,19,NODE7,CH22,-45.16,1,0.704,train,1
1,19,NODE8,CH22,-40.75,1,0.818,train,1
1,19,NODE1,CH23,-94.7,0,0.708,train,1
1,19,NODE2,CH23,-96.89,0,0.395,train,1
1,19,NODE3,CH23,-95.45,0,0.47,train,1
1,19,NODE4,CH23,-93.97,0,0.825,train,1
1,19,NODE5,CH23,-98.86,0,0.384,train,1
1,19,NODE6,CH23,-102.51,0,0.455,train,1
1,19,NODE7,CH23,-97.92,0,0.714,train,1
1,19,NODE8,CH23,-95.0,0,0.762,train,1
1,19,NODE1,CH24,-41.09,1,0.687,train,1
1,19,NODE2,CH24,-51.22,1,0.409,train,1
1,19,NODE3,CH24,-49.66,1,0.522,train,1
1,19,NODE4,CH24,-38.28,1,0.789,train,1
1,19,NODE5,CH24,-50.23,1,0.452,train,1
1,19,NODE6,CH24,-51.22,1,0.451,train,1
1,19,NODE7,CH24,-41.1,1,0.673,train,1
1,19,NODE8,CH24,-41.34,1,0.846,train,1
1,19,NODE1,CH25,-95.13,0,0.657,train,1
1,19,NODE2,CH25,-93.36,0,0.431,train,1
1,19,NODE3,CH25,-102.08,0,0.472,train,1
1,19,NODE4,CH25,-96.95,0,0.78,train,1
1,19,NODE5,CH25,-100.96,0,0.44,train,1
1,19,NODE6,CH25,-101.0,0,0.435,train,1
1,19,NODE7,CH25,-96.83,0,0.726,train,1
1,19,NODE8,CH25,-99.5,0,0.0,train,1
1,19,NODE1,CH26,-44.3,1,0.671,train,1
1,19,NODE2,CH26,-53.91,1,0.387,train,1
1,19,NODE3,CH26,-48.37,1,0.492,train,1
1,19,NODE4,CH26,-40.59,1,0.77,train,1
1,19,NODE5,CH26,-49.77,1,0.392,train,1
1,19,NODE6,CH26,-51.02,1,0.475,train,1
1,19,NODE7,CH26,-43.59,1,0.763,train,1
1,19,NODE8,CH26,-42.16,1,0.772,train,1
1,19,NODE1,CH27,-42.01,1,0.637,train,1
1,19,NODE2,CH27,-47.82,1,0.4,train,1
1,19,NODE3,CH27,-48.78,1,0.472,train,1
1,19,NODE4,CH27,-42.03,1,0.796,train,1
1,19,NODE5,CH27,-49.41,1,0.406,train,1
1,19,NODE6,CH27,-47.8,1,0.389,train,1
1,19,NODE7,CH27,-40.19,1,0.731,train,1
1,19,NODE8,CH27,-39.83,1,0.805,train,1
1,19,NODE1,CH28,-42.71,1,0.653,train,1
1,19,NODE2,CH28,-50.05,1,0.395,train,1
1,19,NODE3,CH28,-49.06,1,0.511,train,1
1,19,NODE4,CH28,-39.37,1,0.792,train,1
1,19,NODE5,CH28,-48.61,1,0.406,train,1
1,19,NODE6,CH28,-48.71,1,0.413,train,1
1,19,NODE7,CH28,-42.28,1,0.728,train,1
1,19,NODE8,CH28,-38.09,1,0.843,train,1
1,19,NODE1,CH29,-40.55,1,0.698,train,1
1,19,NODE2,CH29,-51.42,1,0.411,train,1
1,19,NODE3,CH29,-46.99,1,0.47,train,1
1,19,NODE4,CH29,-37.28,1,0.791,train,1
1,19,NODE5,CH29,-50.36,1,0.432,train,1
1,19,NODE6,CH29,-48.73,1,0.426,train,1
1,19,NODE7,CH29,-40.93,1,0.712,train,1
1,19,NODE8,CH29,-41.87,1,0.808,train,1
1,19,NODE1,CH30,-40.18,1,0.701,train,1
1,19,NODE2,CH30,-48.77,1,0.334,train,1
1,19,NODE3,CH30,-47.84,1,0.501,train,1
1,19,NODE4,CH30,-41.48,1,0.783,train,1
1,19,NODE5,CH30,-49.28,1,0.375,train,1
1,19,NODE6,CH30,-43.36,1,0.424,train,1
1,19,NODE7,CH30,-41.82,1,0.736,train,1
1,19,NODE8,CH30,-42.66,1,0.741,train,1
1,19,NODE1,CH31,-40.81,1,0.673,train,1
1,19,NODE2,CH31,-51.98,1,0.381,train,1
1,19,NODE3,CH31,-45.54,1,0.534,train,1
1,19,NODE4,CH31,-41.16,1,0.804,train,1
1,19,NODE5,CH31,-47.43,1,0.0,train,1
1,19,NODE6,CH31,-51.2,1,0.388,train,1
1,19,NODE7,CH31,-42.38,1,0.771,train,1
1,19,NODE8,CH31,-39.96,1,0.792,train,1
1,19,NODE1,CH32,-43.48,1,0.726,train,1
1,19,NODE2,CH32,-49.31,1,0.432,train,1
1,19,NODE3,CH32,-45.53,1,0.532,train,1
1,19,NODE4,CH32,-41.59,1,0.797,train,1
1,19,NODE5,CH32,-52.56,1,0.418,train,1
1,19,NODE6,CH32,-49.33,1,0.37,train,1
1,19,NODE7,CH32,-40.54,1,0.669,train,1
1,19,NODE8,CH32,-43.35,1,0.789,train,1
1,19,NODE1,CH33,-45.13,1,0.665,train,1
1,19,NODE2,CH33,-49.87,1,0.0,train,1
1,19,NODE3,CH33,-45.93,1,0.508,train,1
1,19,NODE4,CH33,-37.97,1,0.779,train,1
1,19,NODE5,CH33,-50.68,1,0.408,train,1
1,19,NODE6,CH33,-50.9,1,0.393,train,1
1,19,NODE7,CH33,-42.72,1,0.755,train,1
1,19,NODE8,CH33,-40.99,1,0.789,train,1
1,19,NODE1,CH34,-98.4,0,0.661,train,1
1,19,NODE2,CH34,-100.37,0,0.43,train,1
1,19,NODE3,CH34,-97.5,0,0.514,train,1
1,19,NODE4,CH34,-101.24,0,0.782,train,1
1,19,NODE5,CH34,-95.01,0,0.409,train,1
1,19,NODE6,CH34,-100.97,0,0.418,train,1
1,19,NODE7,CH34,-95.25,0,0.692,train,1
1,19,NODE8,CH34,-97.8,0,0.831,train,1
1,19,NODE1,CH35,-99.49,0,0.652,train,1
1,19,NODE2,CH35,-96.3,0,0.338,train,1
1,19,NODE3,CH35,-91.55,0,0.523,train,1
1,19,NODE4,CH35,-96.01,0,0.79,train,1
1,19,NODE5,CH35,-93.6,0,0.454,train,1
1,19,NODE6,CH35,-98.99,0,0.384,train,1
1,19,NODE7,CH35,-97.48,0,0.689,train,1
1,19,NODE8,CH35,-102.06,0,0.774,train,1
1,19,NODE1,CH36,-42.97,1,0.689,train,1
1,19,NODE2,CH36,-47.31,1,0.385,train,1
1,19,NODE3,CH36,-47.04,1,0.59,train,1
1,19,NODE4,CH36,-42.94,1,0.725,train,1
1,19,NODE5,CH36,-49.77,1,0.428,train,1
1,19,NODE6,CH36,-49.94,1,0.371,train,1
1,19,NODE7,CH36,-43.48,1,0.77,train,1
1,19,NODE8,CH36,-39.74,1,0.75,train,1
1,19,NODE1,CH37,-97.2,0,0.702,train,1
1,19,NODE2,CH37,-96.09,0,0.374,train,1
1,19,NODE3,CH37,-95.46,0,0.493,train,1
1,19,NODE4,CH37,-95.72,0,0.768,train,1
1,19,NODE5,CH37,-99.5,0,0.411,train,1
1,19,NODE6,CH37,-98.46,0,0.439,train,1
1,19,NODE7,CH37,-97.57,0,0.698,train,1
1,19,NODE8,CH37,-92.55,0,0.808,train,1
1,19,NODE1,CH38,-95.12,0,0.694,train,1
1,19,NODE2,CH38,-97.53,0,0.407,train,1
1,19,NODE3,CH38,-97.5,0,0.51,train,1
1,19,NODE4,CH38,-96.09,0,0.778,train,1
1,19,NODE5,CH38,-96.37,0,0.443,train,1
1,19,NODE6,CH38,-95.3,0,0.417,train,1
1,19,NODE7,CH38,-94.13,0,0.751,train,1
1,19,NODE8,CH38,-97.17,0,0.829,train,1
1,19,NODE1,CH39,-92.64,0,0.753,train,1
1,19,NODE2,CH39,-98.56,0,0.426,train,1
1,19,NODE3,CH39,-97.91,0,0.509,train,1
1,19,NODE4,CH39,-101.05,0,0.79,train,1
1,19,NODE5,CH39,-101.33,0,0.402,train,1
1,19,NODE6,CH39,-99.58,0,0.449,train,1
1,19,NODE7,CH39,-97.42,0,0.709,train,1
1,19,NODE8,CH39,-95.26,0,0.77,train,1
1,19,NODE1,CH40,-98.26,0,0.709,train,1
1,19,NODE2,CH40,-95.02,0,0.421,train,1
1,19,NODE3,CH40,-100.01,0,0.483,train,1
1,19,NODE4,CH40,-96.13,0,0.713,train,1
1,19,NODE5,CH40,-93.25,0,0.368,train,1
1,19,NODE6,CH40,-98.58,0,0.422,train,1
1,19,NODE7,CH40,-96.0,0,0.0,train,1
1,19,NODE8,CH40,-95.92,0,0.802,train,1
1,20,NODE1,CH21,-43.94,1,0.701,train,1
1,20,NODE2,CH21,-51.59,1,0.393,train,1
1,20,NODE3,CH21,-49.16,1,0.48,train,1
1,20,NODE4,CH21,-40.06,1,0.791,train,1
1,20,NODE5,CH21,-51.85,1,0.437,train,1
1,20,NODE6,CH21,-50.21,1,0.445,train,1
1,20,NODE7,CH21,-40.91,1,0.755,train,1
1,20,NODE8,CH21,-41.92,1,0.746,train,1
1,20,NODE1,CH22,-43.98,1,0.707,train,1
1,20,NODE2,CH22,-50.47,1,0.355,train,1
1,20,NODE3,CH22,-48.21,1,0.512,train,1
1,20,NODE4,CH22,-38.78,1,0.821,train,1
1,20,NODE5,CH22,-52.08,1,0.368,train,1
1,20,NODE6,CH22,-48.31,1,0.443,train,1
1,20,NODE7,CH22,-39.42,1,0.75,train,1
1,20,NODE8,CH22,-37.68,1,0.824,train,1
1,20,NODE1,CH23,-93.39,0,0.638,train,1
1,20,NODE2,CH23,-101.24,0,0.403,train,1
1,20,NODE3,CH23,-96.07,0,0.499,train,1
1,20,NODE4,CH23,-98.12,0,0.781,train,1
1,20,NODE5,CH23,-98.36,0,0.413,train,1
1,20,NODE6,CH23,-96.0,0,0.452,train,1
1,20,NODE7,CH23,-89.23,0,0.673,train,1
1,20,NODE8,CH23,-102.45,0,0.806,train,1
1,20,NODE1,CH24,-92.05,0,0.67,train,1
1,20,NODE2,CH24,-98.27,0,0.401,train,1
1,20,NODE3,CH24,-99.75,0,0.555,train,1
1,20,NODE4,CH24,-99.22,0,0.765,train,1
1,20,NODE5,CH24,-102.79,0,0.391,train,1
1,20,NODE6,CH24,-94.27,0,0.432,train,1
1,20,NODE7,CH24,-100.41,0,0.727,train,1
1,20,NODE8,CH24,-95.73,0,0.724,train,1
1,20,NODE1,CH25,-93.8,0,0.675,train,1
1,20,NODE2,CH25,-96.35,0,0.394,train,1
1,20,NODE3,CH25,-96.42,0,0.471,train,1
1,20,NODE4,CH25,-102.55,0,0.775,train,1
1,20,NODE5,CH25,-89.41,0,0.397,train,1
1,20,NODE6,CH25,-98.05,0,0.386,train,1
1,20,NODE7,CH25,-95.33,0,0.731,train,1
1,20,NODE8,CH25,-95.98,0,0.834,train,1
1,20,NODE1,CH26,-43.47,1,0.739,train,1
1,20,NODE2,CH26,-50.07,1,0.402,train,1
1,20,NODE3,CH26,-49.37,1,0.516,train,1
1,20,NODE4,CH26,-41.17,1,0.821,train,1
1,20,NODE5,CH26,-51.04,1,0.426,train,1
1,20,NODE6,CH26,-50.08,1,0.407,train,1
1,20,NODE7,CH26,-39.67,1,0.735,train,1
1,20,NODE8,CH26,-40.88,1,0.801,train,1
1,20,NODE1,CH27,-44.37,1,0.68,train,1
1,20,NODE2,CH27,-49.43,1,0.38,train,1
1,20,NODE3,CH27,-46.38,1,0.45,train,1
1,20,NODE4,CH27,-41.28,1,0.756,train,1
1,20,NODE5,CH27,-49.4,1,0.385,train,1
1,20,NODE6,CH27,-47.31,1,0.416,train,1
1,20,NODE7,CH27,-40.99,1,0.76,train,1
1,20,NODE8,CH27,-38.88,1,0.813,train,1
1,20,NODE1,CH28,-96.53,0,0.695,train,1
1,20,NODE2,CH28,-94.86,0,0.431,train,1
1,20,NODE3,CH28,-96.99,0,0.453,train,1
1,20,NODE4,CH28,-99.28,0,0.746,train,1
1,20,NODE5,CH28,-101.67,0,0.371,train,1
1,20,NODE6,CH28,-93.89,0,0.378,train,1
1,20,NODE7,CH28,-95.72,0,0.705,train,1
1,20,NODE8,CH28,-94.57,0,0.767,train,1
1,20,NODE1,CH29,-43.48,1,0.696,train,1
1,20,NODE2,CH29,-49.39,1,0.363,train,1
1,20,NODE3,CH29,-45.26,1,0.467,train,1
1,20,NODE4,CH29,-39.65,1,0.753,train,1
1,20,NODE5,CH29,-53.0,1,0.389,train,1
1,20,NODE6,CH29,-48.66,1,0.406,train,1
1,20,NODE7,CH29,-41.15,1,0.764,train,1
1,20,NODE8,CH29,-40.18,1,0.802,train,1
1,20,NODE1,CH30,-101.06,0,0.674,train,1
1,20,NODE2,CH30,-98.04,0,0.375,train,1
1,20,NODE3,CH30,-101.98,0,0.507,train,1
1,20,NODE4,CH30,-97.66,0,0.76,train,1
1,20,NODE5,CH30,-95.81,0,0.373,train,1
1,20,NODE6,CH30,-96.52,0,0.413,train,1
1,20,NODE7,CH30,-98.1,0,0.697,train,1
1,20,NODE8,CH30,-99.56,0,0.842,train,1
1,20,NODE1,CH31,-95.48,0,0.668,train,1
1,20,NODE2,CH31,-96.89,0,0.378,train,1
1,20,NODE3,CH31,-97.01,0,0.507,train,1
1,20,NODE4,CH31,-97.28,0,0.796,train,1
1,20,NODE5,CH31,-98.34,0,0.411,train,1
1,20,NODE6,CH31,-95.86,0,0.429,train,1
1,20,NODE7,CH31,-95.43,0,0.722,train,1
1,20,NODE8,CH31,-98.39,0,0.805,train,1
1,20,NODE1,CH32,-43.8,1,0.644,train,1
1,20,NODE2,CH32,-47.41,1,0.329,train,1
1,20,NODE3,CH32,-46.99,1,0.47,train,1
1,20,NODE4,CH32,-40.88,1,0.77,train,1
1,20,NODE5,CH32,-50.72,1,0.373,train,1
1,20,NODE6,CH32,-51.14,1,0.358,train,1
1,20,NODE7,CH32,-42.37,1,0.728,train,1
1,20,NODE8,CH32,-39.3,1,0.816,train,1
1,20,NODE1,CH33,-43.08,1,0.661,train,1
1,20,NODE2,CH33,-50.66,1,0.414,train,1
1,20,NODE3,CH33,-47.89,1,0.517,train,1
1,20,NODE4,CH33,-41.1,1,0.763,train,1
1,20,NODE5,CH33,-50.5,1,0.425,train,1
1,20,NODE6,CH33,-48.54,1,0.476,train,1
1,20,NODE7,CH33,-39.79,1,0.691,train,1
1,20,NODE8,CH33,-40.44,1,0.777,train,1
1,20,NODE1,CH34,-94.37,0,0.705,train,1
1,20,NODE2,CH34,-93.9,0,0.389,train,1
1,20,NODE3,CH34,-98.19,0,0.48,train,1
1,20,NODE4,CH34,-92.99,0,0.768,train,1
1,20,NODE5,CH34,-92.68,0,0.409,train,1
1,20,NODE6,CH34,-98.55,0,0.464,train,1
1,20,NODE7,CH34,-97.1,0,0.788,train,1
1,20,NODE8,CH34,-102.1,0,0.799,train,1
1,20,NODE1,CH35,-101.55,0,0.74,train,1
1,20,NODE2,CH35,-98.05,0,0.358,train,1
1,20,NODE3,CH35,-97.87,0,0.51,train,1
1,20,NODE4,CH35,-98.56,0,0.777,train,1
1,20,NODE5,CH35,-92.74,0,0.434,train,1
1,20,NODE6,CH35,-93.87,0,0.382,train,1
1,20,NODE7,CH35,-93.84,0,0.679,train,1
1,20,NODE8,CH35,-100.81,0,0.816,train,1
1,20,NODE1,CH36,-44.28,1,0.709,train,1
1,20,NODE2,CH36,-49.3,1,0.429,train,1
1,20,NODE3,CH36,-48.18,1,0.53,train,1
1,20,NODE4,CH36,-40.94,1,0.823,train,1
1,20,NODE5,CH36,-52.81,1,0.329,train,1
1,20,NODE6,CH36,-49.59,1,0.421,train,1
1,20,NODE7,CH36,-41.36,1,0.752,train,1
1,20,NODE8,CH36,-42.78,1,0.784,train,1
1,20,NODE1,CH37,-99.1,0,0.743,train,1
1,20,NODE2,CH37,-99.1,0,0.439,train,1
1,20,NODE3,CH37,-92.03,0,0.434,train,1
1,20,NODE4,CH37,-98.58,0,0.727,train,1
1,20,NODE5,CH37,-97.45,0,0.447,train,1
1,20,NODE6,CH37,-99.71,0,0.414,train,1
1,20,NODE7,CH37,-99.96,0,0.725,train,1
1,20,NODE8,CH37,-94.41,0,0.828,train,1
1,20,NODE1,CH38,-91.76,0,0.644,train,1
1,20,NODE2,CH38,-97.37,0,0.389,train,1
1,20,NODE3,CH38,-93.78,0,0.52,train,1
1,20,NODE4,CH38,-95.34,0,0.798,train,1
1,20,NODE5,CH38,-94.96,0,0.421,train,1
1,20,NODE6,CH38,-101.27,0,0.504,train,1
1,20,NODE7,CH38,-94.27,0,0.747,train,1
1,20,NODE8,CH38,-88.91,0,0.732,train,1
1,20,NODE1,CH39,-45.36,1,0.708,train,1
1,20,NODE2,CH39,-50.41,1,0.404,train,1
1,20,NODE3,CH39,-47.03,1,0.482,train,1
1,20,NODE4,CH39,-40.41,1,0.763,train,1
1,20,NODE5,CH39,-50.46,1,0.443,train,1
1,20,NODE6,CH39,-48.53,1,0.413,train,1
1,20,NODE7,CH39,-42.29,1,0.713,train,1
1,20,NODE8,CH39,-38.31,1,0.698,train,1
1,20,NODE1,CH40,-94.61,0,0.681,train,1
1,20,NODE2,CH40,-100.6,0,0.409,train,1
1,20,NODE3,CH40,-96.14,0,0.497,train,1
1,20,NODE4,CH40,-90.05,0,0.801,train,1
1,20,NODE5,CH40,-96.65,0,0.361,train,1
1,20,NODE6,CH40,-99.62,0,0.446,train,1
1,20,NODE7,CH40,-99.88,0,0.722,train,1
1,20,NODE8,CH40,-100.37,0,0.826,train,1
1,21,NODE1,CH21,-42.22,1,0.676,train,1
1,21,NODE2,CH21,-50.94,1,0.391,train,1
1,21,NODE3,CH21,-47.36,1,0.422,train,1
1,21,NODE4,CH21,-40.87,1,0.82,train,1
1,21,NODE5,CH21,-48.49,1,0.368,train,1
1,21,NODE6,CH21,-48.08,1,0.403,train,1
1,21,NODE7,CH21,-40.88,1,0.709,train,1
1,21,NODE8,CH21,-43.41,1,0.757,train,1
1,21,NODE1,CH22,-43.76,1,0.687,train,1
1,21,NODE2,CH22,-49.74,1,0.37,train,1
1,21,NODE3,CH22,-48.83,1,0.472,train,1
1,21,NODE4,CH22,-41.3,1,0.737,train,1
1,21,NODE5,CH22,-53.53,1,0.4,train,1
1,21,NODE6,CH22,-50.12,1,0.451,train,1
1,21,NODE7,CH22,-43.2,1,0.648,train,1
1,21,NODE8,CH22,-40.11,1,0.816,train,1
1,21,NODE1,CH23,-93.16,0,0.689,train,1
1,21,NODE2,CH23,-97.3,0,0.416,train,1
1,21,NODE3,CH23,-99.65,0,0.51,train,1
1,21,NODE4,CH23,-97.48,0,0.743,train,1
1,21,NODE5,CH23,-98.61,0,0.389,train,1
1,21,NODE6,CH23,-99.45,0,0.396,train,1
1,21,NODE7,CH23,-96.56,0,0.698,train,1
1,21,NODE8,CH23,-93.62,0,0.85,train,1
1,21,NODE1,CH24,-41.53,1,0.691,train,1
1,21,NODE2,CH24,-50.41,1,0.386,train,1
1,21,NODE3,CH24,-47.32,1,0.482,train,1
1,21,NODE4,CH24,-40.35,1,0.796,train,1
1,21,NODE5,CH24,-47.01,1,0.347,train,1
1,21,NODE6,CH24,-49.8,1,0.432,train,1
1,21,NODE7,CH24,-40.12,1,0.662,train,1
1,21,NODE8,CH24,-36.79,1,0.796,train,1
1,21,NODE1,CH25,-100.0,0,0.708,train,1
1,21,NODE2,CH25,-93.36,0,0.393,train,1
1,21,NODE3,CH25,-96.33,0,0.502,train,1
1,21,NODE4,CH25,-92.81,0,0.783,train,1
1,21,NODE5,CH25,-96.65,0,0.38,train,1
1,21,NODE6,CH25,-94.03,0,0.448,train,1
1,21,NODE7,CH25,-92.16,0,0.708,train,1
1,21,NODE8,CH25,-101.71,0,0.799,train,1
1,21,NODE1,CH26,-97.89,0,0.706,train,1
1,21,NODE2,CH26,-95.5,0,0.409,train,1
1,21,NODE3,CH26,-95.67,0,0.457,train,1
1,21,NODE4,CH26,-94.16,0,0.757,train,1
1,21,NODE5,CH26,-98.7,0,0.367,train,1
1,21,NODE6,CH26,-99.57,0,0.398,train,1
1,21,NODE7,CH26,-92.84,0,0.752,train,1
1,21,NODE8,CH26,-100.46,0,0.752,train,1
1,21,NODE1,CH27,-92.93,0,0.738,train,1
1,21,NODE2,CH27,-100.43,0,0.395,train,1
1,21,NODE3,CH27,-98.04,0,0.485,train,1
1,21,NODE4,CH27,-99.88,0,0.783,train,1
1,21,NODE5,CH27,-97.9,0,0.393,train,1
1,21,NODE6,CH27,-102.12,0,0.402,train,1
1,21,NODE7,CH27,-96.11,0,0.0,train,1
1,21,NODE8,CH27,-94.6,0,0.786,train,1
1,21,NODE1,CH28,-100.38,0,0.625,train,1
1,21,NODE2,CH28,-96.31,0,0.381,train,1
1,21,NODE3,CH28,-96.1,0,0.489,train,1
1,21,NODE4,CH28,-99.35,0,0.795,train,1
1,21,NODE5,CH28,-95.6,0,0.436,train,1
1,21,NODE6,CH28,-95.39,0,0.455,train,1
1,21,NODE7,CH28,-92.92,0,0.741,train,1
1,21,NODE8,CH28,-94.92,0,0.794,train,1
1,21,NODE1,CH29,-98.96,0,0.727,train,1
1,21,NODE2,CH29,-98.41,0,0.39,train,1
1,21,NODE3,CH29,-94.48,0,0.46,train,1
1,21,NODE4,CH29,-101.76,0,0.754,train,1
1,21,NODE5,CH29,-99.55,0,0.4,train,1
1,21,NODE6,CH29,-99.92,0,0.394,train,1
1,21,NODE7,CH29,-98.44,0,0.674,train,1
1,21,NODE8,CH29,-95.67,0,0.793,train,1
1,21,NODE1,CH30,-42.66,1,0.652,train,1
1,21,NODE2,CH30,-48.61,1,0.0,train,1
1,21,NODE3,CH30,-47.57,1,0.486,train,1
1,21,NODE4,CH30,-40.21,1,0.739,train,1
1,21,NODE5,CH30,-51.55,1,0.427,train,1
1,21,NODE6,CH30,-52.32,1,0.435,train,1
1,21,NODE7,CH30,-40.84,1,0.754,train,1
1,21,NODE8,CH30,-40.5,1,0.766,train,1
1,21,NODE1,CH31,-99.33,0,0.656,train,1
1,21,NODE2,CH31,-97.91,0,0.432,train,1
1,21,NODE3,CH31,-93.37,0,0.548,train,1
1,21,NODE4,CH31,-96.29,0,0.747,train,1
1,21,NODE5,CH31,-97.63,0,0.407,train,1
1,21,NODE6,CH31,-95.25,0,0.411,train,1
1,21,NODE7,CH31,-95.41,0,0.726,train,1
1,21,NODE8,CH31,-101.58,0,0.8,train,1
1,21,NODE1,CH32,-42.16,1,0.697,train,1
1,21,NODE2,CH32,-48.86,1,0.377,train,1
1,21,NODE3,CH32,-47.06,1,0.516,train,1
1,21,NODE4,CH32,-38.78,1,0.765,train,1
1,21,NODE5,CH32,-50.12,1,0.412,train,1
1,21,NODE6,CH32,-49.66,1,0.383,train,1
1,21,NODE7,CH32,-43.36,1,0.723,train,1
1,21,NODE8,CH32,-41.66,1,0.0,train,1
1,21,NODE1,CH33,-44.41,1,0.707,train,1
1,21,NODE2,CH33,-52.09,1,0.348,train,1
1,21,NODE3,CH33,-47.47,1,0.507,train,1
1,21,NODE4,CH33,-40.51,1,0.819,train,1
1,21,NODE5,CH33,-47.83,1,0.416,train,1
1,21,NODE6,CH33,-50.71,1,0.443,train,1
1,21,NODE7,CH33,-41.85,1,0.764,train,1
1,21,NODE8,CH33,-41.69,1,0.791,train,1
1,21,NODE1,CH34,-98.44,0,0.695,train,1
1,21,NODE2,CH34,-99.19,0,0.385,train,1
1,21,NODE3,CH34,-97.53,0,0.5,train,1
1,21,NODE4,CH34,-93.62,0,0.782,train,1
1,21,NODE5,CH34,-98.19,0,0.409,train,1
1,21,NODE6,CH34,-96.22,0,0.383,train,1
1,21,NODE7,CH34,-97.77,0,0.709,train,1
1,21,NODE8,CH34,-91.42,0,0.796,train,1
1,21,NODE1,CH35,-92.49,0,0.717,train,1
1,21,NODE2,CH35,-97.05,0,0.393,train,1
1,21,NODE3,CH35,-93.02,0,0.557,train,1
1,21,NODE4,CH35,-93.09,0,0.706,train,1
1,21,NODE5,CH35,-105.99,0,0.378,train,1
1,21,NODE6,CH35,-95.44,0,0.393,train,1
1,21,NODE7,CH35,-97.18,0,0.668,train,1
1,21,NODE8,CH35,-99.25,0,0.774,train,1
1,21,NODE1,CH36,-43.03,1,0.618,train,1
1,21,NODE2,CH36,-49.31,1,0.447,train,1
1,21,NODE3,CH36,-50.55,1,0.486,train,1
1,21,NODE4,CH36,-40.13,1,0.82,train,1
1,21,NODE5,CH36,-49.74,1,0.384,train,1
1,21,NODE6,CH36,-48.76,1,0.428,train,1
1,21,NODE7,CH36,-41.47,1,0.704,train,1
1,21,NODE8,CH36,-41.17,1,0.827,train,1
1,21,NODE1,CH37,-97.46,0,0.656,train,1
1,21,NODE2,CH37,-97.76,0,0.354,train,1
1,21,NODE3,CH37,-99.45,0,0.493,train,1
1,21,NODE4,CH37,-100.49,0,0.855,train,1
1,21,NODE5,CH37,-97.82,0,0.447,train,1
1,21,NODE6,CH37,-95.54,0,0.391,train,1
1,21,NODE7,CH37,-98.96,0,0.691,train,1
1,21,NODE8,CH37,-94.91,0,0.823,train,1
1,21,NODE1,CH38,-98.43,0,0.67,train,1
1,21,NODE2,CH38,-90.09,0,0.406,train,1
1,21,NODE3,CH38,-97.2,0,0.506,train,1
1,21,NODE4,CH38,-96.24,0,0.767,train,1
1,21,NODE5,CH38,-101.95,0,0.396,train,1
1,21,NODE6,CH38,-96.79,0,0.444,train,1
1,21,NODE7,CH38,-90.63,0,0.721,train,1
1,21,NODE8,CH38,-93.56,0,0.831,train,1
1,21,NODE1,CH39,-98.31,0,0.755,train,1
1,21,NODE2,CH39,-95.2,0,0.368,train,1
1,21,NODE3,CH39,-92.95,0,0.521,train,1
1,21,NODE4,CH39,-99.3,0,0.765,train,1
1,21,NODE5,CH39,-98.55,0,0.444,train,1
1,21,NODE6,CH39,-97.04,0,0.397,train,1
1,21,NODE7,CH39,-97.11,0,0.719,train,1
1,21,NODE8,CH39,-87.91,0,0.754,train,1
1,21,NODE1,CH40,-98.11,0,0.62,train,1
1,21,NODE2,CH40,-96.13,0,0.413,train,1
1,21,NODE3,CH40,-98.99,0,0.466,train,1
1,21,NODE4,CH40,-96.47,0,0.79,train,1
1,21,NODE5,CH40,-93.66,0,0.389,train,1
1,21,NODE6,CH40,-95.02,0,0.373,train,1
1,21,NODE7,CH40,-100.69,0,0.714,train,1
1,21,NODE8,CH40,-96.7,0,0.822,train,1
1,22,NODE1,CH21,-93.71,0,0.717,train,1
1,22,NODE2,CH21,-97.71,0,0.409,train,1
1,22,NODE3,CH21,-96.91,0,0.487,train,1
1,22,NODE4,CH21,-94.19,0,0.793,train,1
1,22,NODE5,CH21,-97.45,0,0.356,train,1
1,22,NODE6,CH21,-101.27,0,0.372,train,1
1,22,NODE7,CH21,-91.75,0,0.719,train,1
1,22,NODE8,CH21,-96.99,0,0.764,train,1
1,22,NODE1,CH22,-45.19,1,0.688,train,1
1,22,NODE2,CH22,-49.87,1,0.448,train,1
1,22,NODE3,CH22,-47.39,1,0.472,train,1
1,22,NODE4,CH22,-39.87,1,0.721,train,1
1,22,NODE5,CH22,-48.55,1,0.387,train,1
1,22,NODE6,CH22,-50.48,1,0.444,train,1
1,22,NODE7,CH22,-42.13,1,0.703,train,1
1,22,NODE8,CH22,-40.11,1,0.846,train,1
1,22,NODE1,CH23,-98.94,0,0.655,train,1
1,22,NODE2,CH23,-93.3,0,0.388,train,1
1,22,NODE3,CH23,-99.42,0,0.445,train,1
1,22,NODE4,CH23,-98.02,0,0.716,train,1
1,22,NODE5,CH23,-99.9,0,0.387,train,1
1,22,NODE6,CH23,-91.59,0,0.444,train,1
1,22,NODE7,CH23,-97.0,0,0.747,train,1
1,22,NODE8,CH23,-99.05,0,0.787,train,1
1,22,NODE1,CH24,-91.5,0,0.663,train,1
1,22,NODE2,CH24,-93.61,0,0.403,train,1
1,22,NODE3,CH24,-91.89,0,0.52,train,1
1,22,NODE4,CH24,-101.95,0,0.815,train,1
1,22,NODE5,CH24,-99.21,0,0.379,train,1
1,22,NODE6,CH24,-94.63,0,0.442,train,1
1,22,NODE7,CH24,-93.83,0,0.715,train,1
1,22,NODE8,CH24,-92.51,0,0.767,train,1
1,22,NODE1,CH25,-97.58,0,0.642,train,1
1,22,NODE2,CH25,-97.76,0,0.387,train,1
1,22,NODE3,CH25,-100.25,0,0.445,train,1
1,22,NODE4,CH25,-100.21,0,0.779,train,1
1,22,NODE5,CH25,-100.84,0,0.407,train,1
1,22,NODE6,CH25,-98.11,0,0.498,train,1
1,22,NODE7,CH25,-93.63,0,0.811,train,1
1,22,NODE8,CH25,-98.23,0,0.768,train,1
1,22,NODE1,CH26,-94.78,0,0.685,train,1
1,22,NODE2,CH26,-96.7,0,0.421,train,1
1,22,NODE3,CH26,-102.3,0,0.473,train,1
1,22,NODE4,CH26,-94.72,0,0.771,train,1
1,22,NODE5,CH26,-97.67,0,0.374,train,1
1,22,NODE6,CH26,-97.72,0,0.453,train,1
1,22,NODE7,CH26,-97.7,0,0.728,train,1
1,22,NODE8,CH26,-101.01,0,0.793,train,1
1,22,NODE1,CH27,-101.15,0,0.761,train,1
1,22,NODE2,CH27,-96.82,0,0.446,train,1
1,22,NODE3,CH27,-97.42,0,0.519,train,1
1,22,NODE4,CH27,-96.37,0,0.743,train,1
1,22,NODE5,CH27,-100.07,0,0.422,train,1
1,22,NODE6,CH27,-94.94,0,0.384,train,1
1,22,NODE7,CH27,-98.21,0,0.717,train,1
1,22,NODE8,CH27,-94.86,0,0.82,train,1
1,22,NODE1,CH28,-98.17,0,0.726,train,1
1,22,NODE2,CH28,-98.41,0,0.369,train,1
1,22,NODE3,CH28,-96.25,0,0.497,train,1
1,22,NODE4,CH28,-100.88,0,0.808,train,1
1,22,NODE5,CH28,-94.55,0,0.382,train,1
1,22,NODE6,CH28,-102.26,0,0.434,train,1
1,22,NODE7,CH28,-91.75,0,0.761,train,1
1,22,NODE8,CH28,-98.81,0,0.738,train,1
1,22,NODE1,CH29,-43.18,1,0.692,train,1
1,22,NODE2,CH29,-48.63,1,0.474,train,1
1,22,NODE3,CH29,-46.79,1,0.502,train,1
1,22,NODE4,CH29,-39.13,1,0.754,train,1
1,22,NODE5,CH29,-51.44,1,0.402,train,1
1,22,NODE6,CH29,-48.38,1,0.458,train,1
1,22,NODE7,CH29,-41.22,1,0.719,train,1
1,22,NODE8,CH29,-41.17,1,0.773,train,1
1,22,NODE1,CH30,-93.26,0,0.741,train,1
1,22,NODE2,CH30,-97.54,0,0.414,train,1
1,22,NODE3,CH30,-98.02,0,0.478,train,1
1,22,NODE4,CH30,-94.14,0,0.767,train,1
1,22,NODE5,CH30,-93.81,0,0.369,train,1
1,22,NODE6,CH30,-99.66,0,0.365,train,1
1,22,NODE7,CH30,-93.5,0,0.735,train,1
1,22,NODE8,CH30,-94.9,0,0.801,train,1
1,22,NODE1,CH31,-99.66,0,0.726,train,1
1,22,NODE2,CH31,-96.55,0,0.42,train,1
1,22,NODE3,CH31,-96.93,0,0.497,train,1
1,22,NODE4,CH31,-100.14,0,0.753,train,1
1,22,NODE5,CH31,-96.92,0,0.431,train,1
1,22,NODE6,CH31,-94.09,0,0.405,train,1
1,22,NODE7,CH31,-96.93,0,0.713,train,1
1,22,NODE8,CH31,-94.66,0,0.777,train,1
1,22,NODE1,CH32,-45.1,1,0.724,train,1
1,22,NODE2,CH32,-52.43,1,0.377,train,1
1,22,NODE3,CH32,-48.92,1,0.509,train,1
1,22,NODE4,CH32,-39.51,1,0.739,train,1
1,22,NODE5,CH32,-49.78,1,0.391,train,1
1,22,NODE6,CH32,-48.43,1,0.398,train,1
1,22,NODE7,CH32,-38.74,1,0.74,train,1
1,22,NODE8,CH32,-40.89,1,0.763,train,1
1,22,NODE1,CH33,-42.75,1,0.694,train,1
1,22,NODE2,CH33,-50.63,1,0.382,train,1
1,22,NODE3,CH33,-49.16,1,0.529,train,1
1,22,NODE4,CH33,-40.7,1,0.756,train,1
1,22,NODE5,CH33,-51.0,1,0.422,train,1
1,22,NODE6,CH33,-48.99,1,0.403,train,1
1,22,NODE7,CH33,-40.81,1,0.741,train,1
1,22,NODE8,CH33,-40.76,1,0.812,train,1
1,22,NODE1,CH34,-91.57,0,0.678,train,1
1,22,NODE2,CH34,-94.53,0,0.418,train,1
1,22,NODE3,CH34,-96.16,0,0.488,train,1
1,22,NODE4,CH34,-95.05,0,0.745,train,1
1,22,NODE5,CH34,-95.08,0,0.375,train,1
1,22,NODE6,CH34,-98.37,0,0.385,train,1
1,22,NODE7,CH34,-98.05,0,0.727,train,1
1,22,NODE8,CH34,-96.21,0,0.782,train,1
1,22,NODE1,CH35,-94.78,0,0.684,train,1
1,22,NODE2,CH35,-101.02,0,0.411,train,1
1,22,NODE3,CH35,-100.65,0,0.529,train,1
1,22,NODE4,CH35,-92.78,0,0.751,train,1
1,22,NODE5,CH35,-91.66,0,0.421,train,1
1,22,NODE6,CH35,-92.21,0,0.342,train,1
1,22,NODE7,CH35,-95.67,0,0.709,train,1
1,22,NODE8,CH35,-99.62,0,0.75,train,1
1,22,NODE1,CH36,-93.2,0,0.74,train,1
1,22,NODE2,CH36,-91.52,0,0.387,train,1
1,22,NODE3,CH36,-101.89,0,0.508,train,1
1,22,NODE4,CH36,-98.56,0,0.749,train,1
1,22,NODE5,CH36,-96.94,0,0.379,train,1
1,22,NODE6,CH36,-93.83,0,0.433,train,1
1,22,NODE7,CH36,-97.65,0,0.704,train,1
1,22,NODE8,CH36,-96.55,0,0.773,train,1
1,22,NODE1,CH37,-100.36,0,0.643,train,1
1,22,NODE2,CH37,-101.31,0,0.453,train,1
1,22,NODE3,CH37,-100.06,0,0.507,train,1
1,22,NODE4,CH37,-96.98,0,0.832,train,1
1,22,NODE5,CH37,-98.59,0,0.386,train,1
1,22,NODE6,CH37,-97.19,0,0.382,train,1
1,22,NODE7,CH37,-96.52,0,0.69,train,1
1,22,NODE8,CH37,-94.59,0,0.866,train,1
1,22,NODE1,CH38,-91.97,0,0.65,train,1
1,22,NODE2,CH38,-99.23,0,0.432,train,1
1,22,NODE3,CH38,-95.75,0,0.502,train,1
1,22,NODE4,CH38,-92.27,0,0.805,train,1
1,22,NODE5,CH38,-93.1,0,0.422,train,1
1,22,NODE6,CH38,-94.12,0,0.443,train,1
1,22,NODE7,CH38,-97.85,0,0.692,train,1
1,22,NODE8,CH38,-92.08,0,0.821,train,1
1,22,NODE1,CH39,-97.22,0,0.726,train,1
1,22,NODE2,CH39,-98.4,0,0.348,train,1
1,22,NODE3,CH39,-99.19,0,0.521,train,1
1,22,NODE4,CH39,-96.66,0,0.784,train,1
1,22,NODE5,CH39,-98.83,0,0.37,train,1
1,22,NODE6,CH39,-91.3,0,0.408,train,1
1,22,NODE7,CH39,-102.14,0,0.687,train,1
1,22,NODE8,CH39,-94.03,0,0.796,train,1
1,22,NODE1,CH40,-41.98,1,0.735,train,1
1,22,NODE2,CH40,-51.45,1,0.399,train,1
1,22,NODE3,CH40,-48.01,1,0.527,train,1
1,22,NODE4,CH40,-39.39,1,0.773,train,1
1,22,NODE5,CH40,-51.1,1,0.398,train,1
1,22,NODE6,CH40,-50.37,1,0.411,train,1
1,22,NODE7,CH40,-39.46,1,0.719,train,1
1,22,NODE8,CH40,-38.61,1,0.803,train,1
1,23,NODE1,CH21,-95.38,0,0.673,train,1
1,23,NODE2,CH21,-99.48,0,0.386,train,1
1,23,NODE3,CH21,-99.12,0,0.481,train,1
1,23,NODE4,CH21,-98.97,0,0.824,train,1
1,23,NODE5,CH21,-97.19,0,0.362,train,1
1,23,NODE6,CH21,-97.72,0,0.424,train,1
1,23,NODE7,CH21,-92.95,0,0.719,train,1
1,23,NODE8,CH21,-97.0,0,0.821,train,1
1,23,NODE1,CH22,-96.77,0,0.666,train,1
1,23,NODE2,CH22,-95.75,0,0.0,train,1
1,23,NODE3,CH22,-96.1,0,0.503,train,1
1,23,NODE4,CH22,-93.91,0,0.799,train,1
1,23,NODE5,CH22,-101.13,0,0.397,train,1
1,23,NODE6,CH22,-95.21,0,0.399,train,1
1,23,NODE7,CH22,-90.84,0,0.729,train,1
1,23,NODE8,CH22,-95.08,0,0.758,train,1
1,23,NODE1,CH23,-95.33,0,0.731,train,1
1,23,NODE2,CH23,-96.89,0,0.399,train,1
1,23,NODE3,CH23,-97.62,0,0.535,train,1
1,23,NODE4,CH23,-95.7,0,0.753,train,1
1,23,NODE5,CH23,-91.79,0,0.34,train,1
1,23,NODE6,CH23,-98.31,0,0.401,train,1
1,23,NODE7,CH23,-92.5,0,0.733,train,1
1,23,NODE8,CH23,-93.06,0,0.771,train,1
1,23,NODE1,CH24,-96.42,0,0.712,train,1
1,23,NODE2,CH24,-96.28,0,0.428,train,1
1,23,NODE3,CH24,-93.63,0,0.486,train,1
1,23,NODE4,CH24,-98.37,0,0.788,train,1
1,23,NODE5,CH24,-97.75,0,0.402,train,1
1,23,NODE6,CH24,-98.49,0,0.435,train,1
1,23,NODE7,CH24,-93.43,0,0.75,train,1
1,23,NODE8,CH24,-89.05,0,0.82,train,1
1,23,NODE1,CH25,-94.47,0,0.654,train,1
1,23,NODE2,CH25,-99.51,0,0.409,train,1
1,23,NODE3,CH25,-101.99,0,0.492,train,1
1,23,NODE4,CH25,-97.25,0,0.77,train,1
1,23,NODE5,CH25,-98.13,0,0.409,train,1
1,23,NODE6,CH25,-98.87,0,0.409,train,1
1,23,NODE7,CH25,-97.44,0,0.742,train,1
1,23,NODE8,CH25,-98.79,0,0.773,train,1
1,23,NODE1,CH26,-93.54,0,0.715,train,1
1,23,NODE2,CH26,-98.6,0,0.361,train,1
1,23,NODE3,CH26,-100.72,0,0.518,train,1
1,23,NODE4,CH26,-99.89,0,0.779,train,1
1,23,NODE5,CH26,-98.74,0,0.422,train,1
1,23,NODE6,CH26,-96.99,0,0.412,train,1
1,23,NODE7,CH26,-96.85,0,0.723,train,1
1,23,NODE8,CH26,-98.95,0,0.8,train,1
1,23,NODE1,CH27,-41.47,1,0.75,train,1
1,23,NODE2,CH27,-49.76,1,0.392,train,1
1,23,NODE3,CH27,-46.94,1,0.505,train,1
1,23,NODE4,CH27,-40.03,1,0.767,train,1
1,23,NODE5,CH27,-48.0,1,0.399,train,1
1,23,NODE6,CH27,-50.37,1,0.407,train,1
1,23,NODE7,CH27,-41.89,1,0.722,train,1
1,23,NODE8,CH27,-40.31,1,0.781,train,1
1,23,NODE1,CH28,-97.72,0,0.691,train,1
1,23,NODE2,CH28,-98.53,0,0.393,train,1
1,23,NODE3,CH28,-98.5,0,0.429,train,1
1,23,NODE4,CH28,-99.65,0,0.801,train,1
1,23,NODE5,CH28,-96.63,0,0.383,train,1
1,23,NODE6,CH28,-98.19,0,0.411,train,1
1,23,NODE7,CH28,-94.92,0,0.72,train,1
1,23,NODE8,CH28,-94.7,0,0.836,train,1
1,23,NODE1,CH29,-97.46,0,0.712,train,1
1,23,NODE2,CH29,-93.98,0,0.439,train,1
1,23,NODE3,CH29,-94.64,0,0.517,train,1
1,23,NODE4,CH29,-97.17,0,0.744,train,1
1,23,NODE5,CH29,-103.49,0,0.45,train,1
1,23,NODE6,CH29,-92.35,0,0.441,train,1
1,23,NODE7,CH29,-88.6,0,0.717,train,1
1,23,NODE8,CH29,-93.19,0,0.818,train,1
1,23,NODE1,CH30,-98.46,0,0.713,train,1
1,23,NODE2,CH30,-99.99,0,0.372,train,1
1,23,NODE3,CH30,-101.04,0,0.536,train,1
1,23,NODE4,CH30,-96.65,0,0.756,train,1
1,23,NODE5,CH30,-96.1,0,0.397,train,1
1,23,NODE6,CH30,-97.72,0,0.407,train,1
1,23,NODE7,CH30,-94.63,0,0.696,train,1
1,23,NODE8,CH30,-94.59,0,0.826,train,1
1,23,NODE1,CH31,-97.65,0,0.689,train,1
1,23,NODE2,CH31,-97.35,0,0.418,train,1
1,23,NODE3,CH31,-93.64,0,0.497,train,1
1,23,NODE4,CH31,-93.76,0,0.807,train,1
1,23,NODE5,CH31,-99.25,0,0.445,train,1
1,23,NODE6,CH31,-93.9,0,0.463,train,1
1,23,NODE7,CH31,-95.16,0,0.719,train,1
1,23,NODE8,CH31,-95.85,0,0.81,train,1
1,23,NODE1,CH32,-99.84,0,0.723,train,1
1,23,NODE2,CH32,-95.58,0,0.396,train,1
1,23,NODE3,CH32,-97.63,0,0.525,train,1
1,23,NODE4,CH32,-98.81,0,0.783,train,1
1,23,NODE5,CH32,-101.52,0,0.456,train,1
1,23,NODE6,CH32,-93.97,0,0.383,train,1
1,23,NODE7,CH32,-96.31,0,0.747,train,1
1,23,NODE8,CH32,-93.12,0,0.82,train,1
1,23,NODE1,CH33,-100.48,0,0.677,train,1
1,23,NODE2,CH33,-93.89,0,0.41,train,1
1,23,NODE3,CH33,-87.96,0,0.503,train,1
1,23,NODE4,CH33,-99.42,0,0.764,train,1
1,23,NODE5,CH33,-99.88,0,0.0,train,1
1,23,NODE6,CH33,-103.39,0,0.42,train,1
1,23,NODE7,CH33,-106.01,0,0.0,train,1
1,23,NODE8,CH33,-100.48,0,0.807,train,1
1,23,NODE1,CH34,-101.11,0,0.64,train,1
1,23,NODE2,CH34,-99.55,0,0.432,train,1
1,23,NODE3,CH34,-96.77,0,0.513,train,1
1,23,NODE4,CH34,-94.13,0,0.722,train,1
1,23,NODE5,CH34,-95.07,0,0.354,train,1
1,23,NODE6,CH34,-98.68,0,0.384,train,1
1,23,NODE7,CH34,-94.92,0,0.69,train,1
1,23,NODE8,CH34,-92.06,0,0.773,train,1
1,23,NODE1,CH35,-93.7,0,0.71,train,1
1,23,NODE2,CH35,-100.61,0,0.378,train,1
1,23,NODE3,CH35,-100.37,0,0.475,train,1
1,23,NODE4,CH35,-96.78,0,0.768,train,1
1,23,NODE5,CH35,-101.22,0,0.384,train,1
1,23,NODE6,CH35,-87.34,0,0.427,train,1
1,23,NODE7,CH35,-93.03,0,0.77,train,1
1,23,NODE8,CH35,-93.8,0,0.77,train,1
1,23,NODE1,CH36,-94.72,0,0.769,train,1
1,23,NODE2,CH36,-96.63,0,0.396,train,1
1,23,NODE3,CH36,-97.12,0,0.48,train,1
1,23,NODE4,CH36,-98.22,0,0.797,train,1
1,23,NODE5,CH36,-99.48,0,0.434,train,1
1,23,NODE6,CH36,-99.19,0,0.45,train,1
1,23,NODE7,CH36,-97.63,0,0.721,train,1
1,23,NODE8,CH36,-99.04,0,0.819,train,1
1,23,NODE1,CH37,-93.02,0,0.703,train,1
1,23,NODE2,CH37,-97.91,0,0.361,train,1
1,23,NODE3,CH37,-97.51,0,0.0,train,1
1,23,NODE4,CH37,-96.88,0,0.757,train,1
1,23,NODE5,CH37,-100.96,0,0.444,train,1
1,23,NODE6,CH37,-102.43,0,0.472,train,1
1,23,NODE7,CH37,-94.89,0,0.664,train,1
1,23,NODE8,CH37,-92.23,0,0.859,train,1
1,23,NODE1,CH38,-95.45,0,0.682,train,1
1,23,NODE2,CH38,-98.64,0,0.391,train,1
1,23,NODE3,CH38,-97.6,0,0.506,train,1
1,23,NODE4,CH38,-98.77,0,0.762,train,1
1,23,NODE5,CH38,-96.6,0,0.427,train,1
1,23,NODE6,CH38,-92.38,0,0.385,train,1
1,23,NODE7,CH38,-99.86,0,0.736,train,1
1,23,NODE8,CH38,-95.24,0,0.735,train,1
1,23,NODE1,CH39,-99.82,0,0.705,train,1
1,23,NODE2,CH39,-97.7,0,0.375,train,1
1,23,NODE3,CH39,-98.66,0,0.519,train,1
1,23,NODE4,CH39,-97.42,0,0.749,train,1
1,23,NODE5,CH39,-100.65,0,0.407,train,1
1,23,NODE6,CH39,-100.92,0,0.405,train,1
1,23,NODE7,CH39,-94.82,0,0.703,train,1
1,23,NODE8,CH39,-96.32,0,0.793,train,1
1,23,NODE1,CH40,-101.93,0,0.685,train,1
1,23,NODE2,CH40,-97.78,0,0.392,train,1
1,23,NODE3,CH40,-99.1,0,0.511,train,1
1,23,NODE4,CH40,-101.1,0,0.769,train,1
1,23,NODE5,CH40,-100.39,0,0.412,train,1
1,23,NODE6,CH40,-101.68,0,0.421,train,1
1,23,NODE7,CH40,-94.72,0,0.78,train,1
1,23,NODE8,CH40,-95.53,0,0.786,train,1
2,0,NODE1,CH21,-42.36,1,0.663,test,2
2,0,NODE2,CH21,-50.9,1,0.37,test,2
2,0,NODE3,CH21,-45.93,1,0.508,test,2
2,0,NODE4,CH21,-41.56,1,0.793,test,2
2,0,NODE5,CH21,-50.75,1,0.401,test,2
2,0,NODE6,CH21,-48.14,1,0.418,test,2
2,0,NODE7,CH21,-44.49,1,0.739,test,2
2,0,NODE8,CH21,-41.29,1,0.858,test,2
2,0,NODE1,CH22,-97.62,0,0.681,test,2
2,0,NODE2,CH22,-100.68,0,0.459,test,2
2,0,NODE3,CH22,-95.07,0,0.475,test,2
2,0,NODE4,CH22,-97.64,0,0.766,test,2
2,0,NODE5,CH22,-102.39,0,0.419,test,2
2,0,NODE6,CH22,-99.26,0,0.406,test,2
2,0,NODE7,CH22,-92.46,0,0.73,test,2
2,0,NODE8,CH22,-96.77,0,0.799,test,2
2,0,NODE1,CH23,-93.38,0,0.735,test,2
2,0,NODE2,CH23,-99.41,0,0.454,test,2
2,0,NODE3,CH23,-99.7,0,0.507,test,2
2,0,NODE4,CH23,-97.64,0,0.775,test,2
2,0,NODE5,CH23,-99.25,0,0.415,test,2
2,0,NODE6,CH23,-96.32,0,0.424,test,2
2,0,NODE7,CH23,-97.45,0,0.723,test,2
2,0,NODE8,CH23,-96.13,0,0.769,test,2
2,0,NODE1,CH24,-98.35,0,0.674,test,2
2,0,NODE2,CH24,-92.91,0,0.426,test,2
2,0,NODE3,CH24,-99.61,0,0.549,test,2
2,0,NODE4,CH24,-95.36,0,0.79,test,2
2,0,NODE5,CH24,-97.85,0,0.364,test,2
2,0,NODE6,CH24,-93.02,0,0.411,test,2
2,0,NODE7,CH24,-97.62,0,0.667,test,2
2,0,NODE8,CH24,-97.61,0,0.83,test,2
2,0,NODE1,CH25,-96.5,0,0.631,test,2
2,0,NODE2,CH25,-97.67,0,0.412,test,2
2,0,NODE3,CH25,-101.47,0,0.469,test,2
2,0,NODE4,CH25,-94.5,0,0.764,test,2
2,0,NODE5,CH25,-96.56,0,0.428,test,2
2,0,NODE6,CH25,-104.35,0,0.408,test,2
2,0,NODE7,CH25,-100.61,0,0.728,test,2
2,0,NODE8,CH25,-94.99,0,0.812,test,2
2,0,NODE1,CH26,-40.1,1,0.744,test,2
2,0,NODE2,CH26,-50.92,1,0.371,test,2
2,0,NODE3,CH26,-47.27,1,0.438,test,2
2,0,NODE4,CH26,-41.86,1,0.78,test,2
2,0,NODE5,CH26,-50.32,1,0.409,test,2
2,0,NODE6,CH26,-48.16,1,0.459,test,2
2,0,NODE7,CH26,-42.1,1,0.74,test,2
2,0,NODE8,CH26,-40.91,1,0.0,test,2
2,0,NODE1,CH27,-97.22,0,0.646,test,2
2,0,NODE2,CH27,-90.01,0,0.426,test,2
2,0,NODE3,CH27,-97.43,0,0.443,test,2
2,0,NODE4,CH27,-92.27,0,0.76,test,2
2,0,NODE5,CH27,-100.64,0,0.381,test,2
2,0,NODE6,CH27,-94.79,0,0.407,test,2
2,0,NODE7,CH27,-95.09,0,0.706,test,2
2,0,NODE8,CH27,-91.48,0,0.784,test,2
2,0,NODE1,CH28,-42.09,1,0.687,test,2
2,0,NODE2,CH28,-50.18,1,0.403,test,2
2,0,NODE3,CH28,-47.02,1,0.491,test,2
2,0,NODE4,CH28,-40.34,1,0.792,test,2
2,0,NODE5,CH28,-51.61,1,0.381,test,2
2,0,NODE6,CH28,-48.27,1,0.419,test,2
2,0,NODE7,CH28,-40.32,1,0.758,test,2
2,0,NODE8,CH28,-41.01,1,0.831,test,2
2,0,NODE1,CH29,-95.77,0,0.717,test,2
2,0,NODE2,CH29,-99.29,0,0.343,test,2
2,0,NODE3,CH29,-94.49,0,0.516,test,2
2,0,NODE4,CH29,-97.55,0,0.77,test,2
2,0,NODE5,CH29,-97.95,0,0.417,test,2
2,0,NODE6,CH29,-95.75,0,0.464,test,2
2,0,NODE7,CH29,-100.54,0,0.72,test,2
2,0,NODE8,CH29,-92.52,0,0.791,test,2
2,0,NODE1,CH30,-42.63,1,0.641,test,2
2,0,NODE2,CH30,-47.92,1,0.4,test,2
2,0,NODE3,CH30,-45.74,1,0.504,test,2
2,0,NODE4,CH30,-38.74,1,0.785,test,2
2,0,NODE5,CH30,-50.93,1,0.0,test,2
2,0,NODE6,CH30,-51.18,1,0.423,test,2
2,0,NODE7,CH30,-42.94,1,0.669,test,2
2,0,NODE8,CH30,-41.0,1,0.773,test,2
2,0,NODE1,CH31,-97.61,0,0.0,test,2
2,0,NODE2,CH31,-99.78,0,0.395,test,2
2,0,NODE3,CH31,-94.85,0,0.522,test,2
2,0,NODE4,CH31,-94.63,0,0.819,test,2
2,0,NODE5,CH31,-96.21,0,0.401,test,2
2,0,NODE6,CH31,-93.89,0,0.427,test,2
2,0,NODE7,CH31,-97.78,0,0.719,test,2
2,0,NODE8,CH31,-93.54,0,0.768,test,2
2,0,NODE1,CH32,-95.07,0,0.703,test,2
2,0,NODE2,CH32,-95.3,0,0.42,test,2
2,0,NODE3,CH32,-99.35,0,0.449,test,2
2,0,NODE4,CH32,-95.61,0,0.794,test,2
2,0,NODE5,CH32,-101.95,0,0.433,test,2
2,0,NODE6,CH32,-100.22,0,0.448,test,2
2,0,NODE7,CH32,-99.11,0,0.713,test,2
2,0,NODE8,CH32,-97.35,0,0.791,test,2
2,0,NODE1,CH33,-44.42,1,0.663,test,2
2,0,NODE2,CH33,-51.41,1,0.412,test,2
2,0,NODE3,CH33,-46.62,1,0.541,test,2
2,0,NODE4,CH33,-40.69,1,0.789,test,2
2,0,NODE5,CH33,-50.16,1,0.447,test,2
2,0,NODE6,CH33,-48.03,1,0.36,test,2
2,0,NODE7,CH33,-41.59,1,0.714,test,2
2,0,NODE8,CH33,-43.33,1,0.797,test,2
2,0,NODE1,CH34,-97.14,0,0.667,test,2
2,0,NODE2,CH34,-98.56,0,0.401,test,2
2,0,NODE3,CH34,-98.26,0,0.456,test,2
2,0,NODE4,CH34,-96.29,0,0.758,test,2
2,0,NODE5,CH34,-102.82,0,0.405,test,2
2,0,NODE6,CH34,-102.86,0,0.406,test,2
2,0,NODE7,CH34,-91.61,0,0.736,test,2
2,0,NODE8,CH34,-99.9,0,0.75,test,2
2,0,NODE1,CH35,-98.4,0,0.669,test,2
2,0,NODE2,CH35,-99.82,0,0.401,test,2
2,0,NODE3,CH35,-94.68,0,0.47,test,2
2,0,NODE4,CH35,-97.06,0,0.814,test,2
2,0,NODE5,CH35,-99.5,0,0.399,test,2
2,0,NODE6,CH35,-96.44,0,0.432,test,2
2,0,NODE7,CH35,-94.26,0,0.732,test,2
2,0,NODE8,CH35,-94.55,0,0.83,test,2
2,0,NODE1,CH36,-95.69,0,0.706,test,2
2,0,NODE2,CH36,-93.6,0,0.426,test,2
2,0,NODE3,CH36,-101.6,0,0.497,test,2
2,0,NODE4,CH36,-95.53,0,0.791,test,2
2,0,NODE5,CH36,-102.49,0,0.371,test,2
2,0,NODE6,CH36,-95.59,0,0.469,test,2
2,0,NODE7,CH36,-94.39,0,0.712,test,2
2,0,NODE8,CH36,-95.46,0,0.794,test,2
2,0,NODE1,CH37,-95.72,0,0.646,test,2
2,0,NODE2,CH37,-94.06,0,0.427,test,2
2,0,NODE3,CH37,-95.74,0,0.491,test,2
2,0,NODE4,CH37,-95.6,0,0.785,test,2
2,0,NODE5,CH37,-91.43,0,0.405,test,2
2,0,NODE6,CH37,-101.06,0,0.401,test,2
2,0,NODE7,CH37,-104.73,0,0.703,test,2
2,0,NODE8,CH37,-89.65,0,0.814,test,2
2,0,NODE1,CH38,-92.23,0,0.0,test,2
2,0,NODE2,CH38,-99.41,0,0.431,test,2
2,0,NODE3,CH38,-101.36,0,0.486,test,2
2,0,NODE4,CH38,-93.28,0,0.752,test,2
2,0,NODE5,CH38,-98.88,0,0.426,test,2
2,0,NODE6,CH38,-94.79,0,0.445,test,2
2,0,NODE7,CH38,-91.87,0,0.742,test,2
2,0,NODE8,CH38,-92.36,0,0.812,test,2
2,0,NODE1,CH39,-95.2,0,0.701,test,2
2,0,NODE2,CH39,-94.85,0,0.396,test,2
2,0,NODE3,CH39,-96.14,0,0.551,test,2
2,0,NODE4,CH39,-94.18,0,0.72,test,2
2,0,NODE5,CH39,-95.3,0,0.368,test,2
2,0,NODE6,CH39,-97.95,0,0.452,test,2
2,0,NODE7,CH39,-98.14,0,0.705,test,2
2,0,NODE8,CH39,-98.56,0,0.782,test,2
2,0,NODE1,CH40,-86.16,0,0.662,test,2
2,0,NODE2,CH40,-96.52,0,0.434,test,2
2,0,NODE3,CH40,-93.89,0,0.499,test,2
2,0,NODE4,CH40,-99.41,0,0.725,test,2
2,0,NODE5,CH40,-94.58,0,0.382,test,2
2,0,NODE6,CH40,-99.13,0,0.408,test,2
2,0,NODE7,CH40,-102.15,0,0.7,test,2
2,0,NODE8,CH40,-100.58,0,0.848,test,2
2,1,NODE1,CH21,-95.56,0,0.741,test,2
2,1,NODE2,CH21,-96.76,0,0.421,test,2
2,1,NODE3,CH21,-102.2,0,0.469,test,2
2,1,NODE4,CH21,-95.22,0,0.783,test,2
2,1,NODE5,CH21,-96.7,0,0.408,test,2
2,1,NODE6,CH21,-92.16,0,0.414,test,2
2,1,NODE7,CH21,-96.33,0,0.711,test,2
2,1,NODE8,CH21,-97.67,0,0.79,test,2
2,1,NODE1,CH22,-91.19,0,0.663,test,2
2,1,NODE2,CH22,-100.42,0,0.38,test,2
2,1,NODE3,CH22,-96.43,0,0.472,test,2
2,1,NODE4,CH22,-99.98,0,0.834,test,2
2,1,NODE5,CH22,-98.11,0,0.456,test,2
2,1,NODE6,CH22,-93.54,0,0.455,test,2
2,1,NODE7,CH22,-92.04,0,0.716,test,2
2,1,NODE8,CH22,-97.51,0,0.0,test,2
2,1,NODE1,CH23,-93.9,0,0.655,test,2
2,1,NODE2,CH23,-97.74,0,0.435,test,2
2,1,NODE3,CH23,-99.7,0,0.531,test,2
2,1,NODE4,CH23,-96.16,0,0.823,test,2
2,1,NODE5,CH23,-105.64,0,0.362,test,2
2,1,NODE6,CH23,-96.84,0,0.453,test,2
2,1,NODE7,CH23,-94.81,0,0.707,test,2
2,1,NODE8,CH23,-95.94,0,0.775,test,2
2,1,NODE1,CH24,-88.28,0,0.694,test,2
2,1,NODE2,CH24,-99.01,0,0.418,test,2
2,1,NODE3,CH24,-97.3,0,0.456,test,2
2,1,NODE4,CH24,-96.79,0,0.793,test,2
2,1,NODE5,CH24,-94.45,0,0.356,test,2
2,1,NODE6,CH24,-95.31,0,0.412,test,2
2,1,NODE7,CH24,-95.97,0,0.661,test,2
2,1,NODE8,CH24,-97.39,0,0.825,test,2
2,1,NODE1,CH25,-101.04,0,0.689,test,2
2,1,NODE2,CH25,-97.32,0,0.39,test,2
2,1,NODE3,CH25,-101.79,0,0.474,test,2
2,1,NODE4,CH25,-93.82,0,0.768,test,2
2,1,NODE5,CH25,-92.85,0,0.434,test,2
2,1,NODE6,CH25,-96.86,0,0.368,test,2
2,1,NODE7,CH25,-94.68,0,0.695,test,2
2,1,NODE8,CH25,-101.3,0,0.822,test,2
2,1,NODE1,CH26,-43.56,1,0.721,test,2
2,1,NODE2,CH26,-50.49,1,0.392,test,2
2,1,NODE3,CH26,-46.98,1,0.483,test,2
2,1,NODE4,CH26,-39.19,1,0.739,test,2
2,1,NODE5,CH26,-50.42,1,0.36,test,2
2,1,NODE6,CH26,-49.24,1,0.425,test,2
2,1,NODE7,CH26,-43.85,1,0.749,test,2
2,1,NODE8,CH26,-42.83,1,0.814,test,2
2,1,NODE1,CH27,-99.76,0,0.615,test,2
2,1,NODE2,CH27,-95.92,0,0.406,test,2
2,1,NODE3,CH27,-104.15,0,0.48,test,2
2,1,NODE4,CH27,-93.1,0,0.807,test,2
2,1,NODE5,CH27,-102.38,0,0.407,test,2
2,1,NODE6,CH27,-96.86,0,0.391,test,2
2,1,NODE7,CH27,-98.32,0,0.677,test,2
2,1,NODE8,CH27,-95.29,0,0.833,test,2
2,1,NODE1,CH28,-91.12,0,0.713,test,2
2,1,NODE2,CH28,-98.19,0,0.383,test,2
2,1,NODE3,CH28,-96.11,0,0.509,test,2
2,1,NODE4,CH28,-91.34,0,0.774,test,2
2,1,NODE5,CH28,-97.31,0,0.429,test,2
2,1,NODE6,CH28,-90.26,0,0.43,test,2
2,1,NODE7,CH28,-90.78,0,0.676,test,2
2,1,NODE8,CH28,-94.93,0,0.772,test,2
2,1,NODE1,CH29,-102.52,0,0.688,test,2
2,1,NODE2,CH29,-98.68,0,0.406,test,2
2,1,NODE3,CH29,-93.23,0,0.509,test,2
2,1,NODE4,CH29,-96.11,0,0.803,test,2
2,1,NODE5,CH29,-94.95,0,0.416,test,2
2,1,NODE6,CH29,-100.59,0,0.404,test,2
2,1,NODE7,CH29,-96.54,0,0.718,test,2
2,1,NODE8,CH29,-95.48,0,0.779,test,2
2,1,NODE1,CH30,-100.24,0,0.684,test,2
2,1,NODE2,CH30,-99.4,0,0.434,test,2
2,1,NODE3,CH30,-100.63,0,0.472,test,2
2,1,NODE4,CH30,-93.92,0,0.766,test,2
2,1,NODE5,CH30,-97.49,0,0.432,test,2
2,1,NODE6,CH30,-98.4,0,0.404,test,2
2,1,NODE7,CH30,-96.41,0,0.685,test,2
2,1,NODE8,CH30,-93.58,0,0.782,test,2
2,1,NODE1,CH31,-98.78,0,0.666,test,2
2,1,NODE2,CH31,-104.69,0,0.363,test,2
2,1,NODE3,CH31,-102.25,0,0.539,test,2
2,1,NODE4,CH31,-98.93,0,0.788,test,2
2,1,NODE5,CH31,-98.22,0,0.393,test,2
2,1,NODE6,CH31,-100.28,0,0.425,test,2
2,1,NODE7,CH31,-91.98,0,0.772,test,2
2,1,NODE8,CH31,-93.92,0,0.775,test,2
2,1,NODE1,CH32,-92.4,0,0.653,test,2
2,1,NODE2,CH32,-97.18,0,0.353,test,2
2,1,NODE3,CH32,-98.09,0,0.516,test,2
2,1,NODE4,CH32,-96.56,0,0.815,test,2
2,1,NODE5,CH32,-99.17,0,0.387,test,2
2,1,NODE6,CH32,-100.67,0,0.449,test,2
2,1,NODE7,CH32,-92.35,0,0.695,test,2
2,1,NODE8,CH32,-98.89,0,0.807,test,2
2,1,NODE1,CH33,-42.85,1,0.73,test,2
2,1,NODE2,CH33,-51.79,1,0.385,test,2
2,1,NODE3,CH33,-47.54,1,0.534,test,2
2,1,NODE4,CH33,-42.13,1,0.787,test,2
2,1,NODE5,CH33,-50.0,1,0.412,test,2
2,1,NODE6,CH33,-49.82,1,0.45,test,2
2,1,NODE7,CH33,-37.69,1,0.708,test,2
2,1,NODE8,CH33,-39.68,1,0.742,test,2
2,1,NODE1,CH34,-95.44,0,0.673,test,2
2,1,NODE2,CH34,-102.38,0,0.452,test,2
2,1,NODE3,CH34,-101.71,0,0.502,test,2
2,1,NODE4,CH34,-96.21,0,0.782,test,2
2,1,NODE5,CH34,-96.0,0,0.405,test,2
2,1,NODE6,CH34,-97.27,0,0.371,test,2
2,1,NODE7,CH34,-94.49,0,0.707,test,2
2,1,NODE8,CH34,-98.72,0,0.779,test,2
2,1,NODE1,CH35,-42.93,1,0.655,test,2
2,1,NODE2,CH35,-52.38,1,0.412,test,2
2,1,NODE3,CH35,-46.49,1,0.528,test,2
2,1,NODE4,CH35,-41.01,1,0.829,test,2
2,1,NODE5,CH35,-48.47,1,0.431,test,2
2,1,NODE6,CH35,-47.74,1,0.394,test,2
2,1,NODE7,CH35,-42.69,1,0.707,test,2
2,1,NODE8,CH35,-42.35,1,0.817,test,2
2,1,NODE1,CH36,-97.69,0,0.689,test,2
2,1,NODE2,CH36,-99.51,0,0.45,test,2
2,1,NODE3,CH36,-97.07,0,0.495,test,2
2,1,NODE4,CH36,-100.23,0,0.785,test,2
2,1,NODE5,CH36,-97.65,0,0.398,test,2
2,1,NODE6,CH36,-98.98,0,0.407,test,2
2,1,NODE7,CH36,-94.79,0,0.736,test,2
2,1,NODE8,CH36,-91.95,0,0.798,test,2
2,1,NODE1,CH37,-98.5,0,0.692,test,2
2,1,NODE2,CH37,-96.32,0,0.352,test,2
2,1,NODE3,CH37,-95.16,0,0.479,test,2
2,1,NODE4,CH37,-93.42,0,0.831,test,2
2,1,NODE5,CH37,-95.82,0,0.375,test,2
2,1,NODE6,CH37,-99.1,0,0.464,test,2
2,1,NODE7,CH37,-92.81,0,0.681,test,2
2,1,NODE8,CH37,-100.5,0,0.852,test,2
2,1,NODE1,CH38,-98.08,0,0.653,test,2
2,1,NODE2,CH38,-95.69,0,0.315,test,2
2,1,NODE3,CH38,-100.82,0,0.442,test,2
2,1,NODE4,CH38,-100.46,0,0.0,test,2
2,1,NODE5,CH38,-96.35,0,0.433,test,2
2,1,NODE6,CH38,-94.91,0,0.39,test,2
2,1,NODE7,CH38,-95.24,0,0.736,test,2
2,1,NODE8,CH38,-94.31,0,0.806,test,2
2,1,NODE1,CH39,-90.66,0,0.675,test,2
2,1,NODE2,CH39,-98.92,0,0.398,test,2
2,1,NODE3,CH39,-93.57,0,0.503,test,2
2,1,NODE4,CH39,-96.0,0,0.704,test,2
2,1,NODE5,CH39,-98.89,0,0.395,test,2
2,1,NODE6,CH39,-93.56,0,0.352,test,2
2,1,NODE7,CH39,-100.41,0,0.723,test,2
2,1,NODE8,CH39,-97.89,0,0.811,test,2
2,1,NODE1,CH40,-93.6,0,0.686,test,2
2,1,NODE2,CH40,-102.48,0,0.405,test,2
2,1,NODE3,CH40,-100.43,0,0.492,test,2
2,1,NODE4,CH40,-94.86,0,0.768,test,2
2,1,NODE5,CH40,-96.97,0,0.412,test,2
2,1,NODE6,CH40,-96.58,0,0.405,test,2
2,1,NODE7,CH40,-99.5,0,0.735,test,2
2,1,NODE8,CH40,-95.53,0,0.778,test,2
2,2,NODE1,CH21,-44.43,1,0.655,test,2
2,2,NODE2,CH21,-48.91,1,0.359,test,2
2,2,NODE3,CH21,-49.94,1,0.503,test,2
2,2,NODE4,CH21,-40.86,1,0.723,test,2
2,2,NODE5,CH21,-51.09,1,0.394,test,2
2,2,NODE6,CH21,-48.45,1,0.406,test,2
2,2,NODE7,CH21,-43.2,1,0.732,test,2
2,2,NODE8,CH21,-41.26,1,0.826,test,2
2,2,NODE1,CH22,-95.98,0,0.674,test,2
2,2,NODE2,CH22,-97.57,0,0.469,test,2
2,2,NODE3,CH22,-95.97,0,0.438,test,2
2,2,NODE4,CH22,-96.78,0,0.752,test,2
2,2,NODE5,CH22,-98.04,0,0.0,test,2
2,2,NODE6,CH22,-102.72,0,0.383,test,2
2,2,NODE7,CH22,-100.59,0,0.745,test,2
2,2,NODE8,CH22,-97.28,0,0.81,test,2
2,2,NODE1,CH23,-97.54,0,0.719,test,2
2,2,NODE2,CH23,-96.7,0,0.379,test,2
2,2,NODE3,CH23,-100.28,0,0.527,test,2
2,2,NODE4,CH23,-94.66,0,0.745,test,2
2,2,NODE5,CH23,-97.13,0,0.392,test,2
2,2,NODE6,CH23,-99.33,0,0.408,test,2
2,2,NODE7,CH23,-95.46,0,0.707,test,2
2,2,NODE8,CH23,-94.01,0,0.782,test,2
2,2,NODE1,CH24,-95.41,0,0.682,test,2
2,2,NODE2,CH24,-96.39,0,0.413,test,2
2,2,NODE3,CH24,-101.38,0,0.536,test,2
2,2,NODE4,CH24,-94.76,0,0.747,test,2
2,2,NODE5,CH24,-96.49,0,0.366,test,2
2,2,NODE6,CH24,-97.73,0,0.448,test,2
2,2,NODE7,CH24,-95.18,0,0.787,test,2
2,2,NODE8,CH24,-92.94,0,0.816,test,2
2,2,NODE1,CH25,-101.59,0,0.748,test,2
2,2,NODE2,CH25,-101.22,0,0.366,test,2
2,2,NODE3,CH25,-97.93,0,0.443,test,2
2,2,NODE4,CH25,-96.95,0,0.769,test,2
2,2,NODE5,CH25,-92.8,0,0.396,test,2
2,2,NODE6,CH25,-97.52,0,0.436,test,2
2,2,NODE7,CH25,-99.57,0,0.702,test,2
2,2,NODE8,CH25,-87.92,0,0.761,test,2
2,2,NODE1,CH26,-102.75,0,0.689,test,2
2,2,NODE2,CH26,-100.14,0,0.442,test,2
2,2,NODE3,CH26,-96.39,0,0.47,test,2
2,2,NODE4,CH26,-93.61,0,0.783,test,2
2,2,NODE5,CH26,-102.44,0,0.364,test,2
2,2,NODE6,CH26,-94.87,0,0.426,test,2
2,2,NODE7,CH26,-95.94,0,0.701,test,2
2,2,NODE8,CH26,-96.63,0,0.814,test,2
2,2,NODE1,CH27,-97.92,0,0.72,test,2
2,2,NODE2,CH27,-93.76,0,0.351,test,2
2,2,NODE3,CH27,-97.7,0,0.519,test,2
2,2,NODE4,CH27,-95.03,0,0.738,test,2
2,2,NODE5,CH27,-99.53,0,0.464,test,2
2,2,NODE6,CH27,-100.09,0,0.376,test,2
2,2,NODE7,CH27,-97.39,0,0.701,test,2
2,2,NODE8,CH27,-95.73,0,0.748,test,2
2,2,NODE1,CH28,-98.96,0,0.71,test,2
2,2,NODE2,CH28,-96.94,0,0.37,test,2
2,2,NODE3,CH28,-95.14,0,0.522,test,2
2,2,NODE4,CH28,-95.28,0,0.733,test,2
2,2,NODE5,CH28,-97.43,0,0.368,test,2
2,2,NODE6,CH28,-104.27,0,0.419,test,2
2,2,NODE7,CH28,-94.36,0,0.768,test,2
2,2,NODE8,CH28,-96.52,0,0.775,test,2
2,2,NODE1,CH29,-104.78,0,0.715,test,2
2,2,NODE2,CH29,-99.11,0,0.392,test,2
2,2,NODE3,CH29,-99.93,0,0.48,test,2
2,2,NODE4,CH29,-96.07,0,0.739,test,2
2,2,NODE5,CH29,-99.86,0,0.415,test,2
2,2,NODE6,CH29,-99.22,0,0.493,test,2
2,2,NODE7,CH29,-96.72,0,0.775,test,2
2,2,NODE8,CH29,-101.73,0,0.784,test,2
2,2,NODE1,CH30,-102.67,0,0.681,test,2
2,2,NODE2,CH30,-96.65,0,0.422,test,2
2,2,NODE3,CH30,-96.35,0,0.48,test,2
2,2,NODE4,CH30,-94.42,0,0.772,test,2
2,2,NODE5,CH30,-99.2,0,0.411,test,2
2,2,NODE6,CH30,-97.55,0,0.392,test,2
2,2,NODE7,CH30,-100.2,0,0.73,test,2
2,2,NODE8,CH30,-93.45,0,0.788,test,2
2,2,NODE1,CH31,-94.75,0,0.666,test,2
2,2,NODE2,CH31,-99.56,0,0.357,test,2
2,2,NODE3,CH31,-96.37,0,0.523,test,2
2,2,NODE4,CH31,-95.6,0,0.764,test,2
2,2,NODE5,CH31,-97.4,0,0.455,test,2
2,2,NODE6,CH31,-96.12,0,0.373,test,2
2,2,NODE7,CH31,-97.06,0,0.761,test,2
2,2,NODE8,CH31,-97.47,0,0.758,test,2
2,2,NODE1,CH32,-99.64,0,0.668,test,2
2,2,NODE2,CH32,-97.38,0,0.386,test,2
2,2,NODE3,CH32,-95.18,0,0.48,test,2
2,2,NODE4,CH32,-96.19,0,0.739,test,2
2,2,NODE5,CH32,-94.19,0,0.45,test,2
2,2,NODE6,CH32,-95.36,0,0.387,test,2
2,2,NODE7,CH32,-96.31,0,0.711,test,2
2,2,NODE8,CH32,-98.24,0,0.78,test,2
2,2,NODE1,CH33,-99.62,0,0.654,test,2
2,2,NODE2,CH33,-95.32,0,0.388,test,2
2,2,NODE3,CH33,-95.91,0,0.485,test,2
2,2,NODE4,CH33,-91.3,0,0.834,test,2
2,2,NODE5,CH33,-98.71,0,0.408,test,2
2,2,NODE6,CH33,-103.16,0,0.38,test,2
2,2,NODE7,CH33,-91.13,0,0.758,test,2
2,2,NODE8,CH33,-91.3,0,0.811,test,2
2,2,NODE1,CH34,-94.4,0,0.7,test,2
2,2,NODE2,CH34,-95.95,0,0.394,test,2
2,2,NODE3,CH34,-98.51,0,0.478,test,2
2,2,NODE4,CH34,-94.78,0,0.778,test,2
2,2,NODE5,CH34,-92.29,0,0.447,test,2
2,2,NODE6,CH34,-100.99,0,0.393,test,2
2,2,NODE7,CH34,-97.33,0,0.681,test,2
2,2,NODE8,CH34,-96.66,0,0.822,test,2
2,2,NODE1,CH35,-43.25,1,0.683,test,2
2,2,NODE2,CH35,-49.94,1,0.368,test,2
2,2,NODE3,CH35,-46.44,1,0.465,test,2
2,2,NODE4,CH35,-43.19,1,0.784,test,2
2,2,NODE5,CH35,-52.21,1,0.427,test,2
2,2,NODE6,CH35,-50.77,1,0.403,test,2
2,2,NODE7,CH35,-45.2,1,0.73,test,2
2,2,NODE8,CH35,-38.8,1,0.794,test,2
2,2,NODE1,CH36,-98.32,0,0.674,test,2
2,2,NODE2,CH36,-96.34,0,0.397,test,2
2,2,NODE3,CH36,-94.35,0,0.486,test,2
2,2,NODE4,CH36,-94.57,0,0.776,test,2
2,2,NODE5,CH36,-102.47,0,0.419,test,2
2,2,NODE6,CH36,-98.3,0,0.406,test,2
2,2,NODE7,CH36,-94.61,0,0.662,test,2
2,2,NODE8,CH36,-97.36,0,0.804,test,2
2,2,NODE1,CH37,-97.49,0,0.647,test,2
2,2,NODE2,CH37,-96.61,0,0.449,test,2
2,2,NODE3,CH37,-94.61,0,0.468,test,2
2,2,NODE4,CH37,-97.58,0,0.739,test,2
2,2,NODE5,CH37,-95.19,0,0.385,test,2
2,2,NODE6,CH37,-88.99,0,0.423,test,2
2,2,NODE7,CH37,-95.46,0,0.708,test,2
2,2,NODE8,CH37,-97.4,0,0.779,test,2
2,2,NODE1,CH38,-98.15,0,0.715,test,2
2,2,NODE2,CH38,-99.17,0,0.439,test,2
2,2,NODE3,CH38,-98.62,0,0.499,test,2
2,2,NODE4,CH38,-95.1,0,0.76,test,2
2,2,NODE5,CH38,-99.03,0,0.363,test,2
2,2,NODE6,CH38,-96.76,0,0.436,test,2
2,2,NODE7,CH38,-97.33,0,0.742,test,2
2,2,NODE8,CH38,-98.29,0,0.815,test,2
2,2,NODE1,CH39,-41.72,1,0.689,test,2
2,2,NODE2,CH39,-49.9,1,0.366,test,2
2,2,NODE3,CH39,-47.88,1,0.514,test,2
2,2,NODE4,CH39,-41.79,1,0.0,test,2
2,2,NODE5,CH39,-51.01,1,0.448,test,2
2,2,NODE6,CH39,-48.25,1,0.444,test,2
2,2,NODE7,CH39,-42.78,1,0.722,test,2
2,2,NODE8,CH39,-39.96,1,0.821,test,2
2,2,NODE1,CH40,-98.71,0,0.679,test,2
2,2,NODE2,CH40,-94.58,0,0.409,test,2
2,2,NODE3,CH40,-102.48,0,0.545,test,2
2,2,NODE4,CH40,-95.17,0,0.772,test,2
2,2,NODE5,CH40,-101.4,0,0.438,test,2
2,2,NODE6,CH40,-101.46,0,0.407,test,2
2,2,NODE7,CH40,-96.87,0,0.708,test,2
2,2,NODE8,CH40,-98.12,0,0.763,test,2
2,3,NODE1,CH21,-94.99,0,0.695,test,2
2,3,NODE2,CH21,-101.12,0,0.452,test,2
2,3,NODE3,CH21,-98.94,0,0.499,test,2
2,3,NODE4,CH21,-97.67,0,0.77,test,2
2,3,NODE5,CH21,-95.51,0,0.437,test,2
2,3,NODE6,CH21,-95.54,0,0.435,test,2
2,3,NODE7,CH21,-96.58,0,0.718,test,2
2,3,NODE8,CH21,-96.5,0,0.769,test,2
2,3,NODE1,CH22,-93.22,0,0.674,test,2
2,3,NODE2,CH22,-99.99,0,0.361,test,2
2,3,NODE3,CH22,-95.19,0,0.476,test,2
2,3,NODE4,CH22,-92.45,0,0.773,test,2
2,3,NODE5,CH22,-95.89,0,0.412,test,2
2,3,NODE6,CH22,-100.86,0,0.399,test,2
2,3,NODE7,CH22,-98.17,0,0.707,test,2
2,3,NODE8,CH22,-98.53,0,0.799,test,2
2,3,NODE1,CH23,-99.33,0,0.661,test,2
2,3,NODE2,CH23,-96.04,0,0.389,test,2
2,3,NODE3,CH23,-96.67,0,0.494,test,2
2,3,NODE4,CH23,-96.14,0,0.743,test,2
2,3,NODE5,CH23,-95.52,0,0.408,test,2
2,3,NODE6,CH23,-103.05,0,0.364,test,2
2,3,NODE7,CH23,-92.25,0,0.719,test,2
2,3,NODE8,CH23,-96.56,0,0.828,test,2
2,3,NODE1,CH24,-96.49,0,0.648,test,2
2,3,NODE2,CH24,-100.54,0,0.395,test,2
2,3,NODE3,CH24,-97.61,0,0.519,test,2
2,3,NODE4,CH24,-100.88,0,0.817,test,2
2,3,NODE5,CH24,-98.28,0,0.454,test,2
2,3,NODE6,CH24,-98.81,0,0.428,test,2
2,3,NODE7,CH24,-95.0,0,0.693,test,2
2,3,NODE8,CH24,-95.92,0,0.745,test,2
2,3,NODE1,CH25,-96.91,0,0.729,test,2
2,3,NODE2,CH25,-96.34,0,0.322,test,2
2,3,NODE3,CH25,-96.44,0,0.483,test,2
2,3,NODE4,CH25,-100.89,0,0.779,test,2
2,3,NODE5,CH25,-99.1,0,0.454,test,2
2,3,NODE6,CH25,-99.73,0,0.404,test,2
2,3,NODE7,CH25,-96.22,0,0.698,test,2
2,3,NODE8,CH25,-99.91,0,0.768,test,2
2,3,NODE1,CH26,-44.04,1,0.71,test,2
2,3,NODE2,CH26,-49.09,1,0.386,test,2
2,3,NODE3,CH26,-44.92,1,0.0,test,2
2,3,NODE4,CH26,-40.68,1,0.806,test,2
2,3,NODE5,CH26,-48.89,1,0.367,test,2
2,3,NODE6,CH26,-50.77,1,0.395,test,2
2,3,NODE7,CH26,-42.88,1,0.687,test,2
2,3,NODE8,CH26,-41.2,1,0.79,test,2
2,3,NODE1,CH27,-93.8,0,0.742,test,2
2,3,NODE2,CH27,-95.72,0,0.408,test,2
2,3,NODE3,CH27,-96.13,0,0.525,test,2
2,3,NODE4,CH27,-97.95,0,0.729,test,2
2,3,NODE5,CH27,-99.26,0,0.413,test,2
2,3,NODE6,CH27,-98.03,0,0.416,test,2
2,3,NODE7,CH27,-96.35,0,0.752,test,2
2,3,NODE8,CH27,-94.82,0,0.753,test,2
2,3,NODE1,CH28,-98.37,0,0.65,test,2
2,3,NODE2,CH28,-103.78,0,0.42,test,2
2,3,NODE3,CH28,-97.83,0,0.48,test,2
2,3,NODE4,CH28,-94.99,0,0.83,test,2
2,3,NODE5,CH28,-97.4,0,0.394,test,2
2,3,NODE6,CH28,-93.61,0,0.46,test,2
2,3,NODE7,CH28,-98.32,0,0.7,test,2
2,3,NODE8,CH28,-98.56,0,0.779,test,2
2,3,NODE1,CH29,-90.59,0,0.642,test,2
2,3,NODE2,CH29,-100.37,0,0.387,test,2
2,3,NODE3,CH29,-92.52,0,0.496,test,2
2,3,NODE4,CH29,-98.68,0,0.782,test,2
2,3,NODE5,CH29,-96.92,0,0.392,test,2
2,3,NODE6,CH29,-95.62,0,0.411,test,2
2,3,NODE7,CH29,-98.69,0,0.722,test,2
2,3,NODE8,CH29,-94.65,0,0.871,test,2
2,3,NODE1,CH30,-100.76,0,0.702,test,2
2,3,NODE2,CH30,-96.37,0,0.407,test,2
2,3,NODE3,CH30,-94.23,0,0.468,test,2
2,3,NODE4,CH30,-95.52,0,0.799,test,2
2,3,NODE5,CH30,-100.7,0,0.363,test,2
2,3,NODE6,CH30,-94.94,0,0.404,test,2
2,3,NODE7,CH30,-96.47,0,0.788,test,2
2,3,NODE8,CH30,-91.48,0,0.778,test,2
2,3,NODE1,CH31,-100.83,0,0.672,test,2
2,3,NODE2,CH31,-105.02,0,0.426,test,2
2,3,NODE3,CH31,-98.45,0,0.462,test,2
2,3,NODE4,CH31,-101.43,0,0.719,test,2
2,3,NODE5,CH31,-98.65,0,0.388,test,2
2,3,NODE6,CH31,-95.85,0,0.436,test,2
2,3,NODE7,CH31,-96.9,0,0.731,test,2
2,3,NODE8,CH31,-88.19,0,0.748,test,2
2,3,NODE1,CH32,-97.12,0,0.719,test,2
2,3,NODE2,CH32,-100.46,0,0.396,test,2
2,3,NODE3,CH32,-93.75,0,0.51,test,2
2,3,NODE4,CH32,-98.31,0,0.76,test,2
2,3,NODE5,CH32,-96.12,0,0.417,test,2
2,3,NODE6,CH32,-93.6,0,0.477,test,2
2,3,NODE7,CH32,-97.09,0,0.702,test,2
2,3,NODE8,CH32,-95.36,0,0.786,test,2
2,3,NODE1,CH33,-43.38,1,0.672,test,2
2,3,NODE2,CH33,-48.89,1,0.381,test,2
2,3,NODE3,CH33,-45.17,1,0.452,test,2
2,3,NODE4,CH33,-39.31,1,0.763,test,2
2,3,NODE5,CH33,-50.5,1,0.449,test,2
2,3,NODE6,CH33,-47.3,1,0.45,test,2
2,3,NODE7,CH33,-41.65,1,0.754,test,2
2,3,NODE8,CH33,-38.9,1,0.755,test,2
2,3,NODE1,CH34,-99.1,0,0.676,test,2
2,3,NODE2,CH34,-98.74,0,0.41,test,2
2,3,NODE3,CH34,-100.7,0,0.451,test,2
2,3,NODE4,CH34,-95.07,0,0.719,test,2
2,3,NODE5,CH34,-98.95,0,0.404,test,2
2,3,NODE6,CH34,-98.09,0,0.389,test,2
2,3,NODE7,CH34,-95.39,0,0.71,test,2
2,3,NODE8,CH34,-96.03,0,0.817,test,2
2,3,NODE1,CH35,-94.44,0,0.702,test,2
2,3,NODE2,CH35,-98.74,0,0.433,test,2
2,3,NODE3,CH35,-96.49,0,0.478,test,2
2,3,NODE4,CH35,-96.9,0,0.722,test,2
2,3,NODE5,CH35,-94.51,0,0.378,test,2
2,3,NODE6,CH35,-90.45,0,0.387,test,2
2,3,NODE7,CH35,-92.58,0,0.718,test,2
2,3,NODE8,CH35,-96.63,0,0.792,test,2
2,3,NODE1,CH36,-98.73,0,0.68,test,2
2,3,NODE2,CH36,-102.41,0,0.406,test,2
2,3,NODE3,CH36,-101.88,0,0.521,test,2
2,3,NODE4,CH36,-91.41,0,0.744,test,2
2,3,NODE5,CH36,-96.05,0,0.375,test,2
2,3,NODE6,CH36,-96.58,0,0.426,test,2
2,3,NODE7,CH36,-97.22,0,0.7,test,2
2,3,NODE8,CH36,-92.68,0,0.752,test,2
2,3,NODE1,CH37,-97.63,0,0.701,test,2
2,3,NODE2,CH37,-99.66,0,0.443,test,2
2,3,NODE3,CH37,-94.03,0,0.512,test,2
2,3,NODE4,CH37,-93.51,0,0.805,test,2
2,3,NODE5,CH37,-94.71,0,0.405,test,2
2,3,NODE6,CH37,-98.06,0,0.4,test,2
2,3,NODE7,CH37,-93.75,0,0.678,test,2
2,3,NODE8,CH37,-97.99,0,0.775,test,2
2,3,NODE1,CH38,-96.31,0,0.639,test,2
2,3,NODE2,CH38,-95.83,0,0.392,test,2
2,3,NODE3,CH38,-94.73,0,0.439,test,2
2,3,NODE4,CH38,-95.86,0,0.811,test,2
2,3,NODE5,CH38,-100.08,0,0.404,test,2
2,3,NODE6,CH38,-100.55,0,0.401,test,2
2,3,NODE7,CH38,-100.95,0,0.702,test,2
2,3,NODE8,CH38,-100.2,0,0.768,test,2
2,3,NODE1,CH39,-98.74,0,0.693,test,2
2,3,NODE2,CH39,-100.81,0,0.436,test,2
2,3,NODE3,CH39,-95.27,0,0.502,test,2
2,3,NODE4,CH39,-95.31,0,0.787,test,2
2,3,NODE5,CH39,-102.19,0,0.341,test,2
2,3,NODE6,CH39,-103.84,0,0.438,test,2
2,3,NODE7,CH39,-96.31,0,0.725,test,2
2,3,NODE8,CH39,-94.29,0,0.804,test,2
2,3,NODE1,CH40,-100.97,0,0.703,test,2
2,3,NODE2,CH40,-96.05,0,0.402,test,2
2,3,NODE3,CH40,-94.15,0,0.506,test,2
2,3,NODE4,CH40,-92.4,0,0.808,test,2
2,3,NODE5,CH40,-103.61,0,0.388,test,2
2,3,NODE6,CH40,-97.27,0,0.45,test,2
2,3,NODE7,CH40,-98.38,0,0.717,test,2
2,3,NODE8,CH40,-93.51,0,0.78,test,2
2,4,NODE1,CH21,-95.7,0,0.698,test,2
2,4,NODE2,CH21,-98.77,0,0.419,test,2
2,4,NODE3,CH21,-99.52,0,0.491,test,2
2,4,NODE4,CH21,-95.3,0,0.81,test,2
2,4,NODE5,CH21,-93.5,0,0.382,test,2
2,4,NODE6,CH21,-99.77,0,0.35,test,2
2,4,NODE7,CH21,-97.82,0,0.707,test,2
2,4,NODE8,CH21,-98.01,0,0.777,test,2
2,4,NODE1,CH22,-93.28,0,0.687,test,2
2,4,NODE2,CH22,-93.25,0,0.387,test,2
2,4,NODE3,CH22,-102.09,0,0.0,test,2
2,4,NODE4,CH22,-98.96,0,0.789,test,2
2,4,NODE5,CH22,-97.32,0,0.372,test,2
2,4,NODE6,CH22,-97.28,0,0.399,test,2
2,4,NODE7,CH22,-97.3,0,0.749,test,2
2,4,NODE8,CH22,-97.17,0,0.837,test,2
2,4,NODE1,CH23,-92.38,0,0.645,test,2
2,4,NODE2,CH23,-97.4,0,0.379,test,2
2,4,NODE3,CH23,-93.9,0,0.471,test,2
2,4,NODE4,CH23,-93.76,0,0.775,test,2
2,4,NODE5,CH23,-93.41,0,0.398,test,2
2,4,NODE6,CH23,-94.74,0,0.427,test,2
2,4,NODE7,CH23,-91.31,0,0.673,test,2
2,4,NODE8,CH23,-102.05,0,0.832,test,2
2,4,NODE1,CH24,-94.88,0,0.683,test,2
2,4,NODE2,CH24,-98.25,0,0.39,test,2
2,4,NODE3,CH24,-92.63,0,0.541,test,2
2,4,NODE4,CH24,-94.75,0,0.84,test,2
2,4,NODE5,CH24,-100.92,0,0.367,test,2
2,4,NODE6,CH24,-94.99,0,0.412,test,2
2,4,NODE7,CH24,-97.0,0,0.745,test,2
2,4,NODE8,CH24,-93.0,0,0.796,test,2
2,4,NODE1,CH25,-96.05,0,0.671,test,2
2,4,NODE2,CH25,-99.41,0,0.398,test,2
2,4,NODE3,CH25,-94.58,0,0.506,test,2
2,4,NODE4,CH25,-96.93,0,0.804,test,2
2,4,NODE5,CH25,-103.27,0,0.386,test,2
2,4,NODE6,CH25,-97.5,0,0.465,test,2
2,4,NODE7,CH25,-100.8,0,0.728,test,2
2,4,NODE8,CH25,-92.95,0,0.781,test,2
2,4,NODE1,CH26,-44.51,1,0.705,test,2
2,4,NODE2,CH26,-48.93,1,0.366,test,2
2,4,NODE3,CH26,-49.02,1,0.466,test,2
2,4,NODE4,CH26,-41.06,1,0.8,test,2
2,4,NODE5,CH26,-51.18,1,0.453,test,2
2,4,NODE6,CH26,-51.65,1,0.438,test,2
2,4,NODE7,CH26,-42.33,1,0.733,test,2
2,4,NODE8,CH26,-40.42,1,0.769,test,2
2,4,NODE1,CH27,-99.28,0,0.632,test,2
2,4,NODE2,CH27,-97.56,0,0.429,test,2
2,4,NODE3,CH27,-96.48,0,0.443,test,2
2,4,NODE4,CH27,-91.77,0,0.731,test,2
2,4,NODE5,CH27,-99.98,0,0.436,test,2
2,4,NODE6,CH27,-99.32,0,0.47,test,2
2,4,NODE7,CH27,-92.93,0,0.722,test,2
2,4,NODE8,CH27,-95.33,0,0.765,test,2
2,4,NODE1,CH28,-41.55,1,0.663,test,2
2,4,NODE2,CH28,-51.71,1,0.32,test,2
2,4,NODE3,CH28,-47.61,1,0.493,test,2
2,4,NODE4,CH28,-39.5,1,0.77,test,2
2,4,NODE5,CH28,-47.87,1,0.394,test,2
2,4,NODE6,CH28,-47.52,1,0.434,test,2
2,4,NODE7,CH28,-39.59,1,0.692,test,2
2,4,NODE8,CH28,-36.22,1,0.777,test,2
2,4,NODE1,CH29,-40.61,1,0.663,test,2
2,4,NODE2,CH29,-49.43,1,0.371,test,2
2,4,NODE3,CH29,-47.02,1,0.47,test,2
2,4,NODE4,CH29,-41.12,1,0.779,test,2
2,4,NODE5,CH29,-51.48,1,0.385,test,2
2,4,NODE6,CH29,-47.99,1,0.395,test,2
2,4,NODE7,CH29,-40.76,1,0.715,test,2
2,4,NODE8,CH29,-37.54,1,0.803,test,2
2,4,NODE1,CH30,-103.56,0,0.69,test,2
2,4,NODE2,CH30,-91.75,0,0.421,test,2
2,4,NODE3,CH30,-96.6,0,0.429,test,2
2,4,NODE4,CH30,-96.76,0,0.782,test,2
2,4,NODE5,CH30,-100.02,0,0.435,test,2
2,4,NODE6,CH30,-99.87,0,0.424,test,2
2,4,NODE7,CH30,-92.39,0,0.697,test,2
2,4,NODE8,CH30,-92.36,0,0.781,test,2
2,4,NODE1,CH31,-93.17,0,0.695,test,2
2,4,NODE2,CH31,-93.46,0,0.392,test,2
2,4,NODE3,CH31,-91.91,0,0.475,test,2
2,4,NODE4,CH31,-97.15,0,0.827,test,2
2,4,NODE5,CH31,-96.53,0,0.381,test,2
2,4,NODE6,CH31,-99.11,0,0.411,test,2
2,4,NODE7,CH31,-100.01,0,0.76,test,2
2,4,NODE8,CH31,-99.89,0,0.759,test,2
2,4,NODE1,CH32,-39.9,1,0.707,test,2
2,4,NODE2,CH32,-49.12,1,0.456,test,2
2,4,NODE3,CH32,-50.97,1,0.493,test,2
2,4,NODE4,CH32,-40.95,1,0.814,test,2
2,4,NODE5,CH32,-49.79,1,0.393,test,2
2,4,NODE6,CH32,-45.7,1,0.418,test,2
2,4,NODE7,CH32,-42.36,1,0.694,test,2
2,4,NODE8,CH32,-39.41,1,0.757,test,2
2,4,NODE1,CH33,-41.99,1,0.691,test,2
2,4,NODE2,CH33,-53.65,1,0.461,test,2
2,4,NODE3,CH33,-47.58,1,0.428,test,2
2,4,NODE4,CH33,-40.24,1,0.79,test,2
2,4,NODE5,CH33,-50.79,1,0.425,test,2
2,4,NODE6,CH33,-50.01,1,0.435,test,2
2,4,NODE7,CH33,-38.44,1,0.744,test,2
2,4,NODE8,CH33,-38.62,1,0.819,test,2
2,4,NODE1,CH34,-93.44,0,0.656,test,2
2,4,NODE2,CH34,-98.05,0,0.403,test,2
2,4,NODE3,CH34,-100.39,0,0.452,test,2
2,4,NODE4,CH34,-103.28,0,0.707,test,2
2,4,NODE5,CH34,-97.72,0,0.34,test,2
2,4,NODE6,CH34,-94.57,0,0.421,test,2
2,4,NODE7,CH34,-97.91,0,0.746,test,2
2,4,NODE8,CH34,-96.31,0,0.751,test,2
2,4,NODE1,CH35,-42.65,1,0.716,test,2
2,4,NODE2,CH35,-50.11,1,0.399,test,2
2,4,NODE3,CH35,-46.5,1,0.446,test,2
2,4,NODE4,CH35,-39.1,1,0.824,test,2
2,4,NODE5,CH35,-50.3,1,0.351,test,2
2,4,NODE6,CH35,-51.31,1,0.406,test,2
2,4,NODE7,CH35,-41.91,1,0.665,test,2
2,4,NODE8,CH35,-40.6,1,0.754,test,2
2,4,NODE1,CH36,-41.27,1,0.615,test,2
2,4,NODE2,CH36,-48.79,1,0.379,test,2
2,4,NODE3,CH36,-47.07,1,0.499,test,2
2,4,NODE4,CH36,-41.16,1,0.762,test,2
2,4,NODE5,CH36,-51.69,1,0.409,test,2
2,4,NODE6,CH36,-50.2,1,0.439,test,2
2,4,NODE7,CH36,-41.63,1,0.785,test,2
2,4,NODE8,CH36,-37.74,1,0.773,test,2
2,4,NODE1,CH37,-39.44,1,0.677,test,2
2,4,NODE2,CH37,-49.8,1,0.443,test,2
2,4,NODE3,CH37,-48.01,1,0.498,test,2
2,4,NODE4,CH37,-39.22,1,0.76,test,2
2,4,NODE5,CH37,-48.45,1,0.371,test,2
2,4,NODE6,CH37,-46.64,1,0.427,test,2
2,4,NODE7,CH37,-41.64,1,0.71,test,2
2,4,NODE8,CH37,-40.43,1,0.0,test,2
2,4,NODE1,CH38,-42.89,1,0.724,test,2
2,4,NODE2,CH38,-48.6,1,0.4,test,2
2,4,NODE3,CH38,-46.19,1,0.488,test,2
2,4,NODE4,CH38,-41.74,1,0.778,test,2
2,4,NODE5,CH38,-48.09,1,0.426,test,2
2,4,NODE6,CH38,-50.83,1,0.461,test,2
2,4,NODE7,CH38,-43.6,1,0.675,test,2
2,4,NODE8,CH38,-40.94,1,0.812,test,2
2,4,NODE1,CH39,-103.72,0,0.689,test,2
2,4,NODE2,CH39,-100.79,0,0.403,test,2
2,4,NODE3,CH39,-97.21,0,0.483,test,2
2,4,NODE4,CH39,-96.99,0,0.824,test,2
2,4,NODE5,CH39,-96.4,0,0.387,test,2
2,4,NODE6,CH39,-93.28,0,0.364,test,2
2,4,NODE7,CH39,-95.75,0,0.756,test,2
2,4,NODE8,CH39,-97.56,0,0.775,test,2
2,4,NODE1,CH40,-101.37,0,0.664,test,2
2,4,NODE2,CH40,-93.61,0,0.299,test,2
2,4,NODE3,CH40,-92.37,0,0.512,test,2
2,4,NODE4,CH40,-97.73,0,0.807,test,2
2,4,NODE5,CH40,-93.64,0,0.362,test,2
2,4,NODE6,CH40,-97.8,0,0.433,test,2
2,4,NODE7,CH40,-96.39,0,0.72,test,2
2,4,NODE8,CH40,-95.23,0,0.797,test,2
2,5,NODE1,CH21,-98.46,0,0.697,test,2
2,5,NODE2,CH21,-96.76,0,0.397,test,2
2,5,NODE3,CH21,-100.7,0,0.532,test,2
2,5,NODE4,CH21,-94.03,0,0.761,test,2
2,5,NODE5,CH21,-97.21,0,0.399,test,2
2,5,NODE6,CH21,-94.9,0,0.343,test,2
2,5,NODE7,CH21,-95.9,0,0.737,test,2
2,5,NODE8,CH21,-97.31,0,0.767,test,2
2,5,NODE1,CH22,-94.74,0,0.628,test,2
2,5,NODE2,CH22,-100.66,0,0.39,test,2
2,5,NODE3,CH22,-98.8,0,0.518,test,2
2,5,NODE4,CH22,-91.91,0,0.778,test,2
2,5,NODE5,CH22,-97.72,0,0.403,test,2
2,5,NODE6,CH22,-97.22,0,0.421,test,2
2,5,NODE7,CH22,-98.69,0,0.695,test,2
2,5,NODE8,CH22,-94.03,0,0.819,test,2
2,5,NODE1,CH23,-41.62,1,0.692,test,2
2,5,NODE2,CH23,-51.18,1,0.379,test,2
2,5,NODE3,CH23,-48.53,1,0.506,test,2
2,5,NODE4,CH23,-40.89,1,0.744,test,2
2,5,NODE5,CH23,-50.75,1,0.428,test,2
2,5,NODE6,CH23,-49.9,1,0.442,test,2
2,5,NODE7,CH23,-40.56,1,0.745,test,2
2,5,NODE8,CH23,-40.32,1,0.814,test,2
2,5,NODE1,CH24,-101.2,0,0.703,test,2
2,5,NODE2,CH24,-96.47,0,0.408,test,2
2,5,NODE3,CH24,-98.99,0,0.425,test,2
2,5,NODE4,CH24,-92.53,0,0.784,test,2
2,5,NODE5,CH24,-96.63,0,0.364,test,2
2,5,NODE6,CH24,-97.83,0,0.426,test,2
2,5,NODE7,CH24,-95.16,0,0.693,test,2
2,5,NODE8,CH24,-93.17,0,0.825,test,2
2,5,NODE1,CH25,-102.52,0,0.665,test,2
2,5,NODE2,CH25,-100.91,0,0.0,test,2
2,5,NODE3,CH25,-101.27,0,0.491,test,2
2,5,NODE4,CH25,-96.62,0,0.783,test,2
2,5,NODE5,CH25,-96.88,0,0.385,test,2
2,5,NODE6,CH25,-96.74,0,0.459,test,2
2,5,NODE7,CH25,-97.83,0,0.742,test,2
2,5,NODE8,CH25,-91.66,0,0.743,test,2
2,5,NODE1,CH26,-43.4,1,0.759,test,2
2,5,NODE2,CH26,-52.06,1,0.39,test,2
2,5,NODE3,CH26,-45.27,1,0.512,test,2
2,5,NODE4,CH26,-41.2,1,0.76,test,2
2,5,NODE5,CH26,-49.42,1,0.447,test,2
2,5,NODE6,CH26,-50.15,1,0.408,test,2
2,5,NODE7,CH26,-43.96,1,0.713,test,2
2,5,NODE8,CH26,-40.51,1,0.81,test,2
2,5,NODE1,CH27,-88.84,0,0.67,test,2
2,5,NODE2,CH27,-96.37,0,0.414,test,2
2,5,NODE3,CH27,-95.49,0,0.456,test,2
2,5,NODE4,CH27,-95.83,0,0.771,test,2
2,5,NODE5,CH27,-96.27,0,0.378,test,2
2,5,NODE6,CH27,-96.86,0,0.407,test,2
2,5,NODE7,CH27,-97.98,0,0.705,test,2
2,5,NODE8,CH27,-95.25,0,0.797,test,2
2,5,NODE1,CH28,-43.38,1,0.701,test,2
2,5,NODE2,CH28,-49.19,1,0.411,test,2
2,5,NODE3,CH28,-48.6,1,0.502,test,2
2,5,NODE4,CH28,-40.69,1,0.799,test,2
2,5,NODE5,CH28,-47.65,1,0.364,test,2
2,5,NODE6,CH28,-49.14,1,0.433,test,2
2,5,NODE7,CH28,-40.87,1,0.718,test,2
2,5,NODE8,CH28,-41.64,1,0.775,test,2
2,5,NODE1,CH29,-43.69,1,0.716,test,2
2,5,NODE2,CH29,-50.73,1,0.326,test,2
2,5,NODE3,CH29,-46.69,1,0.524,test,2
2,5,NODE4,CH29,-40.41,1,0.819,test,2
2,5,NODE5,CH29,-51.1,1,0.461,test,2
2,5,NODE6,CH29,-50.0,1,0.415,test,2
2,5,NODE7,CH29,-45.68,1,0.723,test,2
2,5,NODE8,CH29,-39.76,1,0.833,test,2
2,5,NODE1,CH30,-98.43,0,0.681,test,2
2,5,NODE2,CH30,-99.05,0,0.394,test,2
2,5,NODE3,CH30,-97.13,0,0.467,test,2
2,5,NODE4,CH30,-98.54,0,0.799,test,2
2,5,NODE5,CH30,-97.59,0,0.378,test,2
2,5,NODE6,CH30,-96.26,0,0.378,test,2
2,5,NODE7,CH30,-97.65,0,0.729,test,2
2,5,NODE8,CH30,-95.85,0,0.816,test,2
2,5,NODE1,CH31,-42.06,1,0.668,test,2
2,5,NODE2,CH31,-49.75,1,0.416,test,2
2,5,NODE3,CH31,-46.01,1,0.518,test,2
2,5,NODE4,CH31,-40.6,1,0.774,test,2
2,5,NODE5,CH31,-50.61,1,0.439,test,2
2,5,NODE6,CH31,-50.71,1,0.397,test,2
2,5,NODE7,CH31,-39.31,1,0.718,test,2
2,5,NODE8,CH31,-40.13,1,0.794,test,2
2,5,NODE1,CH32,-40.35,1,0.676,test,2
2,5,NODE2,CH32,-49.82,1,0.454,test,2
2,5,NODE3,CH32,-48.15,1,0.494,test,2
2,5,NODE4,CH32,-39.54,1,0.787,test,2
2,5,NODE5,CH32,-48.65,1,0.369,test,2
2,5,NODE6,CH32,-49.39,1,0.483,test,2
2,5,NODE7,CH32,-43.04,1,0.78,test,2
2,5,NODE8,CH32,-37.43,1,0.792,test,2
2,5,NODE1,CH33,-40.64,1,0.637,test,2
2,5,NODE2,CH33,-49.87,1,0.368,test,2
2,5,NODE3,CH33,-47.2,1,0.509,test,2
2,5,NODE4,CH33,-39.9,1,0.719,test,2
2,5,NODE5,CH33,-50.11,1,0.388,test,2
2,5,NODE6,CH33,-49.54,1,0.46,test,2
2,5,NODE7,CH33,-40.95,1,0.738,test,2
2,5,NODE8,CH33,-36.54,1,0.745,test,2
2,5,NODE1,CH34,-94.68,0,0.668,test,2
2,5,NODE2,CH34,-91.57,0,0.378,test,2
2,5,NODE3,CH34,-98.62,0,0.534,test,2
2,5,NODE4,CH34,-96.64,0,0.798,test,2
2,5,NODE5,CH34,-99.39,0,0.402,test,2
2,5,NODE6,CH34,-98.14,0,0.362,test,2
2,5,NODE7,CH34,-98.11,0,0.72,test,2
2,5,NODE8,CH34,-94.88,0,0.801,test,2
2,5,NODE1,CH35,-95.57,0,0.777,test,2
2,5,NODE2,CH35,-95.2,0,0.0,test,2
2,5,NODE3,CH35,-100.37,0,0.538,test,2
2,5,NODE4,CH35,-97.8,0,0.78,test,2
2,5,NODE5,CH35,-95.84,0,0.365,test,2
2,5,NODE6,CH35,-96.36,0,0.393,test,2
2,5,NODE7,CH35,-95.35,0,0.73,test,2
2,5,NODE8,CH35,-96.41,0,0.775,test,2
2,5,NODE1,CH36,-94.14,0,0.714,test,2
2,5,NODE2,CH36,-97.44,0,0.382,test,2
2,5,NODE3,CH36,-93.81,0,0.546,test,2
2,5,NODE4,CH36,-92.91,0,0.759,test,2
2,5,NODE5,CH36,-98.65,0,0.439,test,2
2,5,NODE6,CH36,-98.22,0,0.429,test,2
2,5,NODE7,CH36,-99.91,0,0.742,test,2
2,5,NODE8,CH36,-91.47,0,0.74,test,2
2,5,NODE1,CH37,-98.95,0,0.687,test,2
2,5,NODE2,CH37,-101.49,0,0.362,test,2
2,5,NODE3,CH37,-89.31,0,0.509,test,2
2,5,NODE4,CH37,-92.81,0,0.781,test,2
2,5,NODE5,CH37,-100.0,0,0.33,test,2
2,5,NODE6,CH37,-96.27,0,0.483,test,2
2,5,NODE7,CH37,-93.03,0,0.765,test,2
2,5,NODE8,CH37,-97.82,0,0.816,test,2
2,5,NODE1,CH38,-42.89,1,0.727,test,2
2,5,NODE2,CH38,-50.1,1,0.371,test,2
2,5,NODE3,CH38,-48.29,1,0.534,test,2
2,5,NODE4,CH38,-41.23,1,0.773,test,2
2,5,NODE5,CH38,-48.18,1,0.415,test,2
2,5,NODE6,CH38,-48.23,1,0.393,test,2
2,5,NODE7,CH38,-42.13,1,0.773,test,2
2,5,NODE8,CH38,-39.61,1,0.813,test,2
2,5,NODE1,CH39,-41.92,1,0.686,test,2
2,5,NODE2,CH39,-49.89,1,0.383,test,2
2,5,NODE3,CH39,-50.35,1,0.525,test,2
2,5,NODE4,CH39,-43.48,1,0.798,test,2
2,5,NODE5,CH39,-50.05,1,0.408,test,2
2,5,NODE6,CH39,-48.27,1,0.399,test,2
2,5,NODE7,CH39,-41.27,1,0.76,test,2
2,5,NODE8,CH39,-41.94,1,0.798,test,2
2,5,NODE1,CH40,-95.39,0,0.685,test,2
2,5,NODE2,CH40,-99.02,0,0.386,test,2
2,5,NODE3,CH40,-95.76,0,0.54,test,2
2,5,NODE4,CH40,-95.9,0,0.757,test,2
2,5,NODE5,CH40,-99.83,0,0.378,test,2
2,5,NODE6,CH40,-99.3,0,0.439,test,2
2,5,NODE7,CH40,-95.25,0,0.733,test,2
2,5,NODE8,CH40,-96.38,0,0.799,test,2
2,6,NODE1,CH21,-95.97,0,0.641,test,2
2,6,NODE2,CH21,-95.33,0,0.34,test,2
2,6,NODE3,CH21,-96.74,0,0.505,test,2
2,6,NODE4,CH21,-101.04,0,0.814,test,2
2,6,NODE5,CH21,-101.53,0,0.416,test,2
2,6,NODE6,CH21,-96.52,0,0.451,test,2
2,6,NODE7,CH21,-96.99,0,0.674,test,2
2,6,NODE8,CH21,-94.25,0,0.836,test,2
2,6,NODE1,CH22,-40.88,1,0.686,test,2
2,6,NODE2,CH22,-49.23,1,0.343,test,2
2,6,NODE3,CH22,-48.84,1,0.552,test,2
2,6,NODE4,CH22,-39.91,1,0.75,test,2
2,6,NODE5,CH22,-50.07,1,0.401,test,2
2,6,NODE6,CH22,-49.03,1,0.44,test,2
2,6,NODE7,CH22,-44.84,1,0.786,test,2
2,6,NODE8,CH22,-40.31,1,0.822,test,2
2,6,NODE1,CH23,-40.69,1,0.725,test,2
2,6,NODE2,CH23,-48.41,1,0.433,test,2
2,6,NODE3,CH23,-50.66,1,0.459,test,2
2,6,NODE4,CH23,-41.95,1,0.771,test,2
2,6,NODE5,CH23,-49.41,1,0.381,test,2
2,6,NODE6,CH23,-52.41,1,0.435,test,2
2,6,NODE7,CH23,-40.57,1,0.76,test,2
2,6,NODE8,CH23,-41.08,1,0.792,test,2
2,6,NODE1,CH24,-92.11,0,0.677,test,2
2,6,NODE2,CH24,-102.74,0,0.423,test,2
2,6,NODE3,CH24,-97.37,0,0.506,test,2
2,6,NODE4,CH24,-93.73,0,0.747,test,2
2,6,NODE5,CH24,-100.62,0,0.403,test,2
2,6,NODE6,CH24,-95.1,0,0.424,test,2
2,6,NODE7,CH24,-97.24,0,0.686,test,2
2,6,NODE8,CH24,-100.62,0,0.805,test,2
2,6,NODE1,CH25,-91.64,0,0.699,test,2
2,6,NODE2,CH25,-101.71,0,0.404,test,2
2,6,NODE3,CH25,-90.08,0,0.483,test,2
2,6,NODE4,CH25,-100.78,0,0.751,test,2
2,6,NODE5,CH25,-98.97,0,0.372,test,2
2,6,NODE6,CH25,-100.88,0,0.359,test,2
2,6,NODE7,CH25,-99.92,0,0.703,test,2
2,6,NODE8,CH25,-95.25,0,0.797,test,2
2,6,NODE1,CH26,-41.43,1,0.706,test,2
2,6,NODE2,CH26,-50.86,1,0.437,test,2
2,6,NODE3,CH26,-46.61,1,0.53,test,2
2,6,NODE4,CH26,-39.47,1,0.774,test,2
2,6,NODE5,CH26,-48.42,1,0.422,test,2
2,6,NODE6,CH26,-49.84,1,0.457,test,2
2,6,NODE7,CH26,-41.52,1,0.717,test,2
2,6,NODE8,CH26,-43.15,1,0.794,test,2
2,6,NODE1,CH27,-100.77,0,0.683,test,2
2,6,NODE2,CH27,-100.29,0,0.367,test,2
2,6,NODE3,CH27,-89.07,0,0.487,test,2
2,6,NODE4,CH27,-97.65,0,0.761,test,2
2,6,NODE5,CH27,-101.94,0,0.388,test,2
2,6,NODE6,CH27,-101.94,0,0.395,test,2
2,6,NODE7,CH27,-93.59,0,0.705,test,2
2,6,NODE8,CH27,-94.01,0,0.778,test,2
2,6,NODE1,CH28,-44.31,1,0.733,test,2
2,6,NODE2,CH28,-48.9,1,0.423,test,2
2,6,NODE3,CH28,-47.22,1,0.5,test,2
2,6,NODE4,CH28,-40.17,1,0.68,test,2
2,6,NODE5,CH28,-51.68,1,0.395,test,2
2,6,NODE6,CH28,-50.28,1,0.424,test,2
2,6,NODE7,CH28,-42.22,1,0.763,test,2
2,6,NODE8,CH28,-41.06,1,0.782,test,2
2,6,NODE1,CH29,-98.74,0,0.754,test,2
2,6,NODE2,CH29,-97.15,0,0.354,test,2
2,6,NODE3,CH29,-98.9,0,0.549,test,2
2,6,NODE4,CH29,-97.73,0,0.773,test,2
2,6,NODE5,CH29,-94.34,0,0.0,test,2
2,6,NODE6,CH29,-97.54,0,0.439,test,2
2,6,NODE7,CH29,-92.32,0,0.737,test,2
2,6,NODE8,CH29,-96.51,0,0.798,test,2
2,6,NODE1,CH30,-98.92,0,0.679,test,2
2,6,NODE2,CH30,-99.31,0,0.398,test,2
2,6,NODE3,CH30,-92.1,0,0.481,test,2
2,6,NODE4,CH30,-95.5,0,0.779,test,2
2,6,NODE5,CH30,-96.99,0,0.395,test,2
2,6,NODE6,CH30,-97.67,0,0.429,test,2
2,6,NODE7,CH30,-94.67,0,0.74,test,2
2,6,NODE8,CH30,-97.15,0,0.822,test,2
2,6,NODE1,CH31,-42.3,1,0.632,test,2
2,6,NODE2,CH31,-50.43,1,0.43,test,2
2,6,NODE3,CH31,-49.01,1,0.492,test,2
2,6,NODE4,CH31,-41.79,1,0.754,test,2
2,6,NODE5,CH31,-52.02,1,0.432,test,2
2,6,NODE6,CH31,-53.22,1,0.449,test,2
2,6,NODE7,CH31,-39.59,1,0.722,test,2
2,6,NODE8,CH31,-39.06,1,0.765,test,2
2,6,NODE1,CH32,-39.53,1,0.67,test,2
2,6,NODE2,CH32,-47.12,1,0.367,test,2
2,6,NODE3,CH32,-46.87,1,0.506,test,2
2,6,NODE4,CH32,-40.86,1,0.771,test,2
2,6,NODE5,CH32,-51.76,1,0.363,test,2
2,6,NODE6,CH32,-48.48,1,0.407,test,2
2,6,NODE7,CH32,-43.81,1,0.715,test,2
2,6,NODE8,CH32,-38.86,1,0.829,test,2
2,6,NODE1,CH33,-42.08,1,0.688,test,2
2,6,NODE2,CH33,-49.64,1,0.388,test,2
2,6,NODE3,CH33,-47.55,1,0.414,test,2
2,6,NODE4,CH33,-39.63,1,0.758,test,2
2,6,NODE5,CH33,-49.37,1,0.402,test,2
2,6,NODE6,CH33,-49.08,1,0.413,test,2
2,6,NODE7,CH33,-44.04,1,0.734,test,2
2,6,NODE8,CH33,-40.79,1,0.805,test,2
2,6,NODE1,CH34,-43.98,1,0.675,test,2
2,6,NODE2,CH34,-48.75,1,0.41,test,2
2,6,NODE3,CH34,-48.85,1,0.562,test,2
2,6,NODE4,CH34,-39.92,1,0.752,test,2
2,6,NODE5,CH34,-48.84,1,0.373,test,2
2,6,NODE6,CH34,-49.83,1,0.399,test,2
2,6,NODE7,CH34,-43.42,1,0.725,test,2
2,6,NODE8,CH34,-41.83,1,0.803,test,2
2,6,NODE1,CH35,-101.28,0,0.665,test,2
2,6,NODE2,CH35,-98.36,0,0.357,test,2
2,6,NODE3,CH35,-98.6,0,0.496,test,2
2,6,NODE4,CH35,-94.22,0,0.821,test,2
2,6,NODE5,CH35,-101.1,0,0.404,test,2
2,6,NODE6,CH35,-90.17,0,0.419,test,2
2,6,NODE7,CH35,-92.89,0,0.702,test,2
2,6,NODE8,CH35,-96.99,0,0.785,test,2
2,6,NODE1,CH36,-95.15,0,0.686,test,2
2,6,NODE2,CH36,-96.7,0,0.4,test,2
2,6,NODE3,CH36,-99.44,0,0.463,test,2
2,6,NODE4,CH36,-96.34,0,0.778,test,2
2,6,NODE5,CH36,-98.34,0,0.36,test,2
2,6,NODE6,CH36,-94.05,0,0.443,test,2
2,6,NODE7,CH36,-99.03,0,0.749,test,2
2,6,NODE8,CH36,-96.3,0,0.754,test,2
2,6,NODE1,CH37,-44.78,1,0.656,test,2
2,6,NODE2,CH37,-50.53,1,0.348,test,2
2,6,NODE3,CH37,-47.63,1,0.51,test,2
2,6,NODE4,CH37,-39.05,1,0.786,test,2
2,6,NODE5,CH37,-49.37,1,0.418,test,2
2,6,NODE6,CH37,-47.88,1,0.407,test,2
2,6,NODE7,CH37,-43.25,1,0.722,test,2
2,6,NODE8,CH37,-39.85,1,0.805,test,2
2,6,NODE1,CH38,-44.07,1,0.701,test,2
2,6,NODE2,CH38,-49.39,1,0.369,test,2
2,6,NODE3,CH38,-48.36,1,0.48,test,2
2,6,NODE4,CH38,-39.79,1,0.76,test,2
2,6,NODE5,CH38,-52.86,1,0.43,test,2
2,6,NODE6,CH38,-46.92,1,0.384,test,2
2,6,NODE7,CH38,-41.71,1,0.711,test,2
2,6,NODE8,CH38,-39.85,1,0.808,test,2
2,6,NODE1,CH39,-42.75,1,0.714,test,2
2,6,NODE2,CH39,-49.12,1,0.377,test,2
2,6,NODE3,CH39,-47.66,1,0.444,test,2
2,6,NODE4,CH39,-41.14,1,0.791,test,2
2,6,NODE5,CH39,-52.01,1,0.423,test,2
2,6,NODE6,CH39,-51.16,1,0.397,test,2
2,6,NODE7,CH39,-42.07,1,0.74,test,2
2,6,NODE8,CH39,-36.55,1,0.793,test,2
2,6,NODE1,CH40,-44.03,1,0.742,test,2
2,6,NODE2,CH40,-49.21,1,0.372,test,2
2,6,NODE3,CH40,-49.25,1,0.489,test,2
2,6,NODE4,CH40,-40.58,1,0.746,test,2
2,6,NODE5,CH40,-51.37,1,0.396,test,2
2,6,NODE6,CH40,-48.4,1,0.4,test,2
2,6,NODE7,CH40,-41.85,1,0.69,test,2
2,6,NODE8,CH40,-41.81,1,0.746,test,2
2,7,NODE1,CH21,-89.36,0,0.712,test,2
2,7,NODE2,CH21,-96.67,0,0.4,test,2
2,7,NODE3,CH21,-104.94,0,0.539,test,2
2,7,NODE4,CH21,-93.68,0,0.788,test,2
2,7,NODE5,CH21,-100.33,0,0.376,test,2
2,7,NODE6,CH21,-100.26,0,0.459,test,2
2,7,NODE7,CH21,-99.16,0,0.724,test,2
2,7,NODE8,CH21,-101.06,0,0.79,test,2
2,7,NODE1,CH22,-42.99,1,0.749,test,2
2,7,NODE2,CH22,-50.71,1,0.371,test,2
2,7,NODE3,CH22,-50.96,1,0.485,test,2
2,7,NODE4,CH22,-43.26,1,0.792,test,2
2,7,NODE5,CH22,-50.72,1,0.443,test,2
2,7,NODE6,CH22,-50.46,1,0.461,test,2
2,7,NODE7,CH22,-43.01,1,0.715,test,2
2,7,NODE8,CH22,-41.77,1,0.825,test,2
2,7,NODE1,CH23,-46.96,1,0.68,test,2
2,7,NODE2,CH23,-48.97,1,0.394,test,2
2,7,NODE3,CH23,-49.22,1,0.482,test,2
2,7,NODE4,CH23,-41.02,1,0.762,test,2
2,7,NODE5,CH23,-49.02,1,0.41,test,2
2,7,NODE6,CH23,-50.75,1,0.415,test,2
2,7,NODE7,CH23,-41.88,1,0.721,test,2
2,7,NODE8,CH23,-41.39,1,0.797,test,2
2,7,NODE1,CH24,-43.29,1,0.658,test,2
2,7,NODE2,CH24,-47.11,1,0.349,test,2
2,7,NODE3,CH24,-46.8,1,0.463,test,2
2,7,NODE4,CH24,-38.1,1,0.797,test,2
2,7,NODE5,CH24,-50.75,1,0.422,test,2
2,7,NODE6,CH24,-48.4,1,0.374,test,2
2,7,NODE7,CH24,-42.02,1,0.705,test,2
2,7,NODE8,CH24,-37.72,1,0.808,test,2
2,7,NODE1,CH25,-44.59,1,0.683,test,2
2,7,NODE2,CH25,-49.3,1,0.0,test,2
2,7,NODE3,CH25,-47.48,1,0.484,test,2
2,7,NODE4,CH25,-41.59,1,0.776,test,2
2,7,NODE5,CH25,-48.97,1,0.382,test,2
2,7,NODE6,CH25,-47.99,1,0.441,test,2
2,7,NODE7,CH25,-40.6,1,0.666,test,2
2,7,NODE8,CH25,-39.21,1,0.819,test,2
2,7,NODE1,CH26,-97.94,0,0.726,test,2
2,7,NODE2,CH26,-98.55,0,0.372,test,2
2,7,NODE3,CH26,-98.97,0,0.488,test,2
2,7,NODE4,CH26,-104.78,0,0.721,test,2
2,7,NODE5,CH26,-101.16,0,0.38,test,2
2,7,NODE6,CH26,-98.84,0,0.396,test,2
2,7,NODE7,CH26,-99.27,0,0.78,test,2
2,7,NODE8,CH26,-97.18,0,0.775,test,2
2,7,NODE1,CH27,-96.31,0,0.761,test,2
2,7,NODE2,CH27,-100.63,0,0.452,test,2
2,7,NODE3,CH27,-92.74,0,0.473,test,2
2,7,NODE4,CH27,-94.4,0,0.0,test,2
2,7,NODE5,CH27,-93.81,0,0.419,test,2
2,7,NODE6,CH27,-96.88,0,0.466,test,2
2,7,NODE7,CH27,-96.94,0,0.725,test,2
2,7,NODE8,CH27,-95.3,0,0.833,test,2
2,7,NODE1,CH28,-95.48,0,0.704,test,2
2,7,NODE2,CH28,-96.83,0,0.399,test,2
2,7,NODE3,CH28,-97.45,0,0.525,test,2
2,7,NODE4,CH28,-95.55,0,0.828,test,2
2,7,NODE5,CH28,-95.52,0,0.427,test,2
2,7,NODE6,CH28,-103.44,0,0.454,test,2
2,7,NODE7,CH28,-95.6,0,0.722,test,2
2,7,NODE8,CH28,-94.97,0,0.784,test,2
2,7,NODE1,CH29,-41.85,1,0.695,test,2
2,7,NODE2,CH29,-52.06,1,0.381,test,2
2,7,NODE3,CH29,-51.33,1,0.531,test,2
2,7,NODE4,CH29,-43.86,1,0.801,test,2
2,7,NODE5,CH29,-50.83,1,0.347,test,2
2,7,NODE6,CH29,-49.37,1,0.368,test,2
2,7,NODE7,CH29,-42.43,1,0.736,test,2
2,7,NODE8,CH29,-39.72,1,0.804,test,2
2,7,NODE1,CH30,-97.26,0,0.617,test,2
2,7,NODE2,CH30,-104.75,0,0.385,test,2
2,7,NODE3,CH30,-98.66,0,0.534,test,2
2,7,NODE4,CH30,-99.86,0,0.774,test,2
2,7,NODE5,CH30,-98.65,0,0.433,test,2
2,7,NODE6,CH30,-93.23,0,0.401,test,2
2,7,NODE7,CH30,-94.29,0,0.721,test,2
2,7,NODE8,CH30,-92.11,0,0.774,test,2
2,7,NODE1,CH31,-43.17,1,0.633,test,2
2,7,NODE2,CH31,-50.04,1,0.441,test,2
2,7,NODE3,CH31,-48.47,1,0.516,test,2
2,7,NODE4,CH31,-40.25,1,0.758,test,2
2,7,NODE5,CH31,-50.91,1,0.431,test,2
2,7,NODE6,CH31,-50.03,1,0.433,test,2
2,7,NODE7,CH31,-41.19,1,0.7,test,2
2,7,NODE8,CH31,-42.45,1,0.734,test,2
2,7,NODE1,CH32,-43.13,1,0.694,test,2
2,7,NODE2,CH32,-50.99,1,0.423,test,2
2,7,NODE3,CH32,-46.37,1,0.438,test,2
2,7,NODE4,CH32,-41.75,1,0.776,test,2
2,7,NODE5,CH32,-47.46,1,0.412,test,2
2,7,NODE6,CH32,-51.76,1,0.449,test,2
2,7,NODE7,CH32,-42.72,1,0.74,test,2
2,7,NODE8,CH32,-38.95,1,0.811,test,2
2,7,NODE1,CH33,-43.14,1,0.659,test,2
2,7,NODE2,CH33,-49.59,1,0.379,test,2
2,7,NODE3,CH33,-46.96,1,0.513,test,2
2,7,NODE4,CH33,-38.9,1,0.748,test,2
2,7,NODE5,CH33,-50.78,1,0.381,test,2
2,7,NODE6,CH33,-48.57,1,0.404,test,2
2,7,NODE7,CH33,-39.88,1,0.69,test,2
2,7,NODE8,CH33,-41.01,1,0.74,test,2
2,7,NODE1,CH34,-95.02,0,0.703,test,2
2,7,NODE2,CH34,-96.26,0,0.386,test,2
2,7,NODE3,CH34,-93.96,0,0.51,test,2
2,7,NODE4,CH34,-94.0,0,0.763,test,2
2,7,NODE5,CH34,-96.6,0,0.405,test,2
2,7,NODE6,CH34,-96.16,0,0.47,test,2
2,7,NODE7,CH34,-96.39,0,0.714,test,2
2,7,NODE8,CH34,-92.84,0,0.866,test,2
2,7,NODE1,CH35,-96.09,0,0.697,test,2
2,7,NODE2,CH35,-99.03,0,0.379,test,2
2,7,NODE3,CH35,-92.29,0,0.544,test,2
2,7,NODE4,CH35,-95.16,0,0.853,test,2
2,7,NODE5,CH35,-97.75,0,0.358,test,2
2,7,NODE6,CH35,-95.47,0,0.449,test,2
2,7,NODE7,CH35,-94.8,0,0.68,test,2
2,7,NODE8,CH35,-94.89,0,0.749,test,2
2,7,NODE1,CH36,-97.0,0,0.648,test,2
2,7,NODE2,CH36,-98.6,0,0.375,test,2
2,7,NODE3,CH36,-98.71,0,0.513,test,2
2,7,NODE4,CH36,-92.69,0,0.77,test,2
2,7,NODE5,CH36,-92.76,0,0.371,test,2
2,7,NODE6,CH36,-94.94,0,0.443,test,2
2,7,NODE7,CH36,-100.18,0,0.767,test,2
2,7,NODE8,CH36,-95.8,0,0.759,test,2
2,7,NODE1,CH37,-44.18,1,0.682,test,2
2,7,NODE2,CH37,-50.96,1,0.397,test,2
2,7,NODE3,CH37,-50.31,1,0.497,test,2
2,7,NODE4,CH37,-38.43,1,0.713,test,2
2,7,NODE5,CH37,-50.69,1,0.0,test,2
2,7,NODE6,CH37,-47.88,1,0.446,test,2
2,7,NODE7,CH37,-39.42,1,0.748,test,2
2,7,NODE8,CH37,-41.12,1,0.791,test,2
2,7,NODE1,CH38,-98.79,0,0.702,test,2
2,7,NODE2,CH38,-101.04,0,0.369,test,2
2,7,NODE3,CH38,-100.83,0,0.477,test,2
2,7,NODE4,CH38,-97.56,0,0.745,test,2
2,7,NODE5,CH38,-95.12,0,0.423,test,2
2,7,NODE6,CH38,-96.52,0,0.463,test,2
2,7,NODE7,CH38,-97.83,0,0.694,test,2
2,7,NODE8,CH38,-104.93,0,0.808,test,2
2,7,NODE1,CH39,-40.36,1,0.668,test,2
2,7,NODE2,CH39,-50.7,1,0.427,test,2
2,7,NODE3,CH39,-45.86,1,0.455,test,2
2,7,NODE4,CH39,-38.61,1,0.805,test,2
2,7,NODE5,CH39,-50.62,1,0.45,test,2
2,7,NODE6,CH39,-47.31,1,0.408,test,2
2,7,NODE7,CH39,-42.1,1,0.636,test,2
2,7,NODE8,CH39,-39.85,1,0.801,test,2
2,7,NODE1,CH40,-43.82,1,0.634,test,2
2,7,NODE2,CH40,-47.98,1,0.385,test,2
2,7,NODE3,CH40,-46.67,1,0.502,test,2
2,7,NODE4,CH40,-43.11,1,0.766,test,2
2,7,NODE5,CH40,-50.87,1,0.411,test,2
2,7,NODE6,CH40,-49.79,1,0.406,test,2
2,7,NODE7,CH40,-41.0,1,0.701,test,2
2,7,NODE8,CH40,-37.95,1,0.809,test,2
2,8,NODE1,CH21,-88.94,0,0.681,test,2
2,8,NODE2,CH21,-99.71,0,0.375,test,2
2,8,NODE3,CH21,-96.16,0,0.48,test,2
2,8,NODE4,CH21,-100.31,0,0.793,test,2
2,8,NODE5,CH21,-98.46,0,0.383,test,2
2,8,NODE6,CH21,-98.61,0,0.459,test,2
2,8,NODE7,CH21,-97.64,0,0.714,test,2
2,8,NODE8,CH21,-94.0,0,0.79,test,2
2,8,NODE1,CH22,-40.89,1,0.709,test,2
2,8,NODE2,CH22,-50.16,1,0.4,test,2
2,8,NODE3,CH22,-47.85,1,0.477,test,2
2,8,NODE4,CH22,-40.38,1,0.788,test,2
2,8,NODE5,CH22,-50.15,1,0.416,test,2
2,8,NODE6,CH22,-47.6,1,0.447,test,2
2,8,NODE7,CH22,-43.28,1,0.7,test,2
2,8,NODE8,CH22,-38.61,1,0.771,test,2
2,8,NODE1,CH23,-42.3,1,0.664,test,2
2,8,NODE2,CH23,-49.61,1,0.384,test,2
2,8,NODE3,CH23,-47.91,1,0.492,test,2
2,8,NODE4,CH23,-41.04,1,0.828,test,2
2,8,NODE5,CH23,-50.51,1,0.414,test,2
2,8,NODE6,CH23,-50.73,1,0.465,test,2
2,8,NODE7,CH23,-42.22,1,0.71,test,2
2,8,NODE8,CH23,-42.48,1,0.812,test,2
2,8,NODE1,CH24,-42.67,1,0.712,test,2
2,8,NODE2,CH24,-50.01,1,0.443,test,2
2,8,NODE3,CH24,-47.71,1,0.491,test,2
2,8,NODE4,CH24,-39.7,1,0.808,test,2
2,8,NODE5,CH24,-48.27,1,0.492,test,2
2,8,NODE6,CH24,-49.03,1,0.397,test,2
2,8,NODE7,CH24,-38.93,1,0.671,test,2
2,8,NODE8,CH24,-40.33,1,0.792,test,2
2,8,NODE1,CH25,-43.09,1,0.628,test,2
2,8,NODE2,CH25,-50.01,1,0.404,test,2
2,8,NODE3,CH25,-45.82,1,0.511,test,2
2,8,NODE4,CH25,-40.18,1,0.772,test,2
2,8,NODE5,CH25,-49.68,1,0.366,test,2
2,8,NODE6,CH25,-49.08,1,0.427,test,2
2,8,NODE7,CH25,-41.64,1,0.738,test,2
2,8,NODE8,CH25,-39.82,1,0.741,test,2
2,8,NODE1,CH26,-41.93,1,0.614,test,2
2,8,NODE2,CH26,-50.95,1,0.411,test,2
2,8,NODE3,CH26,-47.78,1,0.455,test,2
2,8,NODE4,CH26,-39.48,1,0.796,test,2
2,8,NODE5,CH26,-46.28,1,0.421,test,2
2,8,NODE6,CH26,-49.89,1,0.437,test,2
2,8,NODE7,CH26,-39.95,1,0.705,test,2
2,8,NODE8,CH26,-38.75,1,0.797,test,2
2,8,NODE1,CH27,-47.27,1,0.675,test,2
2,8,NODE2,CH27,-49.67,1,0.382,test,2
2,8,NODE3,CH27,-48.67,1,0.473,test,2
2,8,NODE4,CH27,-39.74,1,0.873,test,2
2,8,NODE5,CH27,-49.47,1,0.411,test,2
2,8,NODE6,CH27,-49.99,1,0.356,test,2
2,8,NODE7,CH27,-41.05,1,0.771,test,2
2,8,NODE8,CH27,-39.5,1,0.833,test,2
2,8,NODE1,CH28,-96.93,0,0.643,test,2
2,8,NODE2,CH28,-95.66,0,0.411,test,2
2,8,NODE3,CH28,-96.96,0,0.517,test,2
2,8,NODE4,CH28,-97.44,0,0.772,test,2
2,8,NODE5,CH28,-96.84,0,0.395,test,2
2,8,NODE6,CH28,-100.39,0,0.485,test,2
2,8,NODE7,CH28,-96.87,0,0.714,test,2
2,8,NODE8,CH28,-98.09,0,0.834,test,2
2,8,NODE1,CH29,-42.14,1,0.718,test,2
2,8,NODE2,CH29,-51.6,1,0.422,test,2
2,8,NODE3,CH29,-49.76,1,0.498,test,2
2,8,NODE4,CH29,-41.12,1,0.783,test,2
2,8,NODE5,CH29,-48.91,1,0.373,test,2
2,8,NODE6,CH29,-48.78,1,0.452,test,2
2,8,NODE7,CH29,-43.98,1,0.74,test,2
2,8,NODE8,CH29,-39.67,1,0.836,test,2
2,8,NODE1,CH30,-96.95,0,0.68,test,2
2,8,NODE2,CH30,-96.9,0,0.378,test,2
2,8,NODE3,CH30,-97.07,0,0.47,test,2
2,8,NODE4,CH30,-95.4,0,0.75,test,2
2,8,NODE5,CH30,-94.12,0,0.399,test,2
2,8,NODE6,CH30,-95.96,0,0.462,test,2
2,8,NODE7,CH30,-89.23,0,0.691,test,2
2,8,NODE8,CH30,-95.88,0,0.843,test,2
2,8,NODE1,CH31,-43.7,1,0.671,test,2
2,8,NODE2,CH31,-49.72,1,0.434,test,2
2,8,NODE3,CH31,-48.85,1,0.48,test,2
2,8,NODE4,CH31,-43.78,1,0.784,test,2
2,8,NODE5,CH31,-50.06,1,0.403,test,2
2,8,NODE6,CH31,-51.86,1,0.445,test,2
2,8,NODE7,CH31,-43.63,1,0.755,test,2
2,8,NODE8,CH31,-40.41,1,0.791,test,2
2,8,NODE1,CH32,-42.58,1,0.697,test,2
2,8,NODE2,CH32,-50.08,1,0.377,test,2
2,8,NODE3,CH32,-48.65,1,0.495,test,2
2,8,NODE4,CH32,-40.12,1,0.79,test,2
2,8,NODE5,CH32,-48.95,1,0.34,test,2
2,8,NODE6,CH32,-49.45,1,0.461,test,2
2,8,NODE7,CH32,-42.6,1,0.73,test,2
2,8,NODE8,CH32,-38.62,1,0.799,test,2
2,8,NODE1,CH33,-98.33,0,0.691,test,2
2,8,NODE2,CH33,-95.34,0,0.367,test,2
2,8,NODE3,CH33,-98.93,0,0.479,test,2
2,8,NODE4,CH33,-96.19,0,0.824,test,2
2,8,NODE5,CH33,-98.89,0,0.44,test,2
2,8,NODE6,CH33,-101.56,0,0.448,test,2
2,8,NODE7,CH33,-100.46,0,0.776,test,2
2,8,NODE8,CH33,-92.86,0,0.774,test,2
2,8,NODE1,CH34,-42.55,1,0.675,test,2
2,8,NODE2,CH34,-50.29,1,0.354,test,2
2,8,NODE3,CH34,-44.78,1,0.501,test,2
2,8,NODE4,CH34,-40.05,1,0.774,test,2
2,8,NODE5,CH34,-50.61,1,0.39,test,2
2,8,NODE6,CH34,-50.52,1,0.352,test,2
2,8,NODE7,CH34,-38.67,1,0.685,test,2
2,8,NODE8,CH34,-42.48,1,0.825,test,2
2,8,NODE1,CH35,-98.33,0,0.672,test,2
2,8,NODE2,CH35,-102.25,0,0.39,test,2
2,8,NODE3,CH35,-100.19,0,0.452,test,2
2,8,NODE4,CH35,-100.55,0,0.809,test,2
2,8,NODE5,CH35,-96.34,0,0.394,test,2
2,8,NODE6,CH35,-101.06,0,0.377,test,2
2,8,NODE7,CH35,-104.34,0,0.721,test,2
2,8,NODE8,CH35,-105.13,0,0.815,test,2
2,8,NODE1,CH36,-98.1,0,0.658,test,2
2,8,NODE2,CH36,-95.85,0,0.392,test,2
2,8,NODE3,CH36,-90.53,0,0.509,test,2
2,8,NODE4,CH36,-89.59,0,0.801,test,2
2,8,NODE5,CH36,-99.5,0,0.416,test,2
2,8,NODE6,CH36,-99.61,0,0.435,test,2
2,8,NODE7,CH36,-94.03,0,0.743,test,2
2,8,NODE8,CH36,-95.21,0,0.786,test,2
2,8,NODE1,CH37,-97.51,0,0.699,test,2
2,8,NODE2,CH37,-94.85,0,0.442,test,2
2,8,NODE3,CH37,-100.74,0,0.517,test,2
2,8,NODE4,CH37,-96.83,0,0.744,test,2
2,8,NODE5,CH37,-97.31,0,0.334,test,2
2,8,NODE6,CH37,-99.78,0,0.387,test,2
2,8,NODE7,CH37,-95.4,0,0.725,test,2
2,8,NODE8,CH37,-98.01,0,0.793,test,2
2,8,NODE1,CH38,-42.97,1,0.722,test,2
2,8,NODE2,CH38,-48.81,1,0.408,test,2
2,8,NODE3,CH38,-49.14,1,0.515,test,2
2,8,NODE4,CH38,-40.13,1,0.767,test,2
2,8,NODE5,CH38,-51.12,1,0.407,test,2
2,8,NODE6,CH38,-47.21,1,0.42,test,2
2,8,NODE7,CH38,-41.65,1,0.754,test,2
2,8,NODE8,CH38,-40.63,1,0.843,test,2
2,8,NODE1,CH39,-44.29,1,0.673,test,2
2,8,NODE2,CH39,-49.02,1,0.403,test,2
2,8,NODE3,CH39,-48.04,1,0.512,test,2
2,8,NODE4,CH39,-37.96,1,0.769,test,2
2,8,NODE5,CH39,-51.69,1,0.388,test,2
2,8,NODE6,CH39,-50.18,1,0.48,test,2
2,8,NODE7,CH39,-39.72,1,0.75,test,2
2,8,NODE8,CH39,-40.63,1,0.837,test,2
2,8,NODE1,CH40,-41.78,1,0.733,test,2
2,8,NODE2,CH40,-50.16,1,0.433,test,2
2,8,NODE3,CH40,-48.74,1,0.472,test,2
2,8,NODE4,CH40,-41.14,1,0.765,test,2
2,8,NODE5,CH40,-52.1,1,0.0,test,2
2,8,NODE6,CH40,-47.38,1,0.445,test,2
2,8,NODE7,CH40,-41.89,1,0.722,test,2
2,8,NODE8,CH40,-41.21,1,0.819,test,2
2,9,NODE1,CH21,-91.65,0,0.773,test,2
2,9,NODE2,CH21,-92.33,0,0.375,test,2
2,9,NODE3,CH21,-97.7,0,0.476,test,2
2,9,NODE4,CH21,-96.93,0,0.754,test,2
2,9,NODE5,CH21,-101.41,0,0.412,test,2
2,9,NODE6,CH21,-94.86,0,0.434,test,2
2,9,NODE7,CH21,-97.95,0,0.717,test,2
2,9,NODE8,CH21,-94.83,0,0.773,test,2
2,9,NODE1,CH22,-41.47,1,0.693,test,2
2,9,NODE2,CH22,-49.61,1,0.343,test,2
2,9,NODE3,CH22,-47.54,1,0.421,test,2
2,9,NODE4,CH22,-41.03,1,0.803,test,2
2,9,NODE5,CH22,-51.86,1,0.36,test,2
2,9,NODE6,CH22,-49.04,1,0.447,test,2
2,9,NODE7,CH22,-41.99,1,0.745,test,2
2,9,NODE8,CH22,-37.94,1,0.818,test,2
2,9,NODE1,CH23,-41.15,1,0.659,test,2
2,9,NODE2,CH23,-53.61,1,0.393,test,2
2,9,NODE3,CH23,-47.0,1,0.567,test,2
2,9,NODE4,CH23,-42.0,1,0.785,test,2
2,9,NODE5,CH23,-47.07,1,0.395,test,2
2,9,NODE6,CH23,-51.57,1,0.449,test,2
2,9,NODE7,CH23,-40.66,1,0.724,test,2
2,9,NODE8,CH23,-40.36,1,0.804,test,2
2,9,NODE1,CH24,-40.35,1,0.654,test,2
2,9,NODE2,CH24,-52.67,1,0.382,test,2
2,9,NODE3,CH24,-49.88,1,0.518,test,2
2,9,NODE4,CH24,-42.0,1,0.761,test,2
2,9,NODE5,CH24,-51.32,1,0.426,test,2
2,9,NODE6,CH24,-48.92,1,0.459,test,2
2,9,NODE7,CH24,-45.42,1,0.729,test,2
2,9,NODE8,CH24,-41.07,1,0.813,test,2
2,9,NODE1,CH25,-97.91,0,0.709,test,2
2,9,NODE2,CH25,-91.49,0,0.374,test,2
2,9,NODE3,CH25,-95.54,0,0.477,test,2
2,9,NODE4,CH25,-101.07,0,0.738,test,2
2,9,NODE5,CH25,-93.22,0,0.412,test,2
2,9,NODE6,CH25,-99.81,0,0.44,test,2
2,9,NODE7,CH25,-90.99,0,0.706,test,2
2,9,NODE8,CH25,-101.04,0,0.777,test,2
2,9,NODE1,CH26,-95.48,0,0.674,test,2
2,9,NODE2,CH26,-97.5,0,0.434,test,2
2,9,NODE3,CH26,-95.14,0,0.501,test,2
2,9,NODE4,CH26,-99.77,0,0.751,test,2
2,9,NODE5,CH26,-100.42,0,0.433,test,2
2,9,NODE6,CH26,-96.99,0,0.409,test,2
2,9,NODE7,CH26,-93.73,0,0.687,test,2
2,9,NODE8,CH26,-100.78,0,0.772,test,2
2,9,NODE1,CH27,-42.58,1,0.697,test,2
2,9,NODE2,CH27,-47.8,1,0.423,test,2
2,9,NODE3,CH27,-46.69,1,0.442,test,2
2,9,NODE4,CH27,-41.5,1,0.772,test,2
2,9,NODE5,CH27,-50.68,1,0.401,test,2
2,9,NODE6,CH27,-50.52,1,0.435,test,2
2,9,NODE7,CH27,-43.42,1,0.707,test,2
2,9,NODE8,CH27,-39.67,1,0.797,test,2
2,9,NODE1,CH28,-96.16,0,0.669,test,2
2,9,NODE2,CH28,-97.7,0,0.385,test,2
2,9,NODE3,CH28,-102.49,0,0.495,test,2
2,9,NODE4,CH28,-94.49,0,0.719,test,2
2,9,NODE5,CH28,-101.4,0,0.398,test,2
2,9,NODE6,CH28,-95.83,0,0.442,test,2
2,9,NODE7,CH28,-93.22,0,0.707,test,2
2,9,NODE8,CH28,-95.0,0,0.835,test,2
2,9,NODE1,CH29,-44.78,1,0.672,test,2
2,9,NODE2,CH29,-48.61,1,0.395,test,2
2,9,NODE3,CH29,-48.5,1,0.499,test,2
2,9,NODE4,CH29,-40.75,1,0.789,test,2
2,9,NODE5,CH29,-52.0,1,0.402,test,2
2,9,NODE6,CH29,-48.86,1,0.402,test,2
2,9,NODE7,CH29,-42.55,1,0.692,test,2
2,9,NODE8,CH29,-38.76,1,0.804,test,2
2,9,NODE1,CH30,-45.15,1,0.65,test,2
2,9,NODE2,CH30,-46.79,1,0.413,test,2
2,9,NODE3,CH30,-49.93,1,0.546,test,2
2,9,NODE4,CH30,-40.33,1,0.726,test,2
2,9,NODE5,CH30,-47.94,1,0.401,test,2
2,9,NODE6,CH30,-48.76,1,0.412,test,2
2,9,NODE7,CH30,-42.05,1,0.668,test,2
2,9,NODE8,CH30,-39.55,1,0.765,test,2
2,9,NODE1,CH31,-44.55,1,0.647,test,2
2,9,NODE2,CH31,-50.8,1,0.401,test,2
2,9,NODE3,CH31,-46.44,1,0.439,test,2
2,9,NODE4,CH31,-41.96,1,0.73,test,2
2,9,NODE5,CH31,-48.61,1,0.398,test,2
2,9,NODE6,CH31,-49.29,1,0.43,test,2
2,9,NODE7,CH31,-41.95,1,0.667,test,2
2,9,NODE8,CH31,-40.69,1,0.832,test,2
2,9,NODE1,CH32,-40.84,1,0.69,test,2
2,9,NODE2,CH32,-48.39,1,0.42,test,2
2,9,NODE3,CH32,-47.24,1,0.476,test,2
2,9,NODE4,CH32,-41.32,1,0.769,test,2
2,9,NODE5,CH32,-52.02,1,0.445,test,2
2,9,NODE6,CH32,-49.85,1,0.434,test,2
2,9,NODE7,CH32,-42.71,1,0.7,test,2
2,9,NODE8,CH32,-39.28,1,0.746,test,2
2,9,NODE1,CH33,-96.04,0,0.681,test,2
2,9,NODE2,CH33,-98.83,0,0.433,test,2
2,9,NODE3,CH33,-97.3,0,0.502,test,2
2,9,NODE4,CH33,-97.43,0,0.794,test,2
2,9,NODE5,CH33,-92.93,0,0.384,test,2
2,9,NODE6,CH33,-94.43,0,0.454,test,2
2,9,NODE7,CH33,-97.37,0,0.0,test,2
2,9,NODE8,CH33,-97.63,0,0.815,test,2
2,9,NODE1,CH34,-42.42,1,0.656,test,2
2,9,NODE2,CH34,-50.07,1,0.42,test,2
2,9,NODE3,CH34,-48.8,1,0.502,test,2
2,9,NODE4,CH34,-41.95,1,0.798,test,2
2,9,NODE5,CH34,-49.85,1,0.46,test,2
2,9,NODE6,CH34,-47.28,1,0.362,test,2
2,9,NODE7,CH34,-42.32,1,0.675,test,2
2,9,NODE8,CH34,-38.41,1,0.791,test,2
2,9,NODE1,CH35,-92.78,0,0.66,test,2
2,9,NODE2,CH35,-100.76,0,0.414,test,2
2,9,NODE3,CH35,-94.84,0,0.468,test,2
2,9,NODE4,CH35,-96.77,0,0.746,test,2
2,9,NODE5,CH35,-97.58,0,0.462,test,2
2,9,NODE6,CH35,-101.43,0,0.358,test,2
2,9,NODE7,CH35,-99.16,0,0.642,test,2
2,9,NODE8,CH35,-95.2,0,0.844,test,2
2,9,NODE1,CH36,-93.44,0,0.713,test,2
2,9,NODE2,CH36,-99.62,0,0.391,test,2
2,9,NODE3,CH36,-95.89,0,0.522,test,2
2,9,NODE4,CH36,-97.07,0,0.769,test,2
2,9,NODE5,CH36,-101.03,0,0.417,test,2
2,9,NODE6,CH36,-95.68,0,0.466,test,2
2,9,NODE7,CH36,-101.84,0,0.725,test,2
2,9,NODE8,CH36,-95.71,0,0.762,test,2
2,9,NODE1,CH37,-43.16,1,0.715,test,2
2,9,NODE2,CH37,-51.11,1,0.337,test,2
2,9,NODE3,CH37,-47.24,1,0.443,test,2
2,9,NODE4,CH37,-40.05,1,0.761,test,2
2,9,NODE5,CH37,-49.82,1,0.426,test,2
2,9,NODE6,CH37,-48.78,1,0.433,test,2
2,9,NODE7,CH37,-41.6,1,0.77,test,2
2,9,NODE8,CH37,-37.87,1,0.788,test,2
2,9,NODE1,CH38,-95.36,0,0.691,test,2
2,9,NODE2,CH38,-104.07,0,0.397,test,2
2,9,NODE3,CH38,-96.91,0,0.487,test,2
2,9,NODE4,CH38,-95.74,0,0.747,test,2
2,9,NODE5,CH38,-94.86,0,0.399,test,2
2,9,NODE6,CH38,-98.07,0,0.434,test,2
2,9,NODE7,CH38,-101.04,0,0.675,test,2
2,9,NODE8,CH38,-96.16,0,0.725,test,2
2,9,NODE1,CH39,-94.34,0,0.67,test,2
2,9,NODE2,CH39,-99.37,0,0.408,test,2
2,9,NODE3,CH39,-100.72,0,0.568,test,2
2,9,NODE4,CH39,-96.73,0,0.761,test,2
2,9,NODE5,CH39,-103.58,0,0.415,test,2
2,9,NODE6,CH39,-97.93,0,0.456,test,2
2,9,NODE7,CH39,-100.72,0,0.662,test,2
2,9,NODE8,CH39,-96.31,0,0.778,test,2
2,9,NODE1,CH40,-43.78,1,0.674,test,2
2,9,NODE2,CH40,-49.41,1,0.43,test,2
2,9,NODE3,CH40,-46.55,1,0.0,test,2
2,9,NODE4,CH40,-40.36,1,0.812,test,2
2,9,NODE5,CH40,-51.94,1,0.405,test,2
2,9,NODE6,CH40,-50.83,1,0.413,test,2
2,9,NODE7,CH40,-41.07,1,0.708,test,2
2,9,NODE8,CH40,-39.35,1,0.744,test,2
2,10,NODE1,CH21,-94.98,0,0.602,test,2
2,10,NODE2,CH21,-91.64,0,0.376,test,2
2,10,NODE3,CH21,-96.85,0,0.508,test,2
2,10,NODE4,CH21,-87.77,0,0.704,test,2
2,10,NODE5,CH21,-94.93,0,0.406,test,2
2,10,NODE6,CH21,-92.55,0,0.456,test,2
2,10,NODE7,CH21,-92.07,0,0.733,test,2
2,10,NODE8,CH21,-98.12,0,0.781,test,2
2,10,NODE1,CH22,-42.05,1,0.702,test,2
2,10,NODE2,CH22,-50.47,1,0.425,test,2
2,10,NODE3,CH22,-49.31,1,0.521,test,2
2,10,NODE4,CH22,-40.59,1,0.797,test,2
2,10,NODE5,CH22,-52.57,1,0.379,test,2
2,10,NODE6,CH22,-47.95,1,0.46,test,2
2,10,NODE7,CH22,-40.68,1,0.723,test,2
2,10,NODE8,CH22,-40.67,1,0.803,test,2
2,10,NODE1,CH23,-42.61,1,0.615,test,2
2,10,NODE2,CH23,-52.47,1,0.452,test,2
2,10,NODE3,CH23,-47.49,1,0.533,test,2
2,10,NODE4,CH23,-42.36,1,0.776,test,2
2,10,NODE5,CH23,-51.16,1,0.409,test,2
2,10,NODE6,CH23,-51.02,1,0.383,test,2
2,10,NODE7,CH23,-41.12,1,0.789,test,2
2,10,NODE8,CH23,-38.11,1,0.801,test,2
2,10,NODE1,CH24,-43.18,1,0.675,test,2
2,10,NODE2,CH24,-48.41,1,0.375,test,2
2,10,NODE3,CH24,-50.19,1,0.502,test,2
2,10,NODE4,CH24,-42.05,1,0.728,test,2
2,10,NODE5,CH24,-50.51,1,0.42,test,2
2,10,NODE6,CH24,-48.34,1,0.413,test,2
2,10,NODE7,CH24,-40.93,1,0.676,test,2
2,10,NODE8,CH24,-41.4,1,0.803,test,2
2,10,NODE1,CH25,-41.46,1,0.746,test,2
2,10,NODE2,CH25,-49.98,1,0.426,test,2
2,10,NODE3,CH25,-47.38,1,0.457,test,2
2,10,NODE4,CH25,-39.67,1,0.752,test,2
2,10,NODE5,CH25,-49.37,1,0.402,test,2
2,10,NODE6,CH25,-48.59,1,0.443,test,2
2,10,NODE7,CH25,-40.86,1,0.726,test,2
2,10,NODE8,CH25,-40.75,1,0.798,test,2
2,10,NODE1,CH26,-96.61,0,0.723,test,2
2,10,NODE2,CH26,-99.38,0,0.399,test,2
2,10,NODE3,CH26,-96.41,0,0.538,test,2
2,10,NODE4,CH26,-97.35,0,0.753,test,2
2,10,NODE5,CH26,-96.08,0,0.419,test,2
2,10,NODE6,CH26,-96.43,0,0.418,test,2
2,10,NODE7,CH26,-97.58,0,0.731,test,2
2,10,NODE8,CH26,-91.34,0,0.805,test,2
2,10,NODE1,CH27,-41.34,1,0.712,test,2
2,10,NODE2,CH27,-48.8,1,0.409,test,2
2,10,NODE3,CH27,-46.45,1,0.468,test,2
2,10,NODE4,CH27,-39.67,1,0.808,test,2
2,10,NODE5,CH27,-52.12,1,0.427,test,2
2,10,NODE6,CH27,-48.62,1,0.365,test,2
2,10,NODE7,CH27,-41.12,1,0.746,test,2
2,10,NODE8,CH27,-40.95,1,0.818,test,2
2,10,NODE1,CH28,-95.13,0,0.675,test,2
2,10,NODE2,CH28,-93.99,0,0.371,test,2
2,10,NODE3,CH28,-99.48,0,0.443,test,2
2,10,NODE4,CH28,-94.8,0,0.785,test,2
2,10,NODE5,CH28,-99.19,0,0.395,test,2
2,10,NODE6,CH28,-99.24,0,0.458,test,2
2,10,NODE7,CH28,-95.0,0,0.717,test,2
2,10,NODE8,CH28,-98.65,0,0.796,test,2
2,10,NODE1,CH29,-41.88,1,0.646,test,2
2,10,NODE2,CH29,-47.79,1,0.375,test,2
2,10,NODE3,CH29,-48.43,1,0.522,test,2
2,10,NODE4,CH29,-41.11,1,0.74,test,2
2,10,NODE5,CH29,-50.49,1,0.362,test,2
2,10,NODE6,CH29,-48.18,1,0.456,test,2
2,10,NODE7,CH29,-42.73,1,0.726,test,2
2,10,NODE8,CH29,-39.9,1,0.81,test,2
2,10,NODE1,CH30,-43.62,1,0.683,test,2
2,10,NODE2,CH30,-46.91,1,0.431,test,2
2,10,NODE3,CH30,-47.12,1,0.464,test,2
2,10,NODE4,CH30,-41.21,1,0.75,test,2
2,10,NODE5,CH30,-49.83,1,0.472,test,2
2,10,NODE6,CH30,-50.16,1,0.454,test,2
2,10,NODE7,CH30,-39.26,1,0.728,test,2
2,10,NODE8,CH30,-42.05,1,0.823,test,2
2,10,NODE1,CH31,-41.58,1,0.705,test,2
2,10,NODE2,CH31,-49.0,1,0.451,test,2
2,10,NODE3,CH31,-45.43,1,0.521,test,2
2,10,NODE4,CH31,-41.14,1,0.748,test,2
2,10,NODE5,CH31,-49.28,1,0.367,test,2
2,10,NODE6,CH31,-51.59,1,0.422,test,2
2,10,NODE7,CH31,-40.66,1,0.729,test,2
2,10,NODE8,CH31,-41.31,1,0.79,test,2
2,10,NODE1,CH32,-42.46,1,0.714,test,2
2,10,NODE2,CH32,-52.2,1,0.404,test,2
2,10,NODE3,CH32,-47.56,1,0.47,test,2
2,10,NODE4,CH32,-42.8,1,0.787,test,2
2,10,NODE5,CH32,-51.39,1,0.425,test,2
2,10,NODE6,CH32,-47.88,1,0.409,test,2
2,10,NODE7,CH32,-43.03,1,0.715,test,2
2,10,NODE8,CH32,-37.84,1,0.774,test,2
2,10,NODE1,CH33,-92.88,0,0.694,test,2
2,10,NODE2,CH33,-99.24,0,0.415,test,2
2,10,NODE3,CH33,-97.65,0,0.481,test,2
2,10,NODE4,CH33,-93.69,0,0.716,test,2
2,10,NODE5,CH33,-97.62,0,0.354,test,2
2,10,NODE6,CH33,-95.59,0,0.397,test,2
2,10,NODE7,CH33,-100.28,0,0.721,test,2
2,10,NODE8,CH33,-96.06,0,0.749,test,2
2,10,NODE1,CH34,-40.77,1,0.672,test,2
2,10,NODE2,CH34,-51.18,1,0.389,test,2
2,10,NODE3,CH34,-46.27,1,0.556,test,2
2,10,NODE4,CH34,-40.27,1,0.781,test,2
2,10,NODE5,CH34,-50.15,1,0.371,test,2
2,10,NODE6,CH34,-45.16,1,0.442,test,2
2,10,NODE7,CH34,-42.93,1,0.73,test,2
2,10,NODE8,CH34,-39.52,1,0.765,test,2
2,10,NODE1,CH35,-99.11,0,0.664,test,2
2,10,NODE2,CH35,-95.95,0,0.404,test,2
2,10,NODE3,CH35,-100.63,0,0.448,test,2
2,10,NODE4,CH35,-91.47,0,0.755,test,2
2,10,NODE5,CH35,-91.14,0,0.396,test,2
2,10,NODE6,CH35,-97.42,0,0.368,test,2
2,10,NODE7,CH35,-99.21,0,0.706,test,2
2,10,NODE8,CH35,-90.75,0,0.702,test,2
2,10,NODE1,CH36,-41.8,1,0.711,test,2
2,10,NODE2,CH36,-51.35,1,0.444,test,2
2,10,NODE3,CH36,-46.15,1,0.475,test,2
2,10,NODE4,CH36,-41.65,1,0.769,test,2
2,10,NODE5,CH36,-47.63,1,0.396,test,2
2,10,NODE6,CH36,-47.97,1,0.45,test,2
2,10,NODE7,CH36,-41.73,1,0.687,test,2
2,10,NODE8,CH36,-40.25,1,0.835,test,2
2,10,NODE1,CH37,-42.63,1,0.704,test,2
2,10,NODE2,CH37,-50.86,1,0.42,test,2
2,10,NODE3,CH37,-44.97,1,0.475,test,2
2,10,NODE4,CH37,-40.89,1,0.748,test,2
2,10,NODE5,CH37,-48.45,1,0.451,test,2
2,10,NODE6,CH37,-45.86,1,0.392,test,2
2,10,NODE7,CH37,-41.14,1,0.654,test,2
2,10,NODE8,CH37,-39.86,1,0.764,test,2
2,10,NODE1,CH38,-42.39,1,0.646,test,2
2,10,NODE2,CH38,-50.04,1,0.337,test,2
2,10,NODE3,CH38,-47.7,1,0.517,test,2
2,10,NODE4,CH38,-40.99,1,0.766,test,2
2,10,NODE5,CH38,-47.89,1,0.382,test,2
2,10,NODE6,CH38,-47.59,1,0.391,test,2
2,10,NODE7,CH38,-44.13,1,0.738,test,2
2,10,NODE8,CH38,-40.74,1,0.787,test,2
2,10,NODE1,CH39,-40.05,1,0.698,test,2
2,10,NODE2,CH39,-46.97,1,0.393,test,2
2,10,NODE3,CH39,-48.66,1,0.531,test,2
2,10,NODE4,CH39,-41.25,1,0.799,test,2
2,10,NODE5,CH39,-47.51,1,0.385,test,2
2,10,NODE6,CH39,-50.33,1,0.409,test,2
2,10,NODE7,CH39,-42.14,1,0.759,test,2
2,10,NODE8,CH39,-43.21,1,0.768,test,2
2,10,NODE1,CH40,-41.8,1,0.671,test,2
2,10,NODE2,CH40,-48.42,1,0.399,test,2
2,10,NODE3,CH40,-46.91,1,0.532,test,2
2,10,NODE4,CH40,-38.49,1,0.815,test,2
2,10,NODE5,CH40,-50.96,1,0.35,test,2
2,10,NODE6,CH40,-48.51,1,0.446,test,2
2,10,NODE7,CH40,-43.87,1,0.712,test,2
2,10,NODE8,CH40,-40.19,1,0.77,test,2
2,11,NODE1,CH21,-100.97,0,0.686,test,2
2,11,NODE2,CH21,-96.05,0,0.397,test,2
2,11,NODE3,CH21,-99.06,0,0.484,test,2
2,11,NODE4,CH21,-87.84,0,0.788,test,2
2,11,NODE5,CH21,-95.64,0,0.397,test,2
2,11,NODE6,CH21,-100.93,0,0.425,test,2
2,11,NODE7,CH21,-99.84,0,0.701,test,2
2,11,NODE8,CH21,-92.25,0,0.778,test,2
2,11,NODE1,CH22,-40.85,1,0.708,test,2
2,11,NODE2,CH22,-51.98,1,0.467,test,2
2,11,NODE3,CH22,-48.8,1,0.482,test,2
2,11,NODE4,CH22,-40.11,1,0.778,test,2
2,11,NODE5,CH22,-53.88,1,0.398,test,2
2,11,NODE6,CH22,-47.33,1,0.406,test,2
2,11,NODE7,CH22,-40.3,1,0.686,test,2
2,11,NODE8,CH22,-40.74,1,0.777,test,2
2,11,NODE1,CH23,-43.26,1,0.726,test,2
2,11,NODE2,CH23,-51.8,1,0.411,test,2
2,11,NODE3,CH23,-45.56,1,0.523,test,2
2,11,NODE4,CH23,-39.34,1,0.825,test,2
2,11,NODE5,CH23,-51.73,1,0.394,test,2
2,11,NODE6,CH23,-51.02,1,0.432,test,2
2,11,NODE7,CH23,-41.87,1,0.791,test,2
2,11,NODE8,CH23,-42.84,1,0.822,test,2
2,11,NODE1,CH24,-41.56,1,0.65,test,2
2,11,NODE2,CH24,-51.18,1,0.437,test,2
2,11,NODE3,CH24,-48.81,1,0.469,test,2
2,11,NODE4,CH24,-39.95,1,0.752,test,2
2,11,NODE5,CH24,-50.3,1,0.376,test,2
2,11,NODE6,CH24,-49.83,1,0.473,test,2
2,11,NODE7,CH24,-43.14,1,0.0,test,2
2,11,NODE8,CH24,-41.2,1,0.763,test,2
2,11,NODE1,CH25,-40.96,1,0.667,test,2
2,11,NODE2,CH25,-49.0,1,0.417,test,2
2,11,NODE3,CH25,-47.96,1,0.526,test,2
2,11,NODE4,CH25,-40.96,1,0.74,test,2
2,11,NODE5,CH25,-48.23,1,0.399,test,2
2,11,NODE6,CH25,-53.33,1,0.395,test,2
2,11,NODE7,CH25,-43.88,1,0.711,test,2
2,11,NODE8,CH25,-39.93,1,0.795,test,2
2,11,NODE1,CH26,-95.5,0,0.623,test,2
2,11,NODE2,CH26,-97.51,0,0.357,test,2
2,11,NODE3,CH26,-96.87,0,0.49,test,2
2,11,NODE4,CH26,-93.7,0,0.776,test,2
2,11,NODE5,CH26,-91.89,0,0.36,test,2
2,11,NODE6,CH26,-100.74,0,0.393,test,2
2,11,NODE7,CH26,-96.87,0,0.678,test,2
2,11,NODE8,CH26,-93.95,0,0.829,test,2
2,11,NODE1,CH27,-42.79,1,0.671,test,2
2,11,NODE2,CH27,-51.9,1,0.401,test,2
2,11,NODE3,CH27,-46.47,1,0.465,test,2
2,11,NODE4,CH27,-42.0,1,0.77,test,2
2,11,NODE5,CH27,-52.48,1,0.339,test,2
2,11,NODE6,CH27,-48.78,1,0.383,test,2
2,11,NODE7,CH27,-44.22,1,0.754,test,2
2,11,NODE8,CH27,-40.55,1,0.776,test,2
2,11,NODE1,CH28,-95.66,0,0.696,test,2
2,11,NODE2,CH28,-99.18,0,0.429,test,2
2,11,NODE3,CH28,-92.25,0,0.525,test,2
2,11,NODE4,CH28,-99.69,0,0.738,test,2
2,11,NODE5,CH28,-99.43,0,0.421,test,2
2,11,NODE6,CH28,-97.06,0,0.443,test,2
2,11,NODE7,CH28,-99.97,0,0.761,test,2
2,11,NODE8,CH28,-96.48,0,0.814,test,2
2,11,NODE1,CH29,-93.57,0,0.644,test,2
2,11,NODE2,CH29,-102.09,0,0.373,test,2
2,11,NODE3,CH29,-98.28,0,0.523,test,2
2,11,NODE4,CH29,-93.44,0,0.78,test,2
2,11,NODE5,CH29,-102.53,0,0.366,test,2
2,11,NODE6,CH29,-102.43,0,0.384,test,2
2,11,NODE7,CH29,-92.9,0,0.682,test,2
2,11,NODE8,CH29,-98.84,0,0.818,test,2
2,11,NODE1,CH30,-43.13,1,0.648,test,2
2,11,NODE2,CH30,-51.06,1,0.414,test,2
2,11,NODE3,CH30,-49.93,1,0.521,test,2
2,11,NODE4,CH30,-40.98,1,0.773,test,2
2,11,NODE5,CH30,-49.08,1,0.368,test,2
2,11,NODE6,CH30,-49.07,1,0.429,test,2
2,11,NODE7,CH30,-39.71,1,0.752,test,2
2,11,NODE8,CH30,-40.79,1,0.777,test,2
2,11,NODE1,CH31,-97.48,0,0.679,test,2
2,11,NODE2,CH31,-101.77,0,0.378,test,2
2,11,NODE3,CH31,-95.02,0,0.489,test,2
2,11,NODE4,CH31,-100.08,0,0.778,test,2
2,11,NODE5,CH31,-91.52,0,0.453,test,2
2,11,NODE6,CH31,-96.88,0,0.37,test,2
2,11,NODE7,CH31,-90.64,0,0.74,test,2
2,11,NODE8,CH31,-90.49,0,0.837,test,2
2,11,NODE1,CH32,-41.54,1,0.637,test,2
2,11,NODE2,CH32,-49.12,1,0.408,test,2
2,11,NODE3,CH32,-49.06,1,0.533,test,2
2,11,NODE4,CH32,-41.46,1,0.785,test,2
2,11,NODE5,CH32,-48.65,1,0.413,test,2
2,11,NODE6,CH32,-48.33,1,0.464,test,2
2,11,NODE7,CH32,-42.44,1,0.715,test,2
2,11,NODE8,CH32,-41.19,1,0.793,test,2
2,11,NODE1,CH33,-91.77,0,0.698,test,2
2,11,NODE2,CH33,-101.25,0,0.413,test,2
2,11,NODE3,CH33,-102.07,0,0.501,test,2
2,11,NODE4,CH33,-95.19,0,0.79,test,2
2,11,NODE5,CH33,-91.05,0,0.422,test,2
2,11,NODE6,CH33,-96.42,0,0.441,test,2
2,11,NODE7,CH33,-100.48,0,0.689,test,2
2,11,NODE8,CH33,-93.06,0,0.782,test,2
2,11,NODE1,CH34,-97.24,0,0.721,test,2
2,11,NODE2,CH34,-95.8,0,0.365,test,2
2,11,NODE3,CH34,-99.26,0,0.482,test,2
2,11,NODE4,CH34,-92.95,0,0.79,test,2
2,11,NODE5,CH34,-97.2,0,0.456,test,2
2,11,NODE6,CH34,-96.67,0,0.346,test,2
2,11,NODE7,CH34,-90.99,0,0.71,test,2
2,11,NODE8,CH34,-96.02,0,0.783,test,2
2,11,NODE1,CH35,-91.14,0,0.753,test,2
2,11,NODE2,CH35,-96.46,0,0.403,test,2
2,11,NODE3,CH35,-95.57,0,0.542,test,2
2,11,NODE4,CH35,-96.38,0,0.721,test,2
2,11,NODE5,CH35,-96.03,0,0.39,test,2
2,11,NODE6,CH35,-95.84,0,0.402,test,2
2,11,NODE7,CH35,-97.77,0,0.705,test,2
2,11,NODE8,CH35,-94.69,0,0.81,test,2
2,11,NODE1,CH36,-97.19,0,0.639,test,2
2,11,NODE2,CH36,-97.36,0,0.446,test,2
2,11,NODE3,CH36,-94.61,0,0.517,test,2
2,11,NODE4,CH36,-94.79,0,0.796,test,2
2,11,NODE5,CH36,-94.81,0,0.378,test,2
2,11,NODE6,CH36,-92.83,0,0.412,test,2
2,11,NODE7,CH36,-101.15,0,0.768,test,2
2,11,NODE8,CH36,-96.56,0,0.809,test,2
2,11,NODE1,CH37,-97.46,0,0.674,test,2
2,11,NODE2,CH37,-96.54,0,0.391,test,2
2,11,NODE3,CH37,-100.17,0,0.472,test,2
2,11,NODE4,CH37,-90.96,0,0.824,test,2
2,11,NODE5,CH37,-99.69,0,0.395,test,2
2,11,NODE6,CH37,-99.97,0,0.38,test,2
2,11,NODE7,CH37,-95.4,0,0.714,test,2
2,11,NODE8,CH37,-92.09,0,0.812,test,2
2,11,NODE1,CH38,-44.29,1,0.769,test,2
2,11,NODE2,CH38,-47.79,1,0.382,test,2
2,11,NODE3,CH38,-45.81,1,0.49,test,2
2,11,NODE4,CH38,-41.74,1,0.775,test,2
2,11,NODE5,CH38,-50.31,1,0.411,test,2
2,11,NODE6,CH38,-52.85,1,0.388,test,2
2,11,NODE7,CH38,-41.59,1,0.721,test,2
2,11,NODE8,CH38,-40.44,1,0.79,test,2
2,11,NODE1,CH39,-42.48,1,0.716,test,2
2,11,NODE2,CH39,-50.48,1,0.437,test,2
2,11,NODE3,CH39,-46.72,1,0.497,test,2
2,11,NODE4,CH39,-40.4,1,0.739,test,2
2,11,NODE5,CH39,-50.3,1,0.396,test,2
2,11,NODE6,CH39,-48.13,1,0.387,test,2
2,11,NODE7,CH39,-43.2,1,0.726,test,2
2,11,NODE8,CH39,-40.27,1,0.786,test,2
2,11,NODE1,CH40,-42.99,1,0.653,test,2
2,11,NODE2,CH40,-50.92,1,0.437,test,2
2,11,NODE3,CH40,-49.68,1,0.516,test,2
2,11,NODE4,CH40,-42.67,1,0.736,test,2
2,11,NODE5,CH40,-48.7,1,0.388,test,2
2,11,NODE6,CH40,-48.94,1,0.405,test,2
2,11,NODE7,CH40,-43.62,1,0.727,test,2
2,11,NODE8,CH40,-40.09,1,0.783,test,2
2,12,NODE1,CH21,-97.36,0,0.665,test,2
2,12,NODE2,CH21,-99.02,0,0.445,test,2
2,12,NODE3,CH21,-101.95,0,0.516,test,2
2,12,NODE4,CH21,-93.69,0,0.786,test,2
2,12,NODE5,CH21,-103.64,0,0.408,test,2
2,12,NODE6,CH21,-100.28,0,0.389,test,2
2,12,NODE7,CH21,-95.51,0,0.769,test,2
2,12,NODE8,CH21,-101.38,0,0.814,test,2
2,12,NODE1,CH22,-47.05,1,0.646,test,2
2,12,NODE2,CH22,-50.57,1,0.418,test,2
2,12,NODE3,CH22,-50.15,1,0.505,test,2
2,12,NODE4,CH22,-40.71,1,0.81,test,2
2,12,NODE5,CH22,-51.68,1,0.408,test,2
2,12,NODE6,CH22,-49.32,1,0.39,test,2
2,12,NODE7,CH22,-40.72,1,0.725,test,2
2,12,NODE8,CH22,-38.65,1,0.754,test,2
2,12,NODE1,CH23,-93.82,0,0.704,test,2
2,12,NODE2,CH23,-94.96,0,0.421,test,2
2,12,NODE3,CH23,-98.05,0,0.473,test,2
2,12,NODE4,CH23,-93.87,0,0.795,test,2
2,12,NODE5,CH23,-96.62,0,0.342,test,2
2,12,NODE6,CH23,-98.39,0,0.494,test,2
2,12,NODE7,CH23,-99.31,0,0.702,test,2
2,12,NODE8,CH23,-96.52,0,0.793,test,2
2,12,NODE1,CH24,-40.89,1,0.662,test,2
2,12,NODE2,CH24,-50.7,1,0.399,test,2
2,12,NODE3,CH24,-50.91,1,0.497,test,2
2,12,NODE4,CH24,-37.91,1,0.786,test,2
2,12,NODE5,CH24,-47.99,1,0.409,test,2
2,12,NODE6,CH24,-49.97,1,0.448,test,2
2,12,NODE7,CH24,-42.39,1,0.706,test,2
2,12,NODE8,CH24,-40.65,1,0.776,test,2
2,12,NODE1,CH25,-44.2,1,0.688,test,2
2,12,NODE2,CH25,-50.13,1,0.42,test,2
2,12,NODE3,CH25,-47.35,1,0.522,test,2
2,12,NODE4,CH25,-39.7,1,0.824,test,2
2,12,NODE5,CH25,-51.46,1,0.393,test,2
2,12,NODE6,CH25,-47.97,1,0.441,test,2
2,12,NODE7,CH25,-39.55,1,0.719,test,2
2,12,NODE8,CH25,-38.83,1,0.779,test,2
2,12,NODE1,CH26,-98.05,0,0.642,test,2
2,12,NODE2,CH26,-99.95,0,0.386,test,2
2,12,NODE3,CH26,-102.77,0,0.474,test,2
2,12,NODE4,CH26,-97.97,0,0.789,test,2
2,12,NODE5,CH26,-96.89,0,0.37,test,2
2,12,NODE6,CH26,-92.04,0,0.441,test,2
2,12,NODE7,CH26,-98.69,0,0.679,test,2
2,12,NODE8,CH26,-98.83,0,0.801,test,2
2,12,NODE1,CH27,-39.88,1,0.71,test,2
2,12,NODE2,CH27,-52.64,1,0.423,test,2
2,12,NODE3,CH27,-48.62,1,0.49,test,2
2,12,NODE4,CH27,-42.64,1,0.69,test,2
2,12,NODE5,CH27,-49.76,1,0.423,test,2
2,12,NODE6,CH27,-50.17,1,0.409,test,2
2,12,NODE7,CH27,-41.57,1,0.747,test,2
2,12,NODE8,CH27,-40.13,1,0.795,test,2
2,12,NODE1,CH28,-94.92,0,0.693,test,2
2,12,NODE2,CH28,-102.09,0,0.421,test,2
2,12,NODE3,CH28,-95.77,0,0.501,test,2
2,12,NODE4,CH28,-98.36,0,0.764,test,2
2,12,NODE5,CH28,-101.3,0,0.363,test,2
2,12,NODE6,CH28,-94.7,0,0.429,test,2
2,12,NODE7,CH28,-96.3,0,0.733,test,2
2,12,NODE8,CH28,-98.02,0,0.759,test,2
2,12,NODE1,CH29,-92.3,0,0.677,test,2
2,12,NODE2,CH29,-92.42,0,0.422,test,2
2,12,NODE3,CH29,-90.56,0,0.499,test,2
2,12,NODE4,CH29,-97.81,0,0.748,test,2
2,12,NODE5,CH29,-94.4,0,0.418,test,2
2,12,NODE6,CH29,-96.85,0,0.444,test,2
2,12,NODE7,CH29,-93.16,0,0.712,test,2
2,12,NODE8,CH29,-95.31,0,0.811,test,2
2,12,NODE1,CH30,-41.88,1,0.712,test,2
2,12,NODE2,CH30,-50.81,1,0.328,test,2
2,12,NODE3,CH30,-48.22,1,0.504,test,2
2,12,NODE4,CH30,-40.88,1,0.78,test,2
2,12,NODE5,CH30,-49.82,1,0.392,test,2
2,12,NODE6,CH30,-48.45,1,0.399,test,2
2,12,NODE7,CH30,-41.8,1,0.721,test,2
2,12,NODE8,CH30,-40.92,1,0.73,test,2
2,12,NODE1,CH31,-41.85,1,0.682,test,2
2,12,NODE2,CH31,-48.84,1,0.35,test,2
2,12,NODE3,CH31,-45.67,1,0.534,test,2
2,12,NODE4,CH31,-43.87,1,0.761,test,2
2,12,NODE5,CH31,-51.07,1,0.365,test,2
2,12,NODE6,CH31,-47.3,1,0.388,test,2
2,12,NODE7,CH31,-43.25,1,0.732,test,2
2,12,NODE8,CH31,-41.8,1,0.785,test,2
2,12,NODE1,CH32,-94.12,0,0.691,test,2
2,12,NODE2,CH32,-95.94,0,0.372,test,2
2,12,NODE3,CH32,-92.1,0,0.487,test,2
2,12,NODE4,CH32,-95.03,0,0.736,test,2
2,12,NODE5,CH32,-96.62,0,0.335,test,2
2,12,NODE6,CH32,-97.45,0,0.433,test,2
2,12,NODE7,CH32,-92.12,0,0.76,test,2
2,12,NODE8,CH32,-99.81,0,0.767,test,2
2,12,NODE1,CH33,-95.11,0,0.687,test,2
2,12,NODE2,CH33,-97.15,0,0.403,test,2
2,12,NODE3,CH33,-93.25,0,0.496,test,2
2,12,NODE4,CH33,-99.68,0,0.785,test,2
2,12,NODE5,CH33,-100.77,0,0.397,test,2
2,12,NODE6,CH33,-91.93,0,0.399,test,2
2,12,NODE7,CH33,-94.52,0,0.743,test,2
2,12,NODE8,CH33,-91.29,0,0.792,test,2
2,12,NODE1,CH34,-95.89,0,0.721,test,2
2,12,NODE2,CH34,-97.59,0,0.448,test,2
2,12,NODE3,CH34,-100.61,0,0.435,test,2
2,12,NODE4,CH34,-97.79,0,0.828,test,2
2,12,NODE5,CH34,-93.04,0,0.387,test,2
2,12,NODE6,CH34,-97.01,0,0.457,test,2
2,12,NODE7,CH34,-99.05,0,0.697,test,2
2,12,NODE8,CH34,-90.81,0,0.802,test,2
2,12,NODE1,CH35,-95.4,0,0.644,test,2
2,12,NODE2,CH35,-98.4,0,0.369,test,2
2,12,NODE3,CH35,-95.11,0,0.451,test,2
2,12,NODE4,CH35,-95.93,0,0.736,test,2
2,12,NODE5,CH35,-98.45,0,0.391,test,2
2,12,NODE6,CH35,-99.01,0,0.415,test,2
2,12,NODE7,CH35,-99.24,0,0.715,test,2
2,12,NODE8,CH35,-102.42,0,0.803,test,2
2,12,NODE1,CH36,-44.98,1,0.709,test,2
2,12,NODE2,CH36,-49.29,1,0.397,test,2
2,12,NODE3,CH36,-46.31,1,0.46,test,2
2,12,NODE4,CH36,-38.44,1,0.746,test,2
2,12,NODE5,CH36,-52.24,1,0.369,test,2
2,12,NODE6,CH36,-48.09,1,0.476,test,2
2,12,NODE7,CH36,-41.9,1,0.75,test,2
2,12,NODE8,CH36,-40.48,1,0.811,test,2
2,12,NODE1,CH37,-39.34,1,0.0,test,2
2,12,NODE2,CH37,-49.78,1,0.404,test,2
2,12,NODE3,CH37,-46.92,1,0.526,test,2
2,12,NODE4,CH37,-42.86,1,0.773,test,2
2,12,NODE5,CH37,-50.86,1,0.392,test,2
2,12,NODE6,CH37,-49.36,1,0.378,test,2
2,12,NODE7,CH37,-41.72,1,0.713,test,2
2,12,NODE8,CH37,-36.2,1,0.792,test,2
2,12,NODE1,CH38,-43.1,1,0.717,test,2
2,12,NODE2,CH38,-50.8,1,0.383,test,2
2,12,NODE3,CH38,-46.79,1,0.542,test,2
2,12,NODE4,CH38,-37.07,1,0.739,test,2
2,12,NODE5,CH38,-47.92,1,0.393,test,2
2,12,NODE6,CH38,-50.91,1,0.402,test,2
2,12,NODE7,CH38,-39.58,1,0.666,test,2
2,12,NODE8,CH38,-40.93,1,0.861,test,2
2,12,NODE1,CH39,-41.36,1,0.685,test,2
2,12,NODE2,CH39,-51.06,1,0.411,test,2
2,12,NODE3,CH39,-49.32,1,0.5,test,2
2,12,NODE4,CH39,-41.08,1,0.766,test,2
2,12,NODE5,CH39,-48.34,1,0.411,test,2
2,12,NODE6,CH39,-49.74,1,0.427,test,2
2,12,NODE7,CH39,-41.62,1,0.736,test,2
2,12,NODE8,CH39,-35.97,1,0.797,test,2
2,12,NODE1,CH40,-45.32,1,0.703,test,2
2,12,NODE2,CH40,-47.4,1,0.363,test,2
2,12,NODE3,CH40,-46.68,1,0.52,test,2
2,12,NODE4,CH40,-39.35,1,0.745,test,2
2,12,NODE5,CH40,-51.93,1,0.426,test,2
2,12,NODE6,CH40,-50.56,1,0.37,test,2
2,12,NODE7,CH40,-41.36,1,0.736,test,2
2,12,NODE8,CH40,-40.47,1,0.761,test,2
2,13,NODE1,CH21,-95.64,0,0.694,test,2
2,13,NODE2,CH21,-95.35,0,0.383,test,2
2,13,NODE3,CH21,-98.3,0,0.551,test,2
2,13,NODE4,CH21,-98.39,0,0.752,test,2
2,13,NODE5,CH21,-105.86,0,0.377,test,2
2,13,NODE6,CH21,-94.01,0,0.349,test,2
2,13,NODE7,CH21,-93.4,0,0.762,test,2
2,13,NODE8,CH21,-97.58,0,0.797,test,2
2,13,NODE1,CH22,-43.06,1,0.708,test,2
2,13,NODE2,CH22,-49.65,1,0.405,test,2
2,13,NODE3,CH22,-45.45,1,0.545,test,2
2,13,NODE4,CH22,-40.23,1,0.793,test,2
2,13,NODE5,CH22,-49.23,1,0.0,test,2
2,13,NODE6,CH22,-48.01,1,0.429,test,2
2,13,NODE7,CH22,-42.51,1,0.68,test,2
2,13,NODE8,CH22,-39.69,1,0.762,test,2
2,13,NODE1,CH23,-43.23,1,0.71,test,2
2,13,NODE2,CH23,-48.66,1,0.369,test,2
2,13,NODE3,CH23,-48.51,1,0.483,test,2
2,13,NODE4,CH23,-39.52,1,0.78,test,2
2,13,NODE5,CH23,-50.12,1,0.381,test,2
2,13,NODE6,CH23,-51.17,1,0.408,test,2
2,13,NODE7,CH23,-40.59,1,0.716,test,2
2,13,NODE8,CH23,-40.24,1,0.785,test,2
2,13,NODE1,CH24,-42.34,1,0.643,test,2
2,13,NODE2,CH24,-47.02,1,0.413,test,2
2,13,NODE3,CH24,-45.59,1,0.459,test,2
2,13,NODE4,CH24,-42.35,1,0.794,test,2
2,13,NODE5,CH24,-51.13,1,0.413,test,2
2,13,NODE6,CH24,-49.42,1,0.408,test,2
2,13,NODE7,CH24,-41.76,1,0.775,test,2
2,13,NODE8,CH24,-38.37,1,0.84,test,2
2,13,NODE1,CH25,-43.12,1,0.716,test,2
2,13,NODE2,CH25,-50.23,1,0.409,test,2
2,13,NODE3,CH25,-49.43,1,0.512,test,2
2,13,NODE4,CH25,-38.21,1,0.756,test,2
2,13,NODE5,CH25,-51.94,1,0.422,test,2
2,13,NODE6,CH25,-48.23,1,0.412,test,2
2,13,NODE7,CH25,-43.18,1,0.667,test,2
2,13,NODE8,CH25,-38.78,1,0.812,test,2
2,13,NODE1,CH26,-41.1,1,0.677,test,2
2,13,NODE2,CH26,-49.81,1,0.399,test,2
2,13,NODE3,CH26,-46.37,1,0.0,test,2
2,13,NODE4,CH26,-40.95,1,0.764,test,2
2,13,NODE5,CH26,-50.93,1,0.395,test,2
2,13,NODE6,CH26,-49.62,1,0.423,test,2
2,13,NODE7,CH26,-43.39,1,0.658,test,2
2,13,NODE8,CH26,-39.0,1,0.811,test,2
2,13,NODE1,CH27,-44.14,1,0.657,test,2
2,13,NODE2,CH27,-53.02,1,0.395,test,2
2,13,NODE3,CH27,-47.39,1,0.493,test,2
2,13,NODE4,CH27,-39.58,1,0.813,test,2
2,13,NODE5,CH27,-47.03,1,0.383,test,2
2,13,NODE6,CH27,-48.46,1,0.398,test,2
2,13,NODE7,CH27,-39.84,1,0.701,test,2
2,13,NODE8,CH27,-42.01,1,0.751,test,2
2,13,NODE1,CH28,-94.93,0,0.69,test,2
2,13,NODE2,CH28,-100.44,0,0.383,test,2
2,13,NODE3,CH28,-95.41,0,0.514,test,2
2,13,NODE4,CH28,-96.41,0,0.756,test,2
2,13,NODE5,CH28,-97.44,0,0.368,test,2
2,13,NODE6,CH28,-96.26,0,0.396,test,2
2,13,NODE7,CH28,-99.21,0,0.695,test,2
2,13,NODE8,CH28,-95.89,0,0.728,test,2
2,13,NODE1,CH29,-41.11,1,0.669,test,2
2,13,NODE2,CH29,-52.46,1,0.457,test,2
2,13,NODE3,CH29,-47.15,1,0.547,test,2
2,13,NODE4,CH29,-39.49,1,0.735,test,2
2,13,NODE5,CH29,-48.71,1,0.402,test,2
2,13,NODE6,CH29,-51.19,1,0.435,test,2
2,13,NODE7,CH29,-41.19,1,0.723,test,2
2,13,NODE8,CH29,-41.48,1,0.795,test,2
2,13,NODE1,CH30,-41.67,1,0.654,test,2
2,13,NODE2,CH30,-50.11,1,0.45,test,2
2,13,NODE3,CH30,-47.42,1,0.4,test,2
2,13,NODE4,CH30,-40.65,1,0.795,test,2
2,13,NODE5,CH30,-50.05,1,0.392,test,2
2,13,NODE6,CH30,-49.35,1,0.409,test,2
2,13,NODE7,CH30,-41.59,1,0.787,test,2
2,13,NODE8,CH30,-41.42,1,0.751,test,2
2,13,NODE1,CH31,-41.83,1,0.699,test,2
2,13,NODE2,CH31,-49.66,1,0.351,test,2
2,13,NODE3,CH31,-50.02,1,0.455,test,2
2,13,NODE4,CH31,-41.93,1,0.717,test,2
2,13,NODE5,CH31,-50.82,1,0.398,test,2
2,13,NODE6,CH31,-49.21,1,0.398,test,2
2,13,NODE7,CH31,-43.41,1,0.713,test,2
2,13,NODE8,CH31,-38.9,1,0.779,test,2
2,13,NODE1,CH32,-44.43,1,0.727,test,2
2,13,NODE2,CH32,-48.99,1,0.431,test,2
2,13,NODE3,CH32,-48.16,1,0.474,test,2
2,13,NODE4,CH32,-41.43,1,0.813,test,2
2,13,NODE5,CH32,-49.88,1,0.348,test,2
2,13,NODE6,CH32,-48.7,1,0.411,test,2
2,13,NODE7,CH32,-40.44,1,0.711,test,2
2,13,NODE8,CH32,-41.18,1,0.761,test,2
2,13,NODE1,CH33,-92.86,0,0.678,test,2
2,13,NODE2,CH33,-104.84,0,0.398,test,2
2,13,NODE3,CH33,-98.95,0,0.487,test,2
2,13,NODE4,CH33,-100.93,0,0.78,test,2
2,13,NODE5,CH33,-98.71,0,0.442,test,2
2,13,NODE6,CH33,-96.53,0,0.391,test,2
2,13,NODE7,CH33,-94.47,0,0.737,test,2
2,13,NODE8,CH33,-95.91,0,0.75,test,2
2,13,NODE1,CH34,-43.11,1,0.658,test,2
2,13,NODE2,CH34,-46.63,1,0.425,test,2
2,13,NODE3,CH34,-48.12,1,0.536,test,2
2,13,NODE4,CH34,-43.09,1,0.697,test,2
2,13,NODE5,CH34,-50.57,1,0.384,test,2
2,13,NODE6,CH34,-48.84,1,0.42,test,2
2,13,NODE7,CH34,-41.89,1,0.733,test,2
2,13,NODE8,CH34,-41.93,1,0.716,test,2
2,13,NODE1,CH35,-95.4,0,0.69,test,2
2,13,NODE2,CH35,-100.31,0,0.36,test,2
2,13,NODE3,CH35,-95.08,0,0.474,test,2
2,13,NODE4,CH35,-90.44,0,0.776,test,2
2,13,NODE5,CH35,-103.11,0,0.425,test,2
2,13,NODE6,CH35,-102.83,0,0.433,test,2
2,13,NODE7,CH35,-95.39,0,0.705,test,2
2,13,NODE8,CH35,-93.26,0,0.807,test,2
2,13,NODE1,CH36,-41.71,1,0.715,test,2
2,13,NODE2,CH36,-50.98,1,0.415,test,2
2,13,NODE3,CH36,-46.63,1,0.511,test,2
2,13,NODE4,CH36,-41.54,1,0.758,test,2
2,13,NODE5,CH36,-50.05,1,0.389,test,2
2,13,NODE6,CH36,-49.75,1,0.463,test,2
2,13,NODE7,CH36,-41.28,1,0.699,test,2
2,13,NODE8,CH36,-38.82,1,0.795,test,2
2,13,NODE1,CH37,-41.57,1,0.697,test,2
2,13,NODE2,CH37,-48.95,1,0.417,test,2
2,13,NODE3,CH37,-48.41,1,0.528,test,2
2,13,NODE4,CH37,-41.13,1,0.732,test,2
2,13,NODE5,CH37,-48.69,1,0.404,test,2
2,13,NODE6,CH37,-51.76,1,0.412,test,2
2,13,NODE7,CH37,-41.77,1,0.713,test,2
2,13,NODE8,CH37,-40.27,1,0.783,test,2
2,13,NODE1,CH38,-42.15,1,0.706,test,2
2,13,NODE2,CH38,-48.73,1,0.361,test,2
2,13,NODE3,CH38,-47.42,1,0.474,test,2
2,13,NODE4,CH38,-41.39,1,0.805,test,2
2,13,NODE5,CH38,-48.97,1,0.376,test,2
2,13,NODE6,CH38,-48.65,1,0.433,test,2
2,13,NODE7,CH38,-39.98,1,0.695,test,2
2,13,NODE8,CH38,-39.24,1,0.799,test,2
2,13,NODE1,CH39,-42.3,1,0.673,test,2
2,13,NODE2,CH39,-52.0,1,0.399,test,2
2,13,NODE3,CH39,-46.63,1,0.496,test,2
2,13,NODE4,CH39,-41.03,1,0.765,test,2
2,13,NODE5,CH39,-49.35,1,0.423,test,2
2,13,NODE6,CH39,-48.62,1,0.401,test,2
2,13,NODE7,CH39,-43.18,1,0.791,test,2
2,13,NODE8,CH39,-39.31,1,0.816,test,2
2,13,NODE1,CH40,-94.72,0,0.606,test,2
2,13,NODE2,CH40,-99.13,0,0.425,test,2
2,13,NODE3,CH40,-93.37,0,0.545,test,2
2,13,NODE4,CH40,-96.25,0,0.77,test,2
2,13,NODE5,CH40,-99.5,0,0.457,test,2
2,13,NODE6,CH40,-95.91,0,0.446,test,2
2,13,NODE7,CH40,-97.18,0,0.71,test,2
2,13,NODE8,CH40,-90.99,0,0.781,test,2
2,14,NODE1,CH21,-95.52,0,0.707,test,2
2,14,NODE2,CH21,-93.94,0,0.367,test,2
2,14,NODE3,CH21,-94.25,0,0.534,test,2
2,14,NODE4,CH21,-94.36,0,0.737,test,2
2,14,NODE5,CH21,-99.13,0,0.35,test,2
2,14,NODE6,CH21,-99.35,0,0.4,test,2
2,14,NODE7,CH21,-94.06,0,0.701,test,2
2,14,NODE8,CH21,-100.86,0,0.823,test,2
2,14,NODE1,CH22,-43.69,1,0.679,test,2
2,14,NODE2,CH22,-50.24,1,0.439,test,2
2,14,NODE3,CH22,-50.53,1,0.472,test,2
2,14,NODE4,CH22,-38.96,1,0.781,test,2
2,14,NODE5,CH22,-48.73,1,0.403,test,2
2,14,NODE6,CH22,-48.19,1,0.434,test,2
2,14,NODE7,CH22,-41.38,1,0.716,test,2
2,14,NODE8,CH22,-39.97,1,0.776,test,2
2,14,NODE1,CH23,-41.85,1,0.694,test,2
2,14,NODE2,CH23,-48.33,1,0.415,test,2
2,14,NODE3,CH23,-48.3,1,0.472,test,2
2,14,NODE4,CH23,-38.8,1,0.762,test,2
2,14,NODE5,CH23,-48.41,1,0.461,test,2
2,14,NODE6,CH23,-50.91,1,0.369,test,2
2,14,NODE7,CH23,-42.81,1,0.763,test,2
2,14,NODE8,CH23,-38.17,1,0.781,test,2
2,14,NODE1,CH24,-41.28,1,0.665,test,2
2,14,NODE2,CH24,-49.89,1,0.441,test,2
2,14,NODE3,CH24,-50.22,1,0.503,test,2
2,14,NODE4,CH24,-38.13,1,0.784,test,2
2,14,NODE5,CH24,-49.53,1,0.393,test,2
2,14,NODE6,CH24,-52.84,1,0.439,test,2
2,14,NODE7,CH24,-44.51,1,0.743,test,2
2,14,NODE8,CH24,-41.53,1,0.852,test,2
2,14,NODE1,CH25,-42.81,1,0.671,test,2
2,14,NODE2,CH25,-48.77,1,0.432,test,2
2,14,NODE3,CH25,-47.15,1,0.482,test,2
2,14,NODE4,CH25,-42.56,1,0.766,test,2
2,14,NODE5,CH25,-51.05,1,0.4,test,2
2,14,NODE6,CH25,-49.31,1,0.0,test,2
2,14,NODE7,CH25,-41.05,1,0.688,test,2
2,14,NODE8,CH25,-40.82,1,0.0,test,2
2,14,NODE1,CH26,-100.21,0,0.698,test,2
2,14,NODE2,CH26,-93.92,0,0.372,test,2
2,14,NODE3,CH26,-96.13,0,0.519,test,2
2,14,NODE4,CH26,-95.44,0,0.771,test,2
2,14,NODE5,CH26,-96.23,0,0.383,test,2
2,14,NODE6,CH26,-99.29,0,0.452,test,2
2,14,NODE7,CH26,-93.75,0,0.658,test,2
2,14,NODE8,CH26,-97.03,0,0.844,test,2
2,14,NODE1,CH27,-43.17,1,0.754,test,2
2,14,NODE2,CH27,-49.61,1,0.375,test,2
2,14,NODE3,CH27,-48.86,1,0.506,test,2
2,14,NODE4,CH27,-39.51,1,0.822,test,2
2,14,NODE5,CH27,-50.62,1,0.386,test,2
2,14,NODE6,CH27,-49.01,1,0.43,test,2
2,14,NODE7,CH27,-42.05,1,0.792,test,2
2,14,NODE8,CH27,-38.62,1,0.761,test,2
2,14,NODE1,CH28,-97.29,0,0.676,test,2
2,14,NODE2,CH28,-101.97,0,0.441,test,2
2,14,NODE3,CH28,-95.98,0,0.524,test,2
2,14,NODE4,CH28,-93.43,0,0.77,test,2
2,14,NODE5,CH28,-98.44,0,0.405,test,2
2,14,NODE6,CH28,-104.78,0,0.416,test,2
2,14,NODE7,CH28,-101.31,0,0.701,test,2
2,14,NODE8,CH28,-97.15,0,0.795,test,2
2,14,NODE1,CH29,-101.36,0,0.746,test,2
2,14,NODE2,CH29,-96.43,0,0.419,test,2
2,14,NODE3,CH29,-97.38,0,0.485,test,2
2,14,NODE4,CH29,-90.65,0,0.764,test,2
2,14,NODE5,CH29,-99.43,0,0.439,test,2
2,14,NODE6,CH29,-99.81,0,0.442,test,2
2,14,NODE7,CH29,-90.88,0,0.687,test,2
2,14,NODE8,CH29,-93.61,0,0.817,test,2
2,14,NODE1,CH30,-43.28,1,0.0,test,2
2,14,NODE2,CH30,-50.6,1,0.346,test,2
2,14,NODE3,CH30,-49.1,1,0.542,test,2
2,14,NODE4,CH30,-40.85,1,0.8,test,2
2,14,NODE5,CH30,-51.21,1,0.408,test,2
2,14,NODE6,CH30,-51.04,1,0.477,test,2
2,14,NODE7,CH30,-41.1,1,0.736,test,2
2,14,NODE8,CH30,-39.49,1,0.797,test,2
2,14,NODE1,CH31,-42.44,1,0.688,test,2
2,14,NODE2,CH31,-52.44,1,0.399,test,2
2,14,NODE3,CH31,-50.27,1,0.435,test,2
2,14,NODE4,CH31,-39.61,1,0.739,test,2
2,14,NODE5,CH31,-48.26,1,0.4,test,2
2,14,NODE6,CH31,-47.85,1,0.46,test,2
2,14,NODE7,CH31,-42.93,1,0.672,test,2
2,14,NODE8,CH31,-37.02,1,0.819,test,2
2,14,NODE1,CH32,-42.35,1,0.706,test,2
2,14,NODE2,CH32,-46.8,1,0.434,test,2
2,14,NODE3,CH32,-48.59,1,0.479,test,2
2,14,NODE4,CH32,-40.47,1,0.786,test,2
2,14,NODE5,CH32,-48.88,1,0.409,test,2
2,14,NODE6,CH32,-48.5,1,0.385,test,2
2,14,NODE7,CH32,-44.02,1,0.767,test,2
2,14,NODE8,CH32,-39.84,1,0.798,test,2
2,14,NODE1,CH33,-97.19,0,0.656,test,2
2,14,NODE2,CH33,-96.56,0,0.398,test,2
2,14,NODE3,CH33,-93.99,0,0.505,test,2
2,14,NODE4,CH33,-101.98,0,0.723,test,2
2,14,NODE5,CH33,-100.92,0,0.394,test,2
2,14,NODE6,CH33,-95.2,0,0.385,test,2
2,14,NODE7,CH33,-96.74,0,0.722,test,2
2,14,NODE8,CH33,-96.35,0,0.772,test,2
2,14,NODE1,CH34,-94.7,0,0.658,test,2
2,14,NODE2,CH34,-98.28,0,0.391,test,2
2,14,NODE3,CH34,-102.87,0,0.475,test,2
2,14,NODE4,CH34,-97.06,0,0.773,test,2
2,14,NODE5,CH34,-100.18,0,0.423,test,2
2,14,NODE6,CH34,-96.77,0,0.425,test,2
2,14,NODE7,CH34,-95.75,0,0.7,test,2
2,14,NODE8,CH34,-95.72,0,0.796,test,2
2,14,NODE1,CH35,-97.7,0,0.649,test,2
2,14,NODE2,CH35,-100.54,0,0.419,test,2
2,14,NODE3,CH35,-93.47,0,0.52,test,2
2,14,NODE4,CH35,-102.41,0,0.736,test,2
2,14,NODE5,CH35,-96.39,0,0.426,test,2
2,14,NODE6,CH35,-98.71,0,0.437,test,2
2,14,NODE7,CH35,-93.88,0,0.657,test,2
2,14,NODE8,CH35,-93.03,0,0.855,test,2
2,14,NODE1,CH36,-44.86,1,0.731,test,2
2,14,NODE2,CH36,-49.48,1,0.4,test,2
2,14,NODE3,CH36,-49.46,1,0.532,test,2
2,14,NODE4,CH36,-40.91,1,0.761,test,2
2,14,NODE5,CH36,-47.36,1,0.363,test,2
2,14,NODE6,CH36,-50.57,1,0.428,test,2
2,14,NODE7,CH36,-42.45,1,0.682,test,2
2,14,NODE8,CH36,-38.62,1,0.803,test,2
2,14,NODE1,CH37,-91.83,0,0.672,test,2
2,14,NODE2,CH37,-100.9,0,0.407,test,2
2,14,NODE3,CH37,-102.15,0,0.558,test,2
2,14,NODE4,CH37,-99.62,0,0.799,test,2
2,14,NODE5,CH37,-99.86,0,0.373,test,2
2,14,NODE6,CH37,-97.13,0,0.447,test,2
2,14,NODE7,CH37,-93.59,0,0.747,test,2
2,14,NODE8,CH37,-97.15,0,0.855,test,2
2,14,NODE1,CH38,-43.63,1,0.672,test,2
2,14,NODE2,CH38,-49.84,1,0.37,test,2
2,14,NODE3,CH38,-47.98,1,0.489,test,2
2,14,NODE4,CH38,-41.03,1,0.719,test,2
2,14,NODE5,CH38,-48.33,1,0.394,test,2
2,14,NODE6,CH38,-51.23,1,0.438,test,2
2,14,NODE7,CH38,-44.17,1,0.723,test,2
2,14,NODE8,CH38,-40.67,1,0.84,test,2
2,14,NODE1,CH39,-40.66,1,0.0,test,2
2,14,NODE2,CH39,-49.47,1,0.412,test,2
2,14,NODE3,CH39,-47.86,1,0.524,test,2
2,14,NODE4,CH39,-40.91,1,0.762,test,2
2,14,NODE5,CH39,-50.73,1,0.39,test,2
2,14,NODE6,CH39,-48.91,1,0.357,test,2
2,14,NODE7,CH39,-42.81,1,0.692,test,2
2,14,NODE8,CH39,-41.91,1,0.816,test,2
2,14,NODE1,CH40,-45.21,1,0.724,test,2
2,14,NODE2,CH40,-48.22,1,0.381,test,2
2,14,NODE3,CH40,-44.63,1,0.479,test,2
2,14,NODE4,CH40,-43.48,1,0.794,test,2
2,14,NODE5,CH40,-50.54,1,0.403,test,2
2,14,NODE6,CH40,-48.62,1,0.366,test,2
2,14,NODE7,CH40,-40.58,1,0.728,test,2
2,14,NODE8,CH40,-37.74,1,0.799,test,2
2,15,NODE1,CH21,-92.23,0,0.662,test,2
2,15,NODE2,CH21,-100.78,0,0.377,test,2
2,15,NODE3,CH21,-101.01,0,0.462,test,2
2,15,NODE4,CH21,-99.83,0,0.817,test,2
2,15,NODE5,CH21,-99.29,0,0.425,test,2
2,15,NODE6,CH21,-90.92,0,0.45,test,2
2,15,NODE7,CH21,-99.55,0,0.717,test,2
2,15,NODE8,CH21,-100.49,0,0.788,test,2
2,15,NODE1,CH22,-102.68,0,0.694,test,2
2,15,NODE2,CH22,-101.84,0,0.441,test,2
2,15,NODE3,CH22,-103.6,0,0.445,test,2
2,15,NODE4,CH22,-95.67,0,0.795,test,2
2,15,NODE5,CH22,-97.88,0,0.413,test,2
2,15,NODE6,CH22,-103.58,0,0.455,test,2
2,15,NODE7,CH22,-95.35,0,0.697,test,2
2,15,NODE8,CH22,-98.38,0,0.783,test,2
2,15,NODE1,CH23,-43.54,1,0.696,test,2
2,15,NODE2,CH23,-51.18,1,0.362,test,2
2,15,NODE3,CH23,-48.71,1,0.493,test,2
2,15,NODE4,CH23,-41.55,1,0.759,test,2
2,15,NODE5,CH23,-50.74,1,0.44,test,2
2,15,NODE6,CH23,-48.62,1,0.485,test,2
2,15,NODE7,CH23,-40.43,1,0.708,test,2
2,15,NODE8,CH23,-39.65,1,0.788,test,2
2,15,NODE1,CH24,-42.9,1,0.66,test,2
2,15,NODE2,CH24,-51.68,1,0.34,test,2
2,15,NODE3,CH24,-50.28,1,0.478,test,2
2,15,NODE4,CH24,-40.69,1,0.776,test,2
2,15,NODE5,CH24,-50.97,1,0.417,test,2
2,15,NODE6,CH24,-49.88,1,0.423,test,2
2,15,NODE7,CH24,-41.43,1,0.662,test,2
2,15,NODE8,CH24,-41.56,1,0.809,test,2
2,15,NODE1,CH25,-95.63,0,0.702,test,2
2,15,NODE2,CH25,-97.03,0,0.405,test,2
2,15,NODE3,CH25,-99.88,0,0.58,test,2
2,15,NODE4,CH25,-94.6,0,0.748,test,2
2,15,NODE5,CH25,-94.98,0,0.379,test,2
2,15,NODE6,CH25,-93.85,0,0.47,test,2
2,15,NODE7,CH25,-95.68,0,0.719,test,2
2,15,NODE8,CH25,-95.49,0,0.787,test,2
2,15,NODE1,CH26,-43.56,1,0.708,test,2
2,15,NODE2,CH26,-49.0,1,0.402,test,2
2,15,NODE3,CH26,-47.9,1,0.426,test,2
2,15,NODE4,CH26,-42.95,1,0.734,test,2
2,15,NODE5,CH26,-48.83,1,0.394,test,2
2,15,NODE6,CH26,-49.39,1,0.406,test,2
2,15,NODE7,CH26,-43.11,1,0.737,test,2
2,15,NODE8,CH26,-40.74,1,0.773,test,2
2,15,NODE1,CH27,-43.3,1,0.666,test,2
2,15,NODE2,CH27,-52.04,1,0.411,test,2
2,15,NODE3,CH27,-49.05,1,0.425,test,2
2,15,NODE4,CH27,-39.23,1,0.803,test,2
2,15,NODE5,CH27,-52.43,1,0.405,test,2
2,15,NODE6,CH27,-47.96,1,0.385,test,2
2,15,NODE7,CH27,-42.87,1,0.672,test,2
2,15,NODE8,CH27,-38.94,1,0.761,test,2
2,15,NODE1,CH28,-101.27,0,0.662,test,2
2,15,NODE2,CH28,-103.17,0,0.385,test,2
2,15,NODE3,CH28,-95.34,0,0.51,test,2
2,15,NODE4,CH28,-103.04,0,0.794,test,2
2,15,NODE5,CH28,-91.59,0,0.413,test,2
2,15,NODE6,CH28,-99.07,0,0.388,test,2
2,15,NODE7,CH28,-97.46,0,0.719,test,2
2,15,NODE8,CH28,-93.67,0,0.757,test,2
2,15,NODE1,CH29,-95.87,0,0.676,test,2
2,15,NODE2,CH29,-96.05,0,0.385,test,2
2,15,NODE3,CH29,-97.19,0,0.536,test,2
2,15,NODE4,CH29,-96.4,0,0.768,test,2
2,15,NODE5,CH29,-97.5,0,0.386,test,2
2,15,NODE6,CH29,-101.16,0,0.401,test,2
2,15,NODE7,CH29,-96.44,0,0.664,test,2
2,15,NODE8,CH29,-93.98,0,0.767,test,2
2,15,NODE1,CH30,-46.46,1,0.713,test,2
2,15,NODE2,CH30,-50.24,1,0.395,test,2
2,15,NODE3,CH30,-47.56,1,0.513,test,2
2,15,NODE4,CH30,-39.73,1,0.832,test,2
2,15,NODE5,CH30,-47.63,1,0.445,test,2
2,15,NODE6,CH30,-51.63,1,0.425,test,2
2,15,NODE7,CH30,-43.45,1,0.724,test,2
2,15,NODE8,CH30,-40.24,1,0.78,test,2
2,15,NODE1,CH31,-44.34,1,0.733,test,2
2,15,NODE2,CH31,-50.01,1,0.45,test,2
2,15,NODE3,CH31,-47.4,1,0.512,test,2
2,15,NODE4,CH31,-40.68,1,0.796,test,2
2,15,NODE5,CH31,-50.32,1,0.366,test,2
2,15,NODE6,CH31,-50.09,1,0.383,test,2
2,15,NODE7,CH31,-40.03,1,0.719,test,2
2,15,NODE8,CH31,-40.4,1,0.742,test,2
2,15,NODE1,CH32,-39.6,1,0.679,test,2
2,15,NODE2,CH32,-49.7,1,0.392,test,2
2,15,NODE3,CH32,-48.2,1,0.535,test,2
2,15,NODE4,CH32,-40.61,1,0.77,test,2
2,15,NODE5,CH32,-50.22,1,0.403,test,2
2,15,NODE6,CH32,-49.72,1,0.417,test,2
2,15,NODE7,CH32,-42.17,1,0.706,test,2
2,15,NODE8,CH32,-41.9,1,0.818,test,2
2,15,NODE1,CH33,-98.65,0,0.62,test,2
2,15,NODE2,CH33,-94.3,0,0.363,test,2
2,15,NODE3,CH33,-103.79,0,0.533,test,2
2,15,NODE4,CH33,-92.05,0,0.783,test,2
2,15,NODE5,CH33,-104.64,0,0.447,test,2
2,15,NODE6,CH33,-103.32,0,0.401,test,2
2,15,NODE7,CH33,-99.3,0,0.704,test,2
2,15,NODE8,CH33,-97.05,0,0.796,test,2
2,15,NODE1,CH34,-45.5,1,0.671,test,2
2,15,NODE2,CH34,-50.5,1,0.425,test,2
2,15,NODE3,CH34,-46.2,1,0.568,test,2
2,15,NODE4,CH34,-40.71,1,0.782,test,2
2,15,NODE5,CH34,-50.78,1,0.392,test,2
2,15,NODE6,CH34,-49.13,1,0.444,test,2
2,15,NODE7,CH34,-43.93,1,0.735,test,2
2,15,NODE8,CH34,-39.34,1,0.755,test,2
2,15,NODE1,CH35,-97.57,0,0.664,test,2
2,15,NODE2,CH35,-97.78,0,0.368,test,2
2,15,NODE3,CH35,-97.46,0,0.514,test,2
2,15,NODE4,CH35,-92.09,0,0.784,test,2
2,15,NODE5,CH35,-98.19,0,0.372,test,2
2,15,NODE6,CH35,-99.87,0,0.393,test,2
2,15,NODE7,CH35,-95.29,0,0.754,test,2
2,15,NODE8,CH35,-96.9,0,0.793,test,2
2,15,NODE1,CH36,-43.62,1,0.696,test,2
2,15,NODE2,CH36,-51.33,1,0.443,test,2
2,15,NODE3,CH36,-47.46,1,0.496,test,2
2,15,NODE4,CH36,-39.71,1,0.791,test,2
2,15,NODE5,CH36,-50.15,1,0.395,test,2
2,15,NODE6,CH36,-49.27,1,0.0,test,2
2,15,NODE7,CH36,-41.51,1,0.75,test,2
2,15,NODE8,CH36,-36.63,1,0.781,test,2
2,15,NODE1,CH37,-93.66,0,0.716,test,2
2,15,NODE2,CH37,-98.17,0,0.0,test,2
2,15,NODE3,CH37,-99.22,0,0.494,test,2
2,15,NODE4,CH37,-96.2,0,0.724,test,2
2,15,NODE5,CH37,-96.91,0,0.455,test,2
2,15,NODE6,CH37,-99.95,0,0.418,test,2
2,15,NODE7,CH37,-99.42,0,0.744,test,2
2,15,NODE8,CH37,-97.28,0,0.786,test,2
2,15,NODE1,CH38,-42.39,1,0.729,test,2
2,15,NODE2,CH38,-48.03,1,0.35,test,2
2,15,NODE3,CH38,-46.09,1,0.491,test,2
2,15,NODE4,CH38,-37.69,1,0.757,test,2
2,15,NODE5,CH38,-47.36,1,0.415,test,2
2,15,NODE6,CH38,-50.0,1,0.402,test,2
2,15,NODE7,CH38,-42.97,1,0.754,test,2
2,15,NODE8,CH38,-41.65,1,0.809,test,2
2,15,NODE1,CH39,-99.42,0,0.712,test,2
2,15,NODE2,CH39,-93.86,0,0.356,test,2
2,15,NODE3,CH39,-95.28,0,0.509,test,2
2,15,NODE4,CH39,-99.07,0,0.8,test,2
2,15,NODE5,CH39,-98.59,0,0.352,test,2
2,15,NODE6,CH39,-98.35,0,0.421,test,2
2,15,NODE7,CH39,-93.08,0,0.694,test,2
2,15,NODE8,CH39,-94.83,0,0.774,test,2
2,15,NODE1,CH40,-43.42,1,0.676,test,2
2,15,NODE2,CH40,-50.68,1,0.401,test,2
2,15,NODE3,CH40,-46.9,1,0.51,test,2
2,15,NODE4,CH40,-41.16,1,0.786,test,2
2,15,NODE5,CH40,-49.34,1,0.476,test,2
2,15,NODE6,CH40,-47.02,1,0.407,test,2
2,15,NODE7,CH40,-41.88,1,0.681,test,2
2,15,NODE8,CH40,-40.29,1,0.809,test,2
2,16,NODE1,CH21,-93.82,0,0.616,test,2
2,16,NODE2,CH21,-102.37,0,0.389,test,2
2,16,NODE3,CH21,-94.84,0,0.473,test,2
2,16,NODE4,CH21,-90.58,0,0.761,test,2
2,16,NODE5,CH21,-102.58,0,0.407,test,2
2,16,NODE6,CH21,-98.3,0,0.45,test,2
2,16,NODE7,CH21,-94.86,0,0.717,test,2
2,16,NODE8,CH21,-95.3,0,0.763,test,2
2,16,NODE1,CH22,-103.42,0,0.632,test,2
2,16,NODE2,CH22,-101.87,0,0.368,test,2
2,16,NODE3,CH22,-98.99,0,0.563,test,2
2,16,NODE4,CH22,-90.69,0,0.802,test,2
2,16,NODE5,CH22,-98.99,0,0.4,test,2
2,16,NODE6,CH22,-103.35,0,0.476,test,2
2,16,NODE7,CH22,-97.44,0,0.703,test,2
2,16,NODE8,CH22,-93.61,0,0.828,test,2
2,16,NODE1,CH23,-46.02,1,0.688,test,2
2,16,NODE2,CH23,-49.7,1,0.467,test,2
2,16,NODE3,CH23,-50.16,1,0.482,test,2
2,16,NODE4,CH23,-41.49,1,0.775,test,2
2,16,NODE5,CH23,-50.62,1,0.404,test,2
2,16,NODE6,CH23,-52.36,1,0.405,test,2
2,16,NODE7,CH23,-39.78,1,0.711,test,2
2,16,NODE8,CH23,-41.86,1,0.837,test,2
2,16,NODE1,CH24,-41.45,1,0.711,test,2
2,16,NODE2,CH24,-49.79,1,0.386,test,2
2,16,NODE3,CH24,-48.12,1,0.501,test,2
2,16,NODE4,CH24,-40.12,1,0.742,test,2
2,16,NODE5,CH24,-51.24,1,0.427,test,2
2,16,NODE6,CH24,-47.58,1,0.431,test,2
2,16,NODE7,CH24,-39.91,1,0.689,test,2
2,16,NODE8,CH24,-39.2,1,0.835,test,2
2,16,NODE1,CH25,-43.8,1,0.694,test,2
2,16,NODE2,CH25,-50.56,1,0.394,test,2
2,16,NODE3,CH25,-47.89,1,0.511,test,2
2,16,NODE4,CH25,-42.24,1,0.761,test,2
2,16,NODE5,CH25,-49.09,1,0.396,test,2
2,16,NODE6,CH25,-51.41,1,0.0,test,2
2,16,NODE7,CH25,-41.71,1,0.673,test,2
2,16,NODE8,CH25,-38.15,1,0.808,test,2
2,16,NODE1,CH26,-43.32,1,0.661,test,2
2,16,NODE2,CH26,-51.22,1,0.417,test,2
2,16,NODE3,CH26,-46.65,1,0.492,test,2
2,16,NODE4,CH26,-37.74,1,0.746,test,2
2,16,NODE5,CH26,-50.36,1,0.454,test,2
2,16,NODE6,CH26,-49.87,1,0.424,test,2
2,16,NODE7,CH26,-42.75,1,0.759,test,2
2,16,NODE8,CH26,-37.96,1,0.817,test,2
2,16,NODE1,CH27,-42.85,1,0.668,test,2
2,16,NODE2,CH27,-51.8,1,0.419,test,2
2,16,NODE3,CH27,-48.92,1,0.545,test,2
2,16,NODE4,CH27,-40.37,1,0.786,test,2
2,16,NODE5,CH27,-49.08,1,0.38,test,2
2,16,NODE6,CH27,-47.33,1,0.486,test,2
2,16,NODE7,CH27,-42.67,1,0.738,test,2
2,16,NODE8,CH27,-38.97,1,0.794,test,2
2,16,NODE1,CH28,-93.63,0,0.717,test,2
2,16,NODE2,CH28,-97.61,0,0.39,test,2
2,16,NODE3,CH28,-96.11,0,0.45,test,2
2,16,NODE4,CH28,-91.95,0,0.719,test,2
2,16,NODE5,CH28,-97.95,0,0.415,test,2
2,16,NODE6,CH28,-98.09,0,0.469,test,2
2,16,NODE7,CH28,-93.79,0,0.759,test,2
2,16,NODE8,CH28,-95.69,0,0.776,test,2
2,16,NODE1,CH29,-94.15,0,0.693,test,2
2,16,NODE2,CH29,-102.56,0,0.431,test,2
2,16,NODE3,CH29,-93.34,0,0.531,test,2
2,16,NODE4,CH29,-96.53,0,0.777,test,2
2,16,NODE5,CH29,-97.64,0,0.434,test,2
2,16,NODE6,CH29,-98.36,0,0.357,test,2
2,16,NODE7,CH29,-96.82,0,0.755,test,2
2,16,NODE8,CH29,-96.7,0,0.842,test,2
2,16,NODE1,CH30,-43.02,1,0.667,test,2
2,16,NODE2,CH30,-51.79,1,0.388,test,2
2,16,NODE3,CH30,-47.59,1,0.529,test,2
2,16,NODE4,CH30,-41.17,1,0.719,test,2
2,16,NODE5,CH30,-51.77,1,0.438,test,2
2,16,NODE6,CH30,-48.34,1,0.403,test,2
2,16,NODE7,CH30,-40.58,1,0.751,test,2
2,16,NODE8,CH30,-42.42,1,0.773,test,2
2,16,NODE1,CH31,-44.0,1,0.686,test,2
2,16,NODE2,CH31,-51.68,1,0.428,test,2
2,16,NODE3,CH31,-47.27,1,0.512,test,2
2,16,NODE4,CH31,-40.8,1,0.8,test,2
2,16,NODE5,CH31,-50.71,1,0.422,test,2
2,16,NODE6,CH31,-46.78,1,0.391,test,2
2,16,NODE7,CH31,-41.49,1,0.698,test,2
2,16,NODE8,CH31,-41.39,1,0.801,test,2
2,16,NODE1,CH32,-99.43,0,0.0,test,2
2,16,NODE2,CH32,-94.57,0,0.318,test,2
2,16,NODE3,CH32,-94.39,0,0.481,test,2
2,16,NODE4,CH32,-95.51,0,0.723,test,2
2,16,NODE5,CH32,-98.09,0,0.406,test,2
2,16,NODE6,CH32,-96.77,0,0.423,test,2
2,16,NODE7,CH32,-93.81,0,0.721,test,2
2,16,NODE8,CH32,-91.97,0,0.821,test,2
2,16,NODE1,CH33,-95.95,0,0.735,test,2
2,16,NODE2,CH33,-98.65,0,0.435,test,2
2,16,NODE3,CH33,-102.82,0,0.552,test,2
2,16,NODE4,CH33,-100.34,0,0.721,test,2
2,16,NODE5,CH33,-107.98,0,0.0,test,2
2,16,NODE6,CH33,-100.45,0,0.433,test,2
2,16,NODE7,CH33,-98.76,0,0.757,test,2
2,16,NODE8,CH33,-98.36,0,0.794,test,2
2,16,NODE1,CH34,-97.48,0,0.73,test,2
2,16,NODE2,CH34,-97.39,0,0.433,test,2
2,16,NODE3,CH34,-89.69,0,0.515,test,2
2,16,NODE4,CH34,-98.76,0,0.791,test,2
2,16,NODE5,CH34,-95.34,0,0.383,test,2
2,16,NODE6,CH34,-98.78,0,0.503,test,2
2,16,NODE7,CH34,-96.61,0,0.73,test,2
2,16,NODE8,CH34,-94.95,0,0.803,test,2
2,16,NODE1,CH35,-93.16,0,0.655,test,2
2,16,NODE2,CH35,-95.62,0,0.421,test,2
2,16,NODE3,CH35,-94.7,0,0.455,test,2
2,16,NODE4,CH35,-98.32,0,0.785,test,2
2,16,NODE5,CH35,-100.57,0,0.42,test,2
2,16,NODE6,CH35,-98.69,0,0.433,test,2
2,16,NODE7,CH35,-96.92,0,0.686,test,2
2,16,NODE8,CH35,-98.67,0,0.785,test,2
2,16,NODE1,CH36,-43.47,1,0.646,test,2
2,16,NODE2,CH36,-50.06,1,0.437,test,2
2,16,NODE3,CH36,-48.66,1,0.467,test,2
2,16,NODE4,CH36,-39.02,1,0.775,test,2
2,16,NODE5,CH36,-52.21,1,0.407,test,2
2,16,NODE6,CH36,-51.75,1,0.384,test,2
2,16,NODE7,CH36,-44.14,1,0.76,test,2
2,16,NODE8,CH36,-40.71,1,0.769,test,2
2,16,NODE1,CH37,-42.51,1,0.717,test,2
2,16,NODE2,CH37,-52.88,1,0.434,test,2
2,16,NODE3,CH37,-46.66,1,0.523,test,2
2,16,NODE4,CH37,-40.11,1,0.802,test,2
2,16,NODE5,CH37,-47.7,1,0.386,test,2
2,16,NODE6,CH37,-50.08,1,0.47,test,2
2,16,NODE7,CH37,-42.59,1,0.712,test,2
2,16,NODE8,CH37,-39.91,1,0.779,test,2
2,16,NODE1,CH38,-44.04,1,0.733,test,2
2,16,NODE2,CH38,-50.38,1,0.382,test,2
2,16,NODE3,CH38,-47.98,1,0.477,test,2
2,16,NODE4,CH38,-42.76,1,0.807,test,2
2,16,NODE5,CH38,-49.15,1,0.373,test,2
2,16,NODE6,CH38,-50.55,1,0.403,test,2
2,16,NODE7,CH38,-42.78,1,0.717,test,2
2,16,NODE8,CH38,-39.48,1,0.841,test,2
2,16,NODE1,CH39,-43.41,1,0.753,test,2
2,16,NODE2,CH39,-50.39,1,0.432,test,2
2,16,NODE3,CH39,-50.11,1,0.494,test,2
2,16,NODE4,CH39,-38.11,1,0.773,test,2
2,16,NODE5,CH39,-51.11,1,0.384,test,2
2,16,NODE6,CH39,-48.19,1,0.407,test,2
2,16,NODE7,CH39,-41.83,1,0.721,test,2
2,16,NODE8,CH39,-41.46,1,0.838,test,2
2,16,NODE1,CH40,-46.13,1,0.715,test,2
2,16,NODE2,CH40,-51.0,1,0.471,test,2
2,16,NODE3,CH40,-47.15,1,0.47,test,2
2,16,NODE4,CH40,-41.5,1,0.843,test,2
2,16,NODE5,CH40,-48.93,1,0.356,test,2
2,16,NODE6,CH40,-49.13,1,0.392,test,2
2,16,NODE7,CH40,-42.28,1,0.714,test,2
2,16,NODE8,CH40,-39.35,1,0.76,test,2
2,17,NODE1,CH21,-92.38,0,0.646,test,2
2,17,NODE2,CH21,-99.89,0,0.42,test,2
2,17,NODE3,CH21,-97.1,0,0.478,test,2
2,17,NODE4,CH21,-93.2,0,0.86,test,2
2,17,NODE5,CH21,-99.62,0,0.448,test,2
2,17,NODE6,CH21,-97.29,0,0.406,test,2
2,17,NODE7,CH21,-93.92,0,0.727,test,2
2,17,NODE8,CH21,-97.44,0,0.78,test,2
2,17,NODE1,CH22,-42.7,1,0.742,test,2
2,17,NODE2,CH22,-48.32,1,0.478,test,2
2,17,NODE3,CH22,-45.58,1,0.49,test,2
2,17,NODE4,CH22,-42.58,1,0.815,test,2
2,17,NODE5,CH22,-47.93,1,0.397,test,2
2,17,NODE6,CH22,-48.83,1,0.411,test,2
2,17,NODE7,CH22,-41.51,1,0.735,test,2
2,17,NODE8,CH22,-41.56,1,0.763,test,2
2,17,NODE1,CH23,-41.49,1,0.6,test,2
2,17,NODE2,CH23,-51.3,1,0.382,test,2
2,17,NODE3,CH23,-46.71,1,0.505,test,2
2,17,NODE4,CH23,-39.9,1,0.8,test,2
2,17,NODE5,CH23,-50.62,1,0.393,test,2
2,17,NODE6,CH23,-50.18,1,0.448,test,2
2,17,NODE7,CH23,-43.29,1,0.734,test,2
2,17,NODE8,CH23,-40.67,1,0.804,test,2
2,17,NODE1,CH24,-97.93,0,0.657,test,2
2,17,NODE2,CH24,-92.48,0,0.369,test,2
2,17,NODE3,CH24,-102.31,0,0.449,test,2
2,17,NODE4,CH24,-87.81,0,0.777,test,2
2,17,NODE5,CH24,-96.33,0,0.453,test,2
2,17,NODE6,CH24,-99.85,0,0.466,test,2
2,17,NODE7,CH24,-91.95,0,0.714,test,2
2,17,NODE8,CH24,-96.38,0,0.816,test,2
2,17,NODE1,CH25,-43.13,1,0.691,test,2
2,17,NODE2,CH25,-48.76,1,0.409,test,2
2,17,NODE3,CH25,-46.29,1,0.526,test,2
2,17,NODE4,CH25,-39.47,1,0.741,test,2
2,17,NODE5,CH25,-50.18,1,0.443,test,2
2,17,NODE6,CH25,-48.69,1,0.41,test,2
2,17,NODE7,CH25,-41.94,1,0.703,test,2
2,17,NODE8,CH25,-42.28,1,0.739,test,2
2,17,NODE1,CH26,-94.15,0,0.674,test,2
2,17,NODE2,CH26,-97.52,0,0.417,test,2
2,17,NODE3,CH26,-96.73,0,0.486,test,2
2,17,NODE4,CH26,-99.54,0,0.747,test,2
2,17,NODE5,CH26,-98.6,0,0.409,test,2
2,17,NODE6,CH26,-97.52,0,0.453,test,2
2,17,NODE7,CH26,-92.07,0,0.732,test,2
2,17,NODE8,CH26,-98.94,0,0.738,test,2
2,17,NODE1,CH27,-40.69,1,0.685,test,2
2,17,NODE2,CH27,-50.31,1,0.324,test,2
2,17,NODE3,CH27,-46.14,1,0.489,test,2
2,17,NODE4,CH27,-42.33,1,0.741,test,2
2,17,NODE5,CH27,-51.89,1,0.397,test,2
2,17,NODE6,CH27,-47.7,1,0.339,test,2
2,17,NODE7,CH27,-42.59,1,0.743,test,2
2,17,NODE8,CH27,-39.22,1,0.776,test,2
2,17,NODE1,CH28,-95.94,0,0.708,test,2
2,17,NODE2,CH28,-91.83,0,0.382,test,2
2,17,NODE3,CH28,-101.43,0,0.466,test,2
2,17,NODE4,CH28,-104.13,0,0.736,test,2
2,17,NODE5,CH28,-98.5,0,0.336,test,2
2,17,NODE6,CH28,-100.25,0,0.387,test,2
2,17,NODE7,CH28,-97.59,0,0.718,test,2
2,17,NODE8,CH28,-94.75,0,0.787,test,2
2,17,NODE1,CH29,-93.06,0,0.673,test,2
2,17,NODE2,CH29,-93.06,0,0.409,test,2
2,17,NODE3,CH29,-95.66,0,0.517,test,2
2,17,NODE4,CH29,-93.32,0,0.789,test,2
2,17,NODE5,CH29,-96.15,0,0.411,test,2
2,17,NODE6,CH29,-97.79,0,0.455,test,2
2,17,NODE7,CH29,-102.29,0,0.741,test,2
2,17,NODE8,CH29,-91.1,0,0.766,test,2
2,17,NODE1,CH30,-43.8,1,0.692,test,2
2,17,NODE2,CH30,-51.34,1,0.368,test,2
2,17,NODE3,CH30,-47.81,1,0.505,test,2
2,17,NODE4,CH30,-39.22,1,0.793,test,2
2,17,NODE5,CH30,-51.25,1,0.378,test,2
2,17,NODE6,CH30,-49.92,1,0.397,test,2
2,17,NODE7,CH30,-39.74,1,0.66,test,2
2,17,NODE8,CH30,-41.26,1,0.765,test,2
2,17,NODE1,CH31,-43.82,1,0.705,test,2
2,17,NODE2,CH31,-49.11,1,0.397,test,2
2,17,NODE3,CH31,-47.1,1,0.492,test,2
2,17,NODE4,CH31,-40.29,1,0.767,test,2
2,17,NODE5,CH31,-51.34,1,0.408,test,2
2,17,NODE6,CH31,-49.58,1,0.457,test,2
2,17,NODE7,CH31,-40.2,1,0.689,test,2
2,17,NODE8,CH31,-41.92,1,0.798,test,2
2,17,NODE1,CH32,-43.7,1,0.0,test,2
2,17,NODE2,CH32,-48.83,1,0.432,test,2
2,17,NODE3,CH32,-48.39,1,0.511,test,2
2,17,NODE4,CH32,-38.98,1,0.792,test,2
2,17,NODE5,CH32,-52.81,1,0.45,test,2
2,17,NODE6,CH32,-49.91,1,0.441,test,2
2,17,NODE7,CH32,-42.02,1,0.779,test,2
2,17,NODE8,CH32,-41.66,1,0.81,test,2
2,17,NODE1,CH33,-92.6,0,0.687,test,2
2,17,NODE2,CH33,-99.97,0,0.354,test,2
2,17,NODE3,CH33,-95.12,0,0.544,test,2
2,17,NODE4,CH33,-100.02,0,0.761,test,2
2,17,NODE5,CH33,-100.07,0,0.411,test,2
2,17,NODE6,CH33,-101.09,0,0.427,test,2
2,17,NODE7,CH33,-100.16,0,0.744,test,2
2,17,NODE8,CH33,-92.71,0,0.754,test,2
2,17,NODE1,CH34,-42.39,1,0.676,test,2
2,17,NODE2,CH34,-51.1,1,0.395,test,2
2,17,NODE3,CH34,-48.37,1,0.483,test,2
2,17,NODE4,CH34,-43.76,1,0.766,test,2
2,17,NODE5,CH34,-50.97,1,0.407,test,2
2,17,NODE6,CH34,-51.37,1,0.422,test,2
2,17,NODE7,CH34,-41.22,1,0.751,test,2
2,17,NODE8,CH34,-38.34,1,0.781,test,2
2,17,NODE1,CH35,-99.67,0,0.705,test,2
2,17,NODE2,CH35,-98.63,0,0.44,test,2
2,17,NODE3,CH35,-97.38,0,0.479,test,2
2,17,NODE4,CH35,-94.83,0,0.72,test,2
2,17,NODE5,CH35,-99.6,0,0.372,test,2
2,17,NODE6,CH35,-92.4,0,0.425,test,2
2,17,NODE7,CH35,-98.87,0,0.76,test,2
2,17,NODE8,CH35,-96.18,0,0.795,test,2
2,17,NODE1,CH36,-42.43,1,0.677,test,2
2,17,NODE2,CH36,-51.37,1,0.399,test,2
2,17,NODE3,CH36,-48.34,1,0.472,test,2
2,17,NODE4,CH36,-40.37,1,0.745,test,2
2,17,NODE5,CH36,-53.9,1,0.418,test,2
2,17,NODE6,CH36,-46.53,1,0.444,test,2
2,17,NODE7,CH36,-40.7,1,0.683,test,2
2,17,NODE8,CH36,-38.95,1,0.807,test,2
2,17,NODE1,CH37,-94.68,0,0.676,test,2
2,17,NODE2,CH37,-100.5,0,0.396,test,2
2,17,NODE3,CH37,-98.71,0,0.493,test,2
2,17,NODE4,CH37,-99.37,0,0.8,test,2
2,17,NODE5,CH37,-101.02,0,0.355,test,2
2,17,NODE6,CH37,-96.67,0,0.443,test,2
2,17,NODE7,CH37,-100.72,0,0.696,test,2
2,17,NODE8,CH37,-93.0,0,0.817,test,2
2,17,NODE1,CH38,-91.87,0,0.635,test,2
2,17,NODE2,CH38,-96.38,0,0.397,test,2
2,17,NODE3,CH38,-102.18,0,0.508,test,2
2,17,NODE4,CH38,-93.73,0,0.763,test,2
2,17,NODE5,CH38,-97.76,0,0.424,test,2
2,17,NODE6,CH38,-99.74,0,0.419,test,2
2,17,NODE7,CH38,-95.01,0,0.724,test,2
2,17,NODE8,CH38,-93.83,0,0.788,test,2
2,17,NODE1,CH39,-98.81,0,0.693,test,2
2,17,NODE2,CH39,-94.09,0,0.365,test,2
2,17,NODE3,CH39,-96.45,0,0.549,test,2
2,17,NODE4,CH39,-94.02,0,0.734,test,2
2,17,NODE5,CH39,-96.88,0,0.424,test,2
2,17,NODE6,CH39,-101.11,0,0.451,test,2
2,17,NODE7,CH39,-96.09,0,0.731,test,2
2,17,NODE8,CH39,-97.9,0,0.808,test,2
2,17,NODE1,CH40,-42.53,1,0.692,test,2
2,17,NODE2,CH40,-50.35,1,0.378,test,2
2,17,NODE3,CH40,-46.64,1,0.504,test,2
2,17,NODE4,CH40,-39.48,1,0.787,test,2
2,17,NODE5,CH40,-50.27,1,0.456,test,2
2,17,NODE6,CH40,-50.07,1,0.431,test,2
2,17,NODE7,CH40,-41.33,1,0.722,test,2
2,17,NODE8,CH40,-40.34,1,0.795,test,2
2,18,NODE1,CH21,-96.11,0,0.733,test,2
2,18,NODE2,CH21,-100.37,0,0.367,test,2
2,18,NODE3,CH21,-101.44,0,0.461,test,2
2,18,NODE4,CH21,-94.75,0,0.81,test,2
2,18,NODE5,CH21,-99.12,0,0.399,test,2
2,18,NODE6,CH21,-96.19,0,0.407,test,2
2,18,NODE7,CH21,-94.76,0,0.724,test,2
2,18,NODE8,CH21,-96.65,0,0.757,test,2
2,18,NODE1,CH22,-40.65,1,0.71,test,2
2,18,NODE2,CH22,-49.32,1,0.0,test,2
2,18,NODE3,CH22,-48.14,1,0.485,test,2
2,18,NODE4,CH22,-38.94,1,0.803,test,2
2,18,NODE5,CH22,-51.33,1,0.421,test,2
2,18,NODE6,CH22,-49.34,1,0.391,test,2
2,18,NODE7,CH22,-41.79,1,0.753,test,2
2,18,NODE8,CH22,-39.93,1,0.829,test,2
2,18,NODE1,CH23,-93.73,0,0.704,test,2
2,18,NODE2,CH23,-98.0,0,0.36,test,2
2,18,NODE3,CH23,-92.85,0,0.503,test,2
2,18,NODE4,CH23,-97.85,0,0.783,test,2
2,18,NODE5,CH23,-94.0,0,0.404,test,2
2,18,NODE6,CH23,-101.53,0,0.4,test,2
2,18,NODE7,CH23,-92.06,0,0.692,test,2
2,18,NODE8,CH23,-101.57,0,0.785,test,2
2,18,NODE1,CH24,-43.11,1,0.674,test,2
2,18,NODE2,CH24,-49.84,1,0.384,test,2
2,18,NODE3,CH24,-44.95,1,0.507,test,2
2,18,NODE4,CH24,-39.59,1,0.798,test,2
2,18,NODE5,CH24,-48.22,1,0.399,test,2
2,18,NODE6,CH24,-49.81,1,0.458,test,2
2,18,NODE7,CH24,-40.42,1,0.735,test,2
2,18,NODE8,CH24,-42.84,1,0.823,test,2
2,18,NODE1,CH25,-93.01,0,0.69,test,2
2,18,NODE2,CH25,-99.69,0,0.396,test,2
2,18,NODE3,CH25,-95.37,0,0.546,test,2
2,18,NODE4,CH25,-95.58,0,0.764,test,2
2,18,NODE5,CH25,-95.0,0,0.42,test,2
2,18,NODE6,CH25,-97.52,0,0.377,test,2
2,18,NODE7,CH25,-97.36,0,0.686,test,2
2,18,NODE8,CH25,-93.82,0,0.794,test,2
2,18,NODE1,CH26,-96.95,0,0.707,test,2
2,18,NODE2,CH26,-102.32,0,0.362,test,2
2,18,NODE3,CH26,-98.83,0,0.504,test,2
2,18,NODE4,CH26,-95.68,0,0.782,test,2
2,18,NODE5,CH26,-96.09,0,0.426,test,2
2,18,NODE6,CH26,-95.59,0,0.419,test,2
2,18,NODE7,CH26,-94.41,0,0.744,test,2
2,18,NODE8,CH26,-95.78,0,0.796,test,2
2,18,NODE1,CH27,-41.59,1,0.661,test,2
2,18,NODE2,CH27,-49.32,1,0.445,test,2
2,18,NODE3,CH27,-47.79,1,0.458,test,2
2,18,NODE4,CH27,-42.63,1,0.771,test,2
2,18,NODE5,CH27,-47.79,1,0.397,test,2
2,18,NODE6,CH27,-49.99,1,0.39,test,2
2,18,NODE7,CH27,-42.34,1,0.72,test,2
2,18,NODE8,CH27,-38.06,1,0.752,test,2
2,18,NODE1,CH28,-99.76,0,0.69,test,2
2,18,NODE2,CH28,-95.9,0,0.354,test,2
2,18,NODE3,CH28,-94.61,0,0.475,test,2
2,18,NODE4,CH28,-93.24,0,0.792,test,2
2,18,NODE5,CH28,-94.74,0,0.398,test,2
2,18,NODE6,CH28,-95.28,0,0.451,test,2
2,18,NODE7,CH28,-92.95,0,0.714,test,2
2,18,NODE8,CH28,-99.62,0,0.807,test,2
2,18,NODE1,CH29,-42.42,1,0.67,test,2
2,18,NODE2,CH29,-49.27,1,0.432,test,2
2,18,NODE3,CH29,-48.34,1,0.483,test,2
2,18,NODE4,CH29,-41.51,1,0.788,test,2
2,18,NODE5,CH29,-49.09,1,0.395,test,2
2,18,NODE6,CH29,-50.14,1,0.451,test,2
2,18,NODE7,CH29,-40.44,1,0.725,test,2
2,18,NODE8,CH29,-40.36,1,0.801,test,2
2,18,NODE1,CH30,-93.6,0,0.686,test,2
2,18,NODE2,CH30,-98.5,0,0.392,test,2
2,18,NODE3,CH30,-96.7,0,0.5,test,2
2,18,NODE4,CH30,-95.52,0,0.777,test,2
2,18,NODE5,CH30,-97.78,0,0.338,test,2
2,18,NODE6,CH30,-97.79,0,0.438,test,2
2,18,NODE7,CH30,-91.98,0,0.691,test,2
2,18,NODE8,CH30,-93.45,0,0.796,test,2
2,18,NODE1,CH31,-42.12,1,0.68,test,2
2,18,NODE2,CH31,-48.99,1,0.395,test,2
2,18,NODE3,CH31,-47.64,1,0.463,test,2
2,18,NODE4,CH31,-39.36,1,0.77,test,2
2,18,NODE5,CH31,-48.69,1,0.404,test,2
2,18,NODE6,CH31,-48.13,1,0.447,test,2
2,18,NODE7,CH31,-41.06,1,0.698,test,2
2,18,NODE8,CH31,-42.51,1,0.826,test,2
2,18,NODE1,CH32,-42.01,1,0.728,test,2
2,18,NODE2,CH32,-49.7,1,0.34,test,2
2,18,NODE3,CH32,-47.62,1,0.527,test,2
2,18,NODE4,CH32,-40.59,1,0.778,test,2
2,18,NODE5,CH32,-51.08,1,0.401,test,2
2,18,NODE6,CH32,-50.24,1,0.449,test,2
2,18,NODE7,CH32,-42.12,1,0.739,test,2
2,18,NODE8,CH32,-39.12,1,0.876,test,2
2,18,NODE1,CH33,-96.92,0,0.69,test,2
2,18,NODE2,CH33,-95.29,0,0.405,test,2
2,18,NODE3,CH33,-100.62,0,0.497,test,2
2,18,NODE4,CH33,-93.96,0,0.771,test,2
2,18,NODE5,CH33,-93.19,0,0.399,test,2
2,18,NODE6,CH33,-104.46,0,0.346,test,2
2,18,NODE7,CH33,-98.92,0,0.717,test,2
2,18,NODE8,CH33,-94.42,0,0.781,test,2
2,18,NODE1,CH34,-97.82,0,0.653,test,2
2,18,NODE2,CH34,-102.57,0,0.364,test,2
2,18,NODE3,CH34,-102.16,0,0.437,test,2
2,18,NODE4,CH34,-94.73,0,0.774,test,2
2,18,NODE5,CH34,-100.64,0,0.398,test,2
2,18,NODE6,CH34,-96.64,0,0.375,test,2
2,18,NODE7,CH34,-96.19,0,0.774,test,2
2,18,NODE8,CH34,-104.74,0,0.825,test,2
2,18,NODE1,CH35,-43.42,1,0.71,test,2
2,18,NODE2,CH35,-48.16,1,0.352,test,2
2,18,NODE3,CH35,-47.23,1,0.466,test,2
2,18,NODE4,CH35,-41.77,1,0.784,test,2
2,18,NODE5,CH35,-48.22,1,0.369,test,2
2,18,NODE6,CH35,-49.14,1,0.438,test,2
2,18,NODE7,CH35,-41.9,1,0.731,test,2
2,18,NODE8,CH35,-36.96,1,0.838,test,2
2,18,NODE1,CH36,-41.0,1,0.71,test,2
2,18,NODE2,CH36,-51.49,1,0.352,test,2
2,18,NODE3,CH36,-48.71,1,0.475,test,2
2,18,NODE4,CH36,-39.75,1,0.776,test,2
2,18,NODE5,CH36,-52.03,1,0.439,test,2
2,18,NODE6,CH36,-52.05,1,0.419,test,2
2,18,NODE7,CH36,-44.17,1,0.724,test,2
2,18,NODE8,CH36,-40.1,1,0.741,test,2
2,18,NODE1,CH37,-44.34,1,0.679,test,2
2,18,NODE2,CH37,-49.73,1,0.445,test,2
2,18,NODE3,CH37,-50.08,1,0.475,test,2
2,18,NODE4,CH37,-39.27,1,0.776,test,2
2,18,NODE5,CH37,-50.43,1,0.43,test,2
2,18,NODE6,CH37,-50.07,1,0.43,test,2
2,18,NODE7,CH37,-41.43,1,0.705,test,2
2,18,NODE8,CH37,-38.29,1,0.762,test,2
2,18,NODE1,CH38,-89.37,0,0.701,test,2
2,18,NODE2,CH38,-99.41,0,0.405,test,2
2,18,NODE3,CH38,-97.47,0,0.535,test,2
2,18,NODE4,CH38,-95.04,0,0.777,test,2
2,18,NODE5,CH38,-100.19,0,0.368,test,2
2,18,NODE6,CH38,-98.59,0,0.386,test,2
2,18,NODE7,CH38,-95.12,0,0.738,test,2
2,18,NODE8,CH38,-97.54,0,0.763,test,2
2,18,NODE1,CH39,-97.81,0,0.692,test,2
2,18,NODE2,CH39,-100.71,0,0.471,test,2
2,18,NODE3,CH39,-97.03,0,0.494,test,2
2,18,NODE4,CH39,-95.71,0,0.777,test,2
2,18,NODE5,CH39,-103.26,0,0.42,test,2
2,18,NODE6,CH39,-98.21,0,0.403,test,2
2,18,NODE7,CH39,-96.43,0,0.743,test,2
2,18,NODE8,CH39,-92.86,0,0.804,test,2
2,18,NODE1,CH40,-95.57,0,0.683,test,2
2,18,NODE2,CH40,-96.61,0,0.415,test,2
2,18,NODE3,CH40,-97.73,0,0.46,test,2
2,18,NODE4,CH40,-98.39,0,0.777,test,2
2,18,NODE5,CH40,-100.72,0,0.357,test,2
2,18,NODE6,CH40,-99.42,0,0.399,test,2
2,18,NODE7,CH40,-93.83,0,0.739,test,2
2,18,NODE8,CH40,-95.02,0,0.796,test,2
2,19,NODE1,CH21,-42.31,1,0.728,test,2
2,19,NODE2,CH21,-48.3,1,0.43,test,2
2,19,NODE3,CH21,-45.77,1,0.539,test,2
2,19,NODE4,CH21,-43.67,1,0.767,test,2
2,19,NODE5,CH21,-47.96,1,0.412,test,2
2,19,NODE6,CH21,-48.38,1,0.434,test,2
2,19,NODE7,CH21,-41.42,1,0.722,test,2
2,19,NODE8,CH21,-42.98,1,0.764,test,2
2,19,NODE1,CH22,-43.74,1,0.653,test,2
2,19,NODE2,CH22,-52.3,1,0.396,test,2
2,19,NODE3,CH22,-49.39,1,0.494,test,2
2,19,NODE4,CH22,-41.31,1,0.762,test,2
2,19,NODE5,CH22,-47.96,1,0.369,test,2
2,19,NODE6,CH22,-49.91,1,0.478,test,2
2,19,NODE7,CH22,-42.55,1,0.706,test,2
2,19,NODE8,CH22,-38.7,1,0.807,test,2
2,19,NODE1,CH23,-94.31,0,0.667,test,2
2,19,NODE2,CH23,-94.87,0,0.359,test,2
2,19,NODE3,CH23,-98.16,0,0.425,test,2
2,19,NODE4,CH23,-92.8,0,0.769,test,2
2,19,NODE5,CH23,-101.95,0,0.419,test,2
2,19,NODE6,CH23,-97.9,0,0.423,test,2
2,19,NODE7,CH23,-92.09,0,0.753,test,2
2,19,NODE8,CH23,-93.43,0,0.81,test,2
2,19,NODE1,CH24,-42.54,1,0.709,test,2
2,19,NODE2,CH24,-49.44,1,0.419,test,2
2,19,NODE3,CH24,-47.03,1,0.508,test,2
2,19,NODE4,CH24,-42.48,1,0.715,test,2
2,19,NODE5,CH24,-47.73,1,0.397,test,2
2,19,NODE6,CH24,-49.99,1,0.404,test,2
2,19,NODE7,CH24,-39.07,1,0.733,test,2
2,19,NODE8,CH24,-41.82,1,0.773,test,2
2,19,NODE1,CH25,-98.03,0,0.622,test,2
2,19,NODE2,CH25,-98.65,0,0.431,test,2
2,19,NODE3,CH25,-98.49,0,0.505,test,2
2,19,NODE4,CH25,-93.71,0,0.746,test,2
2,19,NODE5,CH25,-101.29,0,0.376,test,2
2,19,NODE6,CH25,-96.94,0,0.424,test,2
2,19,NODE7,CH25,-93.81,0,0.754,test,2
2,19,NODE8,CH25,-95.29,0,0.8,test,2
2,19,NODE1,CH26,-98.99,0,0.685,test,2
2,19,NODE2,CH26,-100.04,0,0.361,test,2
2,19,NODE3,CH26,-95.49,0,0.459,test,2
2,19,NODE4,CH26,-97.7,0,0.797,test,2
2,19,NODE5,CH26,-95.36,0,0.439,test,2
2,19,NODE6,CH26,-96.18,0,0.451,test,2
2,19,NODE7,CH26,-95.23,0,0.677,test,2
2,19,NODE8,CH26,-95.8,0,0.751,test,2
2,19,NODE1,CH27,-41.85,1,0.779,test,2
2,19,NODE2,CH27,-48.02,1,0.427,test,2
2,19,NODE3,CH27,-47.01,1,0.487,test,2
2,19,NODE4,CH27,-41.86,1,0.77,test,2
2,19,NODE5,CH27,-49.99,1,0.404,test,2
2,19,NODE6,CH27,-53.28,1,0.473,test,2
2,19,NODE7,CH27,-40.62,1,0.699,test,2
2,19,NODE8,CH27,-40.78,1,0.793,test,2
2,19,NODE1,CH28,-98.31,0,0.662,test,2
2,19,NODE2,CH28,-95.3,0,0.351,test,2
2,19,NODE3,CH28,-97.68,0,0.532,test,2
2,19,NODE4,CH28,-100.5,0,0.793,test,2
2,19,NODE5,CH28,-103.46,0,0.442,test,2
2,19,NODE6,CH28,-97.33,0,0.39,test,2
2,19,NODE7,CH28,-98.01,0,0.716,test,2
2,19,NODE8,CH28,-96.13,0,0.824,test,2
2,19,NODE1,CH29,-41.43,1,0.716,test,2
2,19,NODE2,CH29,-50.57,1,0.398,test,2
2,19,NODE3,CH29,-48.45,1,0.459,test,2
2,19,NODE4,CH29,-39.06,1,0.775,test,2
2,19,NODE5,CH29,-49.37,1,0.407,test,2
2,19,NODE6,CH29,-50.28,1,0.373,test,2
2,19,NODE7,CH29,-40.85,1,0.658,test,2
2,19,NODE8,CH29,-36.68,1,0.793,test,2
2,19,NODE1,CH30,-41.07,1,0.697,test,2
2,19,NODE2,CH30,-50.01,1,0.447,test,2
2,19,NODE3,CH30,-47.58,1,0.479,test,2
2,19,NODE4,CH30,-42.16,1,0.782,test,2
2,19,NODE5,CH30,-46.89,1,0.395,test,2
2,19,NODE6,CH30,-52.21,1,0.389,test,2
2,19,NODE7,CH30,-41.77,1,0.713,test,2
2,19,NODE8,CH30,-40.54,1,0.82,test,2
2,19,NODE1,CH31,-41.56,1,0.667,test,2
2,19,NODE2,CH31,-49.83,1,0.426,test,2
2,19,NODE3,CH31,-49.77,1,0.488,test,2
2,19,NODE4,CH31,-42.3,1,0.791,test,2
2,19,NODE5,CH31,-50.85,1,0.348,test,2
2,19,NODE6,CH31,-45.75,1,0.415,test,2
2,19,NODE7,CH31,-43.55,1,0.742,test,2
2,19,NODE8,CH31,-41.55,1,0.814,test,2
2,19,NODE1,CH32,-42.89,1,0.71,test,2
2,19,NODE2,CH32,-50.03,1,0.364,test,2
2,19,NODE3,CH32,-47.56,1,0.552,test,2
2,19,NODE4,CH32,-42.52,1,0.76,test,2
2,19,NODE5,CH32,-48.45,1,0.402,test,2
2,19,NODE6,CH32,-48.35,1,0.43,test,2
2,19,NODE7,CH32,-40.84,1,0.727,test,2
2,19,NODE8,CH32,-38.43,1,0.811,test,2
2,19,NODE1,CH33,-93.11,0,0.716,test,2
2,19,NODE2,CH33,-97.41,0,0.353,test,2
2,19,NODE3,CH33,-95.07,0,0.483,test,2
2,19,NODE4,CH33,-94.75,0,0.796,test,2
2,19,NODE5,CH33,-95.97,0,0.384,test,2
2,19,NODE6,CH33,-94.64,0,0.387,test,2
2,19,NODE7,CH33,-101.72,0,0.726,test,2
2,19,NODE8,CH33,-92.31,0,0.0,test,2
2,19,NODE1,CH34,-43.96,1,0.7,test,2
2,19,NODE2,CH34,-51.62,1,0.404,test,2
2,19,NODE3,CH34,-47.72,1,0.0,test,2
2,19,NODE4,CH34,-41.68,1,0.767,test,2
2,19,NODE5,CH34,-48.23,1,0.383,test,2
2,19,NODE6,CH34,-51.66,1,0.4,test,2
2,19,NODE7,CH34,-43.73,1,0.679,test,2
2,19,NODE8,CH34,-39.03,1,0.748,test,2
2,19,NODE1,CH35,-44.04,1,0.744,test,2
2,19,NODE2,CH35,-50.46,1,0.477,test,2
2,19,NODE3,CH35,-52.03,1,0.485,test,2
2,19,NODE4,CH35,-39.58,1,0.762,test,2
2,19,NODE5,CH35,-51.43,1,0.365,test,2
2,19,NODE6,CH35,-48.03,1,0.451,test,2
2,19,NODE7,CH35,-40.75,1,0.734,test,2
2,19,NODE8,CH35,-40.57,1,0.774,test,2
2,19,NODE1,CH36,-41.61,1,0.648,test,2
2,19,NODE2,CH36,-48.05,1,0.358,test,2
2,19,NODE3,CH36,-47.53,1,0.52,test,2
2,19,NODE4,CH36,-42.92,1,0.787,test,2
2,19,NODE5,CH36,-51.92,1,0.41,test,2
2,19,NODE6,CH36,-50.45,1,0.427,test,2
2,19,NODE7,CH36,-42.57,1,0.744,test,2
2,19,NODE8,CH36,-40.4,1,0.796,test,2
2,19,NODE1,CH37,-88.83,0,0.666,test,2
2,19,NODE2,CH37,-102.77,0,0.406,test,2
2,19,NODE3,CH37,-101.99,0,0.508,test,2
2,19,NODE4,CH37,-95.18,0,0.836,test,2
2,19,NODE5,CH37,-104.36,0,0.384,test,2
2,19,NODE6,CH37,-101.27,0,0.361,test,2
2,19,NODE7,CH37,-96.8,0,0.693,test,2
2,19,NODE8,CH37,-94.97,0,0.796,test,2
2,19,NODE1,CH38,-94.52,0,0.702,test,2
2,19,NODE2,CH38,-97.82,0,0.376,test,2
2,19,NODE3,CH38,-102.13,0,0.468,test,2
2,19,NODE4,CH38,-97.07,0,0.75,test,2
2,19,NODE5,CH38,-102.05,0,0.407,test,2
2,19,NODE6,CH38,-95.44,0,0.39,test,2
2,19,NODE7,CH38,-99.72,0,0.715,test,2
2,19,NODE8,CH38,-98.16,0,0.805,test,2
2,19,NODE1,CH39,-101.49,0,0.708,test,2
2,19,NODE2,CH39,-99.25,0,0.395,test,2
2,19,NODE3,CH39,-99.16,0,0.463,test,2
2,19,NODE4,CH39,-99.56,0,0.689,test,2
2,19,NODE5,CH39,-96.3,0,0.408,test,2
2,19,NODE6,CH39,-97.8,0,0.441,test,2
2,19,NODE7,CH39,-90.05,0,0.66,test,2
2,19,NODE8,CH39,-93.3,0,0.797,test,2
2,19,NODE1,CH40,-100.55,0,0.691,test,2
2,19,NODE2,CH40,-94.93,0,0.39,test,2
2,19,NODE3,CH40,-98.13,0,0.497,test,2
2,19,NODE4,CH40,-101.88,0,0.778,test,2
2,19,NODE5,CH40,-97.99,0,0.391,test,2
2,19,NODE6,CH40,-96.45,0,0.381,test,2
2,19,NODE7,CH40,-96.17,0,0.763,test,2
2,19,NODE8,CH40,-95.86,0,0.775,test,2
2,20,NODE1,CH21,-96.08,0,0.75,test,2
2,20,NODE2,CH21,-97.97,0,0.438,test,2
2,20,NODE3,CH21,-97.69,0,0.486,test,2
2,20,NODE4,CH21,-96.03,0,0.758,test,2
2,20,NODE5,CH21,-94.41,0,0.376,test,2
2,20,NODE6,CH21,-98.73,0,0.409,test,2
2,20,NODE7,CH21,-93.87,0,0.717,test,2
2,20,NODE8,CH21,-98.17,0,0.78,test,2
2,20,NODE1,CH22,-40.57,1,0.668,test,2
2,20,NODE2,CH22,-46.98,1,0.429,test,2
2,20,NODE3,CH22,-47.03,1,0.523,test,2
2,20,NODE4,CH22,-43.74,1,0.776,test,2
2,20,NODE5,CH22,-48.68,1,0.379,test,2
2,20,NODE6,CH22,-47.57,1,0.388,test,2
2,20,NODE7,CH22,-42.19,1,0.719,test,2
2,20,NODE8,CH22,-35.74,1,0.814,test,2
2,20,NODE1,CH23,-98.79,0,0.646,test,2
2,20,NODE2,CH23,-99.19,0,0.358,test,2
2,20,NODE3,CH23,-99.46,0,0.494,test,2
2,20,NODE4,CH23,-95.4,0,0.778,test,2
2,20,NODE5,CH23,-98.64,0,0.398,test,2
2,20,NODE6,CH23,-98.09,0,0.463,test,2
2,20,NODE7,CH23,-95.44,0,0.697,test,2
2,20,NODE8,CH23,-96.08,0,0.784,test,2
2,20,NODE1,CH24,-42.0,1,0.625,test,2
2,20,NODE2,CH24,-50.16,1,0.323,test,2
2,20,NODE3,CH24,-48.61,1,0.488,test,2
2,20,NODE4,CH24,-42.79,1,0.793,test,2
2,20,NODE5,CH24,-50.23,1,0.415,test,2
2,20,NODE6,CH24,-50.77,1,0.0,test,2
2,20,NODE7,CH24,-39.78,1,0.766,test,2
2,20,NODE8,CH24,-41.69,1,0.802,test,2
2,20,NODE1,CH25,-93.61,0,0.752,test,2
2,20,NODE2,CH25,-100.14,0,0.466,test,2
2,20,NODE3,CH25,-93.44,0,0.494,test,2
2,20,NODE4,CH25,-94.27,0,0.754,test,2
2,20,NODE5,CH25,-102.13,0,0.416,test,2
2,20,NODE6,CH25,-96.8,0,0.371,test,2
2,20,NODE7,CH25,-97.91,0,0.718,test,2
2,20,NODE8,CH25,-94.47,0,0.764,test,2
2,20,NODE1,CH26,-98.63,0,0.685,test,2
2,20,NODE2,CH26,-98.22,0,0.395,test,2
2,20,NODE3,CH26,-95.97,0,0.467,test,2
2,20,NODE4,CH26,-96.93,0,0.722,test,2
2,20,NODE5,CH26,-96.0,0,0.413,test,2
2,20,NODE6,CH26,-94.97,0,0.38,test,2
2,20,NODE7,CH26,-97.62,0,0.727,test,2
2,20,NODE8,CH26,-92.88,0,0.837,test,2
2,20,NODE1,CH27,-42.02,1,0.67,test,2
2,20,NODE2,CH27,-48.68,1,0.367,test,2
2,20,NODE3,CH27,-48.13,1,0.513,test,2
2,20,NODE4,CH27,-41.82,1,0.789,test,2
2,20,NODE5,CH27,-49.81,1,0.452,test,2
2,20,NODE6,CH27,-49.91,1,0.401,test,2
2,20,NODE7,CH27,-43.34,1,0.706,test,2
2,20,NODE8,CH27,-41.11,1,0.758,test,2
2,20,NODE1,CH28,-98.77,0,0.684,test,2
2,20,NODE2,CH28,-99.88,0,0.389,test,2
2,20,NODE3,CH28,-102.53,0,0.462,test,2
2,20,NODE4,CH28,-94.77,0,0.71,test,2
2,20,NODE5,CH28,-103.63,0,0.406,test,2
2,20,NODE6,CH28,-95.59,0,0.448,test,2
2,20,NODE7,CH28,-94.73,0,0.722,test,2
2,20,NODE8,CH28,-93.85,0,0.799,test,2
2,20,NODE1,CH29,-42.22,1,0.697,test,2
2,20,NODE2,CH29,-50.62,1,0.362,test,2
2,20,NODE3,CH29,-45.71,1,0.458,test,2
2,20,NODE4,CH29,-43.91,1,0.771,test,2
2,20,NODE5,CH29,-49.52,1,0.423,test,2
2,20,NODE6,CH29,-53.73,1,0.399,test,2
2,20,NODE7,CH29,-40.63,1,0.777,test,2
2,20,NODE8,CH29,-39.74,1,0.766,test,2
2,20,NODE1,CH30,-96.51,0,0.674,test,2
2,20,NODE2,CH30,-101.1,0,0.382,test,2
2,20,NODE3,CH30,-97.8,0,0.51,test,2
2,20,NODE4,CH30,-93.62,0,0.724,test,2
2,20,NODE5,CH30,-97.62,0,0.409,test,2
2,20,NODE6,CH30,-100.11,0,0.461,test,2
2,20,NODE7,CH30,-94.62,0,0.745,test,2
2,20,NODE8,CH30,-105.65,0,0.812,test,2
2,20,NODE1,CH31,-40.4,1,0.69,test,2
2,20,NODE2,CH31,-48.22,1,0.393,test,2
2,20,NODE3,CH31,-46.66,1,0.48,test,2
2,20,NODE4,CH31,-43.18,1,0.76,test,2
2,20,NODE5,CH31,-47.53,1,0.379,test,2
2,20,NODE6,CH31,-50.32,1,0.368,test,2
2,20,NODE7,CH31,-42.2,1,0.73,test,2
2,20,NODE8,CH31,-42.1,1,0.802,test,2
2,20,NODE1,CH32,-45.16,1,0.739,test,2
2,20,NODE2,CH32,-50.31,1,0.398,test,2
2,20,NODE3,CH32,-48.62,1,0.437,test,2
2,20,NODE4,CH32,-39.67,1,0.783,test,2
2,20,NODE5,CH32,-50.19,1,0.366,test,2
2,20,NODE6,CH32,-49.94,1,0.398,test,2
2,20,NODE7,CH32,-41.24,1,0.718,test,2
2,20,NODE8,CH32,-40.88,1,0.792,test,2
2,20,NODE1,CH33,-95.2,0,0.615,test,2
2,20,NODE2,CH33,-97.46,0,0.378,test,2
2,20,NODE3,CH33,-97.24,0,0.524,test,2
2,20,NODE4,CH33,-97.92,0,0.788,test,2
2,20,NODE5,CH33,-95.22,0,0.401,test,2
2,20,NODE6,CH33,-96.65,0,0.455,test,2
2,20,NODE7,CH33,-93.85,0,0.781,test,2
2,20,NODE8,CH33,-89.13,0,0.772,test,2
2,20,NODE1,CH34,-91.29,0,0.754,test,2
2,20,NODE2,CH34,-102.06,0,0.403,test,2
2,20,NODE3,CH34,-98.2,0,0.517,test,2
2,20,NODE4,CH34,-95.44,0,0.774,test,2
2,20,NODE5,CH34,-100.54,0,0.399,test,2
2,20,NODE6,CH34,-100.7,0,0.39,test,2
2,20,NODE7,CH34,-96.95,0,0.718,test,2
2,20,NODE8,CH34,-98.61,0,0.798,test,2
2,20,NODE1,CH35,-39.88,1,0.713,test,2
2,20,NODE2,CH35,-52.83,1,0.377,test,2
2,20,NODE3,CH35,-45.96,1,0.473,test,2
2,20,NODE4,CH35,-42.24,1,0.834,test,2
2,20,NODE5,CH35,-50.71,1,0.37,test,2
2,20,NODE6,CH35,-49.03,1,0.425,test,2
2,20,NODE7,CH35,-39.01,1,0.759,test,2
2,20,NODE8,CH35,-42.23,1,0.81,test,2
2,20,NODE1,CH36,-43.3,1,0.695,test,2
2,20,NODE2,CH36,-50.51,1,0.413,test,2
2,20,NODE3,CH36,-47.81,1,0.535,test,2
2,20,NODE4,CH36,-41.79,1,0.72,test,2
2,20,NODE5,CH36,-47.23,1,0.421,test,2
2,20,NODE6,CH36,-51.29,1,0.356,test,2
2,20,NODE7,CH36,-45.37,1,0.767,test,2
2,20,NODE8,CH36,-37.19,1,0.0,test,2
2,20,NODE1,CH37,-95.22,0,0.672,test,2
2,20,NODE2,CH37,-96.01,0,0.384,test,2
2,20,NODE3,CH37,-99.62,0,0.502,test,2
2,20,NODE4,CH37,-96.86,0,0.779,test,2
2,20,NODE5,CH37,-98.05,0,0.377,test,2
2,20,NODE6,CH37,-95.27,0,0.434,test,2
2,20,NODE7,CH37,-97.34,0,0.698,test,2
2,20,NODE8,CH37,-100.7,0,0.779,test,2
2,20,NODE1,CH38,-99.02,0,0.723,test,2
2,20,NODE2,CH38,-103.11,0,0.408,test,2
2,20,NODE3,CH38,-95.96,0,0.469,test,2
2,20,NODE4,CH38,-101.7,0,0.727,test,2
2,20,NODE5,CH38,-92.8,0,0.436,test,2
2,20,NODE6,CH38,-99.89,0,0.449,test,2
2,20,NODE7,CH38,-103.5,0,0.671,test,2
2,20,NODE8,CH38,-99.55,0,0.784,test,2
2,20,NODE1,CH39,-96.98,0,0.0,test,2
2,20,NODE2,CH39,-97.32,0,0.0,test,2
2,20,NODE3,CH39,-95.19,0,0.506,test,2
2,20,NODE4,CH39,-98.95,0,0.794,test,2
2,20,NODE5,CH39,-94.4,0,0.388,test,2
2,20,NODE6,CH39,-97.61,0,0.426,test,2
2,20,NODE7,CH39,-100.23,0,0.715,test,2
2,20,NODE8,CH39,-94.25,0,0.79,test,2
2,20,NODE1,CH40,-96.88,0,0.686,test,2
2,20,NODE2,CH40,-105.47,0,0.35,test,2
2,20,NODE3,CH40,-98.16,0,0.553,test,2
2,20,NODE4,CH40,-96.26,0,0.772,test,2
2,20,NODE5,CH40,-100.42,0,0.414,test,2
2,20,NODE6,CH40,-92.71,0,0.393,test,2
2,20,NODE7,CH40,-100.29,0,0.723,test,2
2,20,NODE8,CH40,-98.52,0,0.822,test,2
2,21,NODE1,CH21,-99.24,0,0.675,test,2
2,21,NODE2,CH21,-96.89,0,0.394,test,2
2,21,NODE3,CH21,-94.65,0,0.518,test,2
2,21,NODE4,CH21,-97.11,0,0.793,test,2
2,21,NODE5,CH21,-94.95,0,0.379,test,2
2,21,NODE6,CH21,-96.21,0,0.431,test,2
2,21,NODE7,CH21,-99.32,0,0.714,test,2
2,21,NODE8,CH21,-102.14,0,0.784,test,2
2,21,NODE1,CH22,-44.05,1,0.7,test,2
2,21,NODE2,CH22,-49.11,1,0.393,test,2
2,21,NODE3,CH22,-46.19,1,0.483,test,2
2,21,NODE4,CH22,-38.82,1,0.734,test,2
2,21,NODE5,CH22,-51.35,1,0.471,test,2
2,21,NODE6,CH22,-51.85,1,0.379,test,2
2,21,NODE7,CH22,-42.68,1,0.737,test,2
2,21,NODE8,CH22,-41.21,1,0.789,test,2
2,21,NODE1,CH23,-93.69,0,0.734,test,2
2,21,NODE2,CH23,-98.97,0,0.379,test,2
2,21,NODE3,CH23,-96.51,0,0.525,test,2
2,21,NODE4,CH23,-93.2,0,0.737,test,2
2,21,NODE5,CH23,-99.2,0,0.416,test,2
2,21,NODE6,CH23,-100.23,0,0.406,test,2
2,21,NODE7,CH23,-97.07,0,0.7,test,2
2,21,NODE8,CH23,-95.93,0,0.774,test,2
2,21,NODE1,CH24,-41.94,1,0.66,test,2
2,21,NODE2,CH24,-51.35,1,0.386,test,2
2,21,NODE3,CH24,-46.13,1,0.479,test,2
2,21,NODE4,CH24,-37.19,1,0.78,test,2
2,21,NODE5,CH24,-52.78,1,0.428,test,2
2,21,NODE6,CH24,-46.84,1,0.424,test,2
2,21,NODE7,CH24,-40.03,1,0.697,test,2
2,21,NODE8,CH24,-40.96,1,0.825,test,2
2,21,NODE1,CH25,-91.03,0,0.734,test,2
2,21,NODE2,CH25,-95.18,0,0.378,test,2
2,21,NODE3,CH25,-98.47,0,0.491,test,2
2,21,NODE4,CH25,-97.14,0,0.739,test,2
2,21,NODE5,CH25,-96.97,0,0.379,test,2
2,21,NODE6,CH25,-96.09,0,0.425,test,2
2,21,NODE7,CH25,-95.19,0,0.709,test,2
2,21,NODE8,CH25,-92.01,0,0.88,test,2
2,21,NODE1,CH26,-44.75,1,0.631,test,2
2,21,NODE2,CH26,-51.09,1,0.391,test,2
2,21,NODE3,CH26,-46.77,1,0.545,test,2
2,21,NODE4,CH26,-41.26,1,0.754,test,2
2,21,NODE5,CH26,-49.35,1,0.351,test,2
2,21,NODE6,CH26,-49.83,1,0.404,test,2
2,21,NODE7,CH26,-40.12,1,0.77,test,2
2,21,NODE8,CH26,-42.71,1,0.777,test,2
2,21,NODE1,CH27,-97.31,0,0.695,test,2
2,21,NODE2,CH27,-96.7,0,0.352,test,2
2,21,NODE3,CH27,-95.07,0,0.468,test,2
2,21,NODE4,CH27,-98.12,0,0.767,test,2
2,21,NODE5,CH27,-103.42,0,0.401,test,2
2,21,NODE6,CH27,-95.33,0,0.509,test,2
2,21,NODE7,CH27,-93.14,0,0.698,test,2
2,21,NODE8,CH27,-96.23,0,0.762,test,2
2,21,NODE1,CH28,-39.05,1,0.656,test,2
2,21,NODE2,CH28,-50.13,1,0.432,test,2
2,21,NODE3,CH28,-48.31,1,0.475,test,2
2,21,NODE4,CH28,-38.49,1,0.789,test,2
2,21,NODE5,CH28,-48.72,1,0.411,test,2
2,21,NODE6,CH28,-46.9,1,0.398,test,2
2,21,NODE7,CH28,-42.74,1,0.761,test,2
2,21,NODE8,CH28,-39.37,1,0.83,test,2
2,21,NODE1,CH29,-98.07,0,0.699,test,2
2,21,NODE2,CH29,-99.41,0,0.401,test,2
2,21,NODE3,CH29,-90.28,0,0.533,test,2
2,21,NODE4,CH29,-92.88,0,0.769,test,2
2,21,NODE5,CH29,-96.0,0,0.399,test,2
2,21,NODE6,CH29,-98.22,0,0.451,test,2
2,21,NODE7,CH29,-99.24,0,0.749,test,2
2,21,NODE8,CH29,-99.25,0,0.797,test,2
2,21,NODE1,CH30,-99.94,0,0.725,test,2
2,21,NODE2,CH30,-99.08,0,0.326,test,2
2,21,NODE3,CH30,-99.47,0,0.464,test,2
2,21,NODE4,CH30,-93.26,0,0.819,test,2
2,21,NODE5,CH30,-96.34,0,0.408,test,2
2,21,NODE6,CH30,-98.04,0,0.441,test,2
2,21,NODE7,CH30,-98.16,0,0.72,test,2
2,21,NODE8,CH30,-97.91,0,0.775,test,2
2,21,NODE1,CH31,-43.03,1,0.612,test,2
2,21,NODE2,CH31,-47.65,1,0.41,test,2
2,21,NODE3,CH31,-47.3,1,0.501,test,2
2,21,NODE4,CH31,-39.94,1,0.79,test,2
2,21,NODE5,CH31,-49.56,1,0.414,test,2
2,21,NODE6,CH31,-50.52,1,0.426,test,2
2,21,NODE7,CH31,-41.59,1,0.723,test,2
2,21,NODE8,CH31,-37.31,1,0.772,test,2
2,21,NODE1,CH32,-44.02,1,0.716,test,2
2,21,NODE2,CH32,-50.17,1,0.413,test,2
2,21,NODE3,CH32,-47.69,1,0.44,test,2
2,21,NODE4,CH32,-41.17,1,0.768,test,2
2,21,NODE5,CH32,-48.28,1,0.402,test,2
2,21,NODE6,CH32,-49.25,1,0.447,test,2
2,21,NODE7,CH32,-39.73,1,0.734,test,2
2,21,NODE8,CH32,-38.9,1,0.773,test,2
2,21,NODE1,CH33,-44.14,1,0.743,test,2
2,21,NODE2,CH33,-49.99,1,0.432,test,2
2,21,NODE3,CH33,-48.76,1,0.428,test,2
2,21,NODE4,CH33,-40.92,1,0.781,test,2
2,21,NODE5,CH33,-47.17,1,0.4,test,2
2,21,NODE6,CH33,-47.65,1,0.42,test,2
2,21,NODE7,CH33,-42.63,1,0.698,test,2
2,21,NODE8,CH33,-38.99,1,0.804,test,2
2,21,NODE1,CH34,-93.95,0,0.727,test,2
2,21,NODE2,CH34,-100.41,0,0.391,test,2
2,21,NODE3,CH34,-93.47,0,0.469,test,2
2,21,NODE4,CH34,-98.04,0,0.74,test,2
2,21,NODE5,CH34,-95.85,0,0.375,test,2
2,21,NODE6,CH34,-97.06,0,0.386,test,2
2,21,NODE7,CH34,-96.97,0,0.717,test,2
2,21,NODE8,CH34,-95.2,0,0.762,test,2
2,21,NODE1,CH35,-93.88,0,0.686,test,2
2,21,NODE2,CH35,-92.56,0,0.354,test,2
2,21,NODE3,CH35,-92.47,0,0.469,test,2
2,21,NODE4,CH35,-89.86,0,0.775,test,2
2,21,NODE5,CH35,-98.55,0,0.426,test,2
2,21,NODE6,CH35,-101.86,0,0.43,test,2
2,21,NODE7,CH35,-98.12,0,0.742,test,2
2,21,NODE8,CH35,-93.17,0,0.815,test,2
2,21,NODE1,CH36,-45.04,1,0.701,test,2
2,21,NODE2,CH36,-50.73,1,0.37,test,2
2,21,NODE3,CH36,-46.15,1,0.554,test,2
2,21,NODE4,CH36,-41.22,1,0.796,test,2
2,21,NODE5,CH36,-48.8,1,0.374,test,2
2,21,NODE6,CH36,-50.5,1,0.417,test,2
2,21,NODE7,CH36,-43.16,1,0.686,test,2
2,21,NODE8,CH36,-39.65,1,0.769,test,2
2,21,NODE1,CH37,-40.86,1,0.0,test,2
2,21,NODE2,CH37,-51.53,1,0.415,test,2
2,21,NODE3,CH37,-47.17,1,0.523,test,2
2,21,NODE4,CH37,-39.96,1,0.818,test,2
2,21,NODE5,CH37,-49.75,1,0.348,test,2
2,21,NODE6,CH37,-50.82,1,0.404,test,2
2,21,NODE7,CH37,-40.58,1,0.668,test,2
2,21,NODE8,CH37,-38.66,1,0.765,test,2
2,21,NODE1,CH38,-96.73,0,0.702,test,2
2,21,NODE2,CH38,-101.48,0,0.348,test,2
2,21,NODE3,CH38,-104.53,0,0.489,test,2
2,21,NODE4,CH38,-90.64,0,0.796,test,2
2,21,NODE5,CH38,-100.23,0,0.391,test,2
2,21,NODE6,CH38,-99.31,0,0.459,test,2
2,21,NODE7,CH38,-91.75,0,0.767,test,2
2,21,NODE8,CH38,-96.39,0,0.79,test,2
2,21,NODE1,CH39,-102.99,0,0.686,test,2
2,21,NODE2,CH39,-101.33,0,0.355,test,2
2,21,NODE3,CH39,-92.39,0,0.471,test,2
2,21,NODE4,CH39,-95.34,0,0.751,test,2
2,21,NODE5,CH39,-98.04,0,0.415,test,2
2,21,NODE6,CH39,-102.33,0,0.412,test,2
2,21,NODE7,CH39,-94.02,0,0.711,test,2
2,21,NODE8,CH39,-93.3,0,0.774,test,2
2,21,NODE1,CH40,-97.6,0,0.62,test,2
2,21,NODE2,CH40,-93.01,0,0.399,test,2
2,21,NODE3,CH40,-95.63,0,0.44,test,2
2,21,NODE4,CH40,-93.57,0,0.799,test,2
2,21,NODE5,CH40,-98.51,0,0.406,test,2
2,21,NODE6,CH40,-96.41,0,0.411,test,2
2,21,NODE7,CH40,-90.32,0,0.777,test,2
2,21,NODE8,CH40,-94.37,0,0.812,test,2
2,22,NODE1,CH21,-42.79,1,0.716,test,2
2,22,NODE2,CH21,-49.43,1,0.374,test,2
2,22,NODE3,CH21,-48.96,1,0.509,test,2
2,22,NODE4,CH21,-40.86,1,0.739,test,2
2,22,NODE5,CH21,-50.8,1,0.39,test,2
2,22,NODE6,CH21,-49.99,1,0.425,test,2
2,22,NODE7,CH21,-41.19,1,0.747,test,2
2,22,NODE8,CH21,-38.83,1,0.791,test,2
2,22,NODE1,CH22,-41.95,1,0.67,test,2
2,22,NODE2,CH22,-47.67,1,0.373,test,2
2,22,NODE3,CH22,-50.33,1,0.525,test,2
2,22,NODE4,CH22,-39.87,1,0.77,test,2
2,22,NODE5,CH22,-51.13,1,0.408,test,2
2,22,NODE6,CH22,-50.82,1,0.407,test,2
2,22,NODE7,CH22,-40.78,1,0.71,test,2
2,22,NODE8,CH22,-41.99,1,0.783,test,2
2,22,NODE1,CH23,-95.3,0,0.673,test,2
2,22,NODE2,CH23,-99.57,0,0.399,test,2
2,22,NODE3,CH23,-98.16,0,0.449,test,2
2,22,NODE4,CH23,-94.29,0,0.79,test,2
2,22,NODE5,CH23,-97.25,0,0.423,test,2
2,22,NODE6,CH23,-98.62,0,0.414,test,2
2,22,NODE7,CH23,-94.42,0,0.719,test,2
2,22,NODE8,CH23,-95.94,0,0.771,test,2
2,22,NODE1,CH24,-96.03,0,0.688,test,2
2,22,NODE2,CH24,-98.98,0,0.401,test,2
2,22,NODE3,CH24,-104.56,0,0.498,test,2
2,22,NODE4,CH24,-92.11,0,0.746,test,2
2,22,NODE5,CH24,-96.76,0,0.34,test,2
2,22,NODE6,CH24,-96.52,0,0.424,test,2
2,22,NODE7,CH24,-97.08,0,0.731,test,2
2,22,NODE8,CH24,-92.89,0,0.799,test,2
2,22,NODE1,CH25,-99.54,0,0.713,test,2
2,22,NODE2,CH25,-96.03,0,0.397,test,2
2,22,NODE3,CH25,-99.25,0,0.503,test,2
2,22,NODE4,CH25,-95.68,0,0.791,test,2
2,22,NODE5,CH25,-98.37,0,0.428,test,2
2,22,NODE6,CH25,-101.27,0,0.408,test,2
2,22,NODE7,CH25,-98.4,0,0.754,test,2
2,22,NODE8,CH25,-96.49,0,0.8,test,2
2,22,NODE1,CH26,-42.17,1,0.65,test,2
2,22,NODE2,CH26,-50.92,1,0.449,test,2
2,22,NODE3,CH26,-48.8,1,0.489,test,2
2,22,NODE4,CH26,-39.9,1,0.757,test,2
2,22,NODE5,CH26,-49.91,1,0.4,test,2
2,22,NODE6,CH26,-49.74,1,0.333,test,2
2,22,NODE7,CH26,-42.82,1,0.704,test,2
2,22,NODE8,CH26,-37.85,1,0.766,test,2
2,22,NODE1,CH27,-94.52,0,0.722,test,2
2,22,NODE2,CH27,-95.6,0,0.436,test,2
2,22,NODE3,CH27,-103.53,0,0.467,test,2
2,22,NODE4,CH27,-98.68,0,0.794,test,2
2,22,NODE5,CH27,-98.58,0,0.421,test,2
2,22,NODE6,CH27,-99.01,0,0.404,test,2
2,22,NODE7,CH27,-96.21,0,0.77,test,2
2,22,NODE8,CH27,-99.14,0,0.809,test,2
2,22,NODE1,CH28,-44.06,1,0.683,test,2
2,22,NODE2,CH28,-48.09,1,0.396,test,2
2,22,NODE3,CH28,-49.57,1,0.462,test,2
2,22,NODE4,CH28,-39.85,1,0.786,test,2
2,22,NODE5,CH28,-50.94,1,0.392,test,2
2,22,NODE6,CH28,-48.9,1,0.457,test,2
2,22,NODE7,CH28,-42.22,1,0.723,test,2
2,22,NODE8,CH28,-38.93,1,0.778,test,2
2,22,NODE1,CH29,-93.78,0,0.624,test,2
2,22,NODE2,CH29,-99.96,0,0.395,test,2
2,22,NODE3,CH29,-92.68,0,0.534,test,2
2,22,NODE4,CH29,-98.87,0,0.793,test,2
2,22,NODE5,CH29,-96.1,0,0.403,test,2
2,22,NODE6,CH29,-97.33,0,0.441,test,2
2,22,NODE7,CH29,-97.53,0,0.749,test,2
2,22,NODE8,CH29,-100.52,0,0.799,test,2
2,22,NODE1,CH30,-100.36,0,0.704,test,2
2,22,NODE2,CH30,-98.07,0,0.429,test,2
2,22,NODE3,CH30,-97.04,0,0.531,test,2
2,22,NODE4,CH30,-95.42,0,0.76,test,2
2,22,NODE5,CH30,-102.31,0,0.375,test,2
2,22,NODE6,CH30,-102.04,0,0.357,test,2
2,22,NODE7,CH30,-95.58,0,0.738,test,2
2,22,NODE8,CH30,-91.73,0,0.828,test,2
2,22,NODE1,CH31,-97.5,0,0.696,test,2
2,22,NODE2,CH31,-94.55,0,0.459,test,2
2,22,NODE3,CH31,-100.28,0,0.475,test,2
2,22,NODE4,CH31,-98.13,0,0.713,test,2
2,22,NODE5,CH31,-96.93,0,0.39,test,2
2,22,NODE6,CH31,-101.75,0,0.417,test,2
2,22,NODE7,CH31,-91.93,0,0.747,test,2
2,22,NODE8,CH31,-93.77,0,0.812,test,2
2,22,NODE1,CH32,-43.99,1,0.72,test,2
2,22,NODE2,CH32,-50.12,1,0.367,test,2
2,22,NODE3,CH32,-49.76,1,0.474,test,2
2,22,NODE4,CH32,-41.24,1,0.779,test,2
2,22,NODE5,CH32,-49.11,1,0.322,test,2
2,22,NODE6,CH32,-51.28,1,0.409,test,2
2,22,NODE7,CH32,-42.99,1,0.642,test,2
2,22,NODE8,CH32,-37.97,1,0.753,test,2
2,22,NODE1,CH33,-42.32,1,0.666,test,2
2,22,NODE2,CH33,-48.66,1,0.385,test,2
2,22,NODE3,CH33,-46.73,1,0.509,test,2
2,22,NODE4,CH33,-39.05,1,0.78,test,2
2,22,NODE5,CH33,-45.85,1,0.389,test,2
2,22,NODE6,CH33,-48.67,1,0.364,test,2
2,22,NODE7,CH33,-43.44,1,0.78,test,2
2,22,NODE8,CH33,-39.07,1,0.787,test,2
2,22,NODE1,CH34,-98.16,0,0.683,test,2
2,22,NODE2,CH34,-93.18,0,0.38,test,2
2,22,NODE3,CH34,-95.14,0,0.511,test,2
2,22,NODE4,CH34,-97.99,0,0.819,test,2
2,22,NODE5,CH34,-101.76,0,0.326,test,2
2,22,NODE6,CH34,-100.52,0,0.477,test,2
2,22,NODE7,CH34,-91.9,0,0.759,test,2
2,22,NODE8,CH34,-96.18,0,0.803,test,2
2,22,NODE1,CH35,-43.84,1,0.735,test,2
2,22,NODE2,CH35,-48.42,1,0.406,test,2
2,22,NODE3,CH35,-46.88,1,0.521,test,2
2,22,NODE4,CH35,-41.58,1,0.729,test,2
2,22,NODE5,CH35,-49.42,1,0.398,test,2
2,22,NODE6,CH35,-49.38,1,0.431,test,2
2,22,NODE7,CH35,-41.9,1,0.744,test,2
2,22,NODE8,CH35,-41.48,1,0.809,test,2
2,22,NODE1,CH36,-99.52,0,0.697,test,2
2,22,NODE2,CH36,-99.81,0,0.376,test,2
2,22,NODE3,CH36,-97.75,0,0.487,test,2
2,22,NODE4,CH36,-96.76,0,0.791,test,2
2,22,NODE5,CH36,-93.69,0,0.423,test,2
2,22,NODE6,CH36,-95.28,0,0.404,test,2
2,22,NODE7,CH36,-98.94,0,0.707,test,2
2,22,NODE8,CH36,-97.64,0,0.729,test,2
2,22,NODE1,CH37,-99.32,0,0.724,test,2
2,22,NODE2,CH37,-102.32,0,0.422,test,2
2,22,NODE3,CH37,-96.2,0,0.465,test,2
2,22,NODE4,CH37,-94.34,0,0.777,test,2
2,22,NODE5,CH37,-97.82,0,0.397,test,2
2,22,NODE6,CH37,-98.83,0,0.452,test,2
2,22,NODE7,CH37,-97.81,0,0.745,test,2
2,22,NODE8,CH37,-93.35,0,0.797,test,2
2,22,NODE1,CH38,-96.73,0,0.742,test,2
2,22,NODE2,CH38,-96.77,0,0.411,test,2
2,22,NODE3,CH38,-96.41,0,0.453,test,2
2,22,NODE4,CH38,-101.74,0,0.0,test,2
2,22,NODE5,CH38,-99.69,0,0.412,test,2
2,22,NODE6,CH38,-93.44,0,0.403,test,2
2,22,NODE7,CH38,-93.72,0,0.697,test,2
2,22,NODE8,CH38,-100.08,0,0.829,test,2
2,22,NODE1,CH39,-94.04,0,0.679,test,2
2,22,NODE2,CH39,-99.45,0,0.338,test,2
2,22,NODE3,CH39,-96.62,0,0.474,test,2
2,22,NODE4,CH39,-92.15,0,0.75,test,2
2,22,NODE5,CH39,-98.24,0,0.42,test,2
2,22,NODE6,CH39,-98.54,0,0.429,test,2
2,22,NODE7,CH39,-98.97,0,0.766,test,2
2,22,NODE8,CH39,-96.58,0,0.79,test,2
2,22,NODE1,CH40,-96.34,0,0.723,test,2
2,22,NODE2,CH40,-96.27,0,0.34,test,2
2,22,NODE3,CH40,-93.61,0,0.413,test,2
2,22,NODE4,CH40,-94.71,0,0.769,test,2
2,22,NODE5,CH40,-94.26,0,0.36,test,2
2,22,NODE6,CH40,-97.37,0,0.472,test,2
2,22,NODE7,CH40,-99.15,0,0.714,test,2
2,22,NODE8,CH40,-97.17,0,0.804,test,2
2,23,NODE1,CH21,-42.56,1,0.709,test,2
2,23,NODE2,CH21,-52.57,1,0.417,test,2
2,23,NODE3,CH21,-46.45,1,0.445,test,2
2,23,NODE4,CH21,-36.75,1,0.768,test,2
2,23,NODE5,CH21,-48.47,1,0.376,test,2
2,23,NODE6,CH21,-49.7,1,0.419,test,2
2,23,NODE7,CH21,-42.06,1,0.749,test,2
2,23,NODE8,CH21,-41.02,1,0.811,test,2
2,23,NODE1,CH22,-93.67,0,0.661,test,2
2,23,NODE2,CH22,-95.57,0,0.346,test,2
2,23,NODE3,CH22,-94.91,0,0.515,test,2
2,23,NODE4,CH22,-94.92,0,0.834,test,2
2,23,NODE5,CH22,-97.36,0,0.375,test,2
2,23,NODE6,CH22,-99.47,0,0.411,test,2
2,23,NODE7,CH22,-99.98,0,0.782,test,2
2,23,NODE8,CH22,-92.16,0,0.822,test,2
2,23,NODE1,CH23,-101.17,0,0.7,test,2
2,23,NODE2,CH23,-98.38,0,0.401,test,2
2,23,NODE3,CH23,-100.05,0,0.467,test,2
2,23,NODE4,CH23,-90.39,0,0.751,test,2
2,23,NODE5,CH23,-104.76,0,0.452,test,2
2,23,NODE6,CH23,-97.05,0,0.384,test,2
2,23,NODE7,CH23,-99.13,0,0.695,test,2
2,23,NODE8,CH23,-94.43,0,0.797,test,2
2,23,NODE1,CH24,-101.31,0,0.668,test,2
2,23,NODE2,CH24,-91.16,0,0.422,test,2
2,23,NODE3,CH24,-101.01,0,0.515,test,2
2,23,NODE4,CH24,-99.42,0,0.768,test,2
2,23,NODE5,CH24,-100.42,0,0.415,test,2
2,23,NODE6,CH24,-95.11,0,0.426,test,2
2,23,NODE7,CH24,-94.61,0,0.712,test,2
2,23,NODE8,CH24,-96.28,0,0.82,test,2
2,23,NODE1,CH25,-99.67,0,0.665,test,2
2,23,NODE2,CH25,-98.1,0,0.422,test,2
2,23,NODE3,CH25,-92.89,0,0.522,test,2
2,23,NODE4,CH25,-93.84,0,0.771,test,2
2,23,NODE5,CH25,-97.96,0,0.344,test,2
2,23,NODE6,CH25,-100.26,0,0.48,test,2
2,23,NODE7,CH25,-98.29,0,0.689,test,2
2,23,NODE8,CH25,-102.17,0,0.756,test,2
2,23,NODE1,CH26,-44.54,1,0.674,test,2
2,23,NODE2,CH26,-48.05,1,0.402,test,2
2,23,NODE3,CH26,-48.32,1,0.464,test,2
2,23,NODE4,CH26,-41.58,1,0.79,test,2
2,23,NODE5,CH26,-48.62,1,0.503,test,2
2,23,NODE6,CH26,-50.17,1,0.437,test,2
2,23,NODE7,CH26,-41.19,1,0.758,test,2
2,23,NODE8,CH26,-38.31,1,0.807,test,2
2,23,NODE1,CH27,-99.16,0,0.662,test,2
2,23,NODE2,CH27,-100.14,0,0.45,test,2
2,23,NODE3,CH27,-98.87,0,0.443,test,2
2,23,NODE4,CH27,-92.04,0,0.697,test,2
2,23,NODE5,CH27,-96.78,0,0.409,test,2
2,23,NODE6,CH27,-101.16,0,0.397,test,2
2,23,NODE7,CH27,-92.01,0,0.653,test,2
2,23,NODE8,CH27,-97.92,0,0.777,test,2
2,23,NODE1,CH28,-42.77,1,0.711,test,2
2,23,NODE2,CH28,-51.57,1,0.414,test,2
2,23,NODE3,CH28,-49.01,1,0.52,test,2
2,23,NODE4,CH28,-40.39,1,0.789,test,2
2,23,NODE5,CH28,-51.85,1,0.372,test,2
2,23,NODE6,CH28,-52.0,1,0.411,test,2
2,23,NODE7,CH28,-42.22,1,0.637,test,2
2,23,NODE8,CH28,-41.5,1,0.766,test,2
2,23,NODE1,CH29,-96.39,0,0.687,test,2
2,23,NODE2,CH29,-94.65,0,0.448,test,2
2,23,NODE3,CH29,-94.0,0,0.494,test,2
2,23,NODE4,CH29,-94.63,0,0.831,test,2
2,23,NODE5,CH29,-99.99,0,0.374,test,2
2,23,NODE6,CH29,-93.06,0,0.472,test,2
2,23,NODE7,CH29,-96.74,0,0.734,test,2
2,23,NODE8,CH29,-91.71,0,0.825,test,2
2,23,NODE1,CH30,-101.63,0,0.693,test,2
2,23,NODE2,CH30,-95.03,0,0.41,test,2
2,23,NODE3,CH30,-99.53,0,0.476,test,2
2,23,NODE4,CH30,-91.3,0,0.78,test,2
2,23,NODE5,CH30,-95.95,0,0.381,test,2
2,23,NODE6,CH30,-95.67,0,0.451,test,2
2,23,NODE7,CH30,-97.48,0,0.726,test,2
2,23,NODE8,CH30,-93.64,0,0.797,test,2
2,23,NODE1,CH31,-96.73,0,0.659,test,2
2,23,NODE2,CH31,-100.44,0,0.381,test,2
2,23,NODE3,CH31,-97.14,0,0.433,test,2
2,23,NODE4,CH31,-90.31,0,0.738,test,2
2,23,NODE5,CH31,-98.27,0,0.406,test,2
2,23,NODE6,CH31,-102.67,0,0.474,test,2
2,23,NODE7,CH31,-97.76,0,0.773,test,2
2,23,NODE8,CH31,-91.71,0,0.816,test,2
2,23,NODE1,CH32,-98.24,0,0.718,test,2
2,23,NODE2,CH32,-96.84,0,0.424,test,2
2,23,NODE3,CH32,-97.05,0,0.527,test,2
2,23,NODE4,CH32,-92.73,0,0.76,test,2
2,23,NODE5,CH32,-99.71,0,0.392,test,2
2,23,NODE6,CH32,-96.72,0,0.454,test,2
2,23,NODE7,CH32,-93.79,0,0.685,test,2
2,23,NODE8,CH32,-99.74,0,0.779,test,2
2,23,NODE1,CH33,-41.75,1,0.701,test,2
2,23,NODE2,CH33,-50.56,1,0.35,test,2
2,23,NODE3,CH33,-49.07,1,0.522,test,2
2,23,NODE4,CH33,-40.85,1,0.776,test,2
2,23,NODE5,CH33,-47.53,1,0.474,test,2
2,23,NODE6,CH33,-50.09,1,0.443,test,2
2,23,NODE7,CH33,-41.89,1,0.742,test,2
2,23,NODE8,CH33,-38.77,1,0.803,test,2
2,23,NODE1,CH34,-95.77,0,0.0,test,2
2,23,NODE2,CH34,-96.31,0,0.399,test,2
2,23,NODE3,CH34,-88.51,0,0.484,test,2
2,23,NODE4,CH34,-97.77,0,0.79,test,2
2,23,NODE5,CH34,-100.55,0,0.362,test,2
2,23,NODE6,CH34,-93.32,0,0.441,test,2
2,23,NODE7,CH34,-99.3,0,0.77,test,2
2,23,NODE8,CH34,-100.63,0,0.788,test,2
2,23,NODE1,CH35,-41.8,1,0.665,test,2
2,23,NODE2,CH35,-51.73,1,0.404,test,2
2,23,NODE3,CH35,-48.7,1,0.468,test,2
2,23,NODE4,CH35,-38.95,1,0.741,test,2
2,23,NODE5,CH35,-46.92,1,0.389,test,2
2,23,NODE6,CH35,-48.33,1,0.436,test,2
2,23,NODE7,CH35,-42.34,1,0.724,test,2
2,23,NODE8,CH35,-40.26,1,0.806,test,2
2,23,NODE1,CH36,-97.64,0,0.698,test,2
2,23,NODE2,CH36,-99.83,0,0.415,test,2
2,23,NODE3,CH36,-95.96,0,0.475,test,2
2,23,NODE4,CH36,-105.22,0,0.764,test,2
2,23,NODE5,CH36,-98.31,0,0.383,test,2
2,23,NODE6,CH36,-98.98,0,0.393,test,2
2,23,NODE7,CH36,-91.02,0,0.73,test,2
2,23,NODE8,CH36,-100.93,0,0.779,test,2
2,23,NODE1,CH37,-102.51,0,0.641,test,2
2,23,NODE2,CH37,-98.51,0,0.448,test,2
2,23,NODE3,CH37,-102.56,0,0.0,test,2
2,23,NODE4,CH37,-97.38,0,0.769,test,2
2,23,NODE5,CH37,-100.29,0,0.42,test,2
2,23,NODE6,CH37,-96.12,0,0.424,test,2
2,23,NODE7,CH37,-93.96,0,0.72,test,2
2,23,NODE8,CH37,-95.16,0,0.775,test,2
2,23,NODE1,CH38,-97.8,0,0.667,test,2
2,23,NODE2,CH38,-96.36,0,0.414,test,2
2,23,NODE3,CH38,-94.01,0,0.485,test,2
2,23,NODE4,CH38,-96.53,0,0.8,test,2
2,23,NODE5,CH38,-101.76,0,0.391,test,2
2,23,NODE6,CH38,-96.28,0,0.42,test,2
2,23,NODE7,CH38,-90.73,0,0.725,test,2
2,23,NODE8,CH38,-97.85,0,0.801,test,2
2,23,NODE1,CH39,-97.3,0,0.721,test,2
2,23,NODE2,CH39,-100.64,0,0.387,test,2
2,23,NODE3,CH39,-98.8,0,0.59,test,2
2,23,NODE4,CH39,-96.71,0,0.735,test,2
2,23,NODE5,CH39,-96.21,0,0.405,test,2
2,23,NODE6,CH39,-99.44,0,0.408,test,2
2,23,NODE7,CH39,-95.83,0,0.735,test,2
2,23,NODE8,CH39,-92.52,0,0.791,test,2
2,23,NODE1,CH40,-96.22,0,0.71,test,2
2,23,NODE2,CH40,-100.08,0,0.437,test,2
2,23,NODE3,CH40,-100.08,0,0.497,test,2
2,23,NODE4,CH40,-98.68,0,0.756,test,2
2,23,NODE5,CH40,-96.73,0,0.399,test,2
2,23,NODE6,CH40,-103.77,0,0.479,test,2
2,23,NODE7,CH40,-92.11,0,0.722,test,2
2,23,NODE8,CH40,-89.07,0,0.817,test,2
